mes,marca,segmento,division,familia,tipo,fuente,unidades,share_mercado
2026-01,AION,AUTOMOVILES,HB,UT,Real,Desalmacenado real,3.0,0.0005857087075361187
2026-01,AION,SUV,SIN DEFINIR,V,Real,Desalmacenado real,2.0,0.0003904724716907458
2026-01,AION,SUV,SIN DEFINIR,Y,Real,Desalmacenado real,1.0,0.0001952362358453729
2026-01,ANKAI,BUS,SIN DEFINIR,HFF6130GZ-5,Real,Desalmacenado real,1.0,0.0001952362358453729
2026-01,AUDI,AUTOMOVILES,HB,A3,Real,Desalmacenado real,1.0,0.0001952362358453729
2026-01,AUDI,AUTOMOVILES,SD,A5,Real,Desalmacenado real,1.0,0.0001952362358453729
2026-01,AUDI,AUTOMOVILES,SD,S3,Real,Desalmacenado real,1.0,0.0001952362358453729
2026-01,AUDI,SUV,LARGE,SQ7,Real,Desalmacenado real,2.0,0.0003904724716907458
2026-01,AUDI,SUV,SIN DEFINIR,Q2,Real,Desalmacenado real,3.0,0.0005857087075361187
2026-01,AUDI,SUV,SIN DEFINIR,Q3,Real,Desalmacenado real,23.0,0.004490433424443577
2026-01,AUDI,SUV,SIN DEFINIR,Q4 E-TRON,Real,Desalmacenado real,1.0,0.0001952362358453729
2026-01,AUDI,SUV,SIN DEFINIR,Q5,Real,Desalmacenado real,4.0,0.0007809449433814916
2026-01,AUDI,SUV,SIN DEFINIR,Q5 E-TRON,Real,Desalmacenado real,1.0,0.0001952362358453729
2026-01,AUDI,SUV,SIN DEFINIR,Q6 E-TRON,Real,Desalmacenado real,3.0,0.0005857087075361187
2026-01,AVATR,SUV,SIN DEFINIR,11,Real,Desalmacenado real,4.0,0.0007809449433814916
2026-01,B.M.W.,AUTOMOVILES,HB,118,Real,Desalmacenado real,1.0,0.0001952362358453729
2026-01,B.M.W.,AUTOMOVILES,SD,218,Real,Desalmacenado real,2.0,0.0003904724716907458
2026-01,B.M.W.,AUTOMOVILES,SD,320,Real,Desalmacenado real,2.0,0.0003904724716907458
2026-01,B.M.W.,AUTOMOVILES,SD,420,Real,Desalmacenado real,1.0,0.0001952362358453729
2026-01,B.M.W.,AUTOMOVILES,SD,520I,Real,Desalmacenado real,1.0,0.0001952362358453729
2026-01,B.M.W.,AUTOMOVILES,SD,M240,Real,Desalmacenado real,1.0,0.0001952362358453729
2026-01,B.M.W.,SUV,LARGE,X6,Real,Desalmacenado real,8.0,0.0015618898867629833
2026-01,B.M.W.,SUV,LARGE,X7,Real,Desalmacenado real,2.0,0.0003904724716907458
2026-01,B.M.W.,SUV,SIN DEFINIR,IX,Real,Desalmacenado real,1.0,0.0001952362358453729
2026-01,B.M.W.,SUV,SIN DEFINIR,IX1,Real,Desalmacenado real,13.0,0.0025380710659898475
2026-01,B.M.W.,SUV,SIN DEFINIR,IX2,Real,Desalmacenado real,5.0,0.0009761811792268645
2026-01,B.M.W.,SUV,SIN DEFINIR,IX3,Real,Desalmacenado real,1.0,0.0001952362358453729
2026-01,B.M.W.,SUV,SIN DEFINIR,X1,Real,Desalmacenado real,18.0,0.003514252245216712
2026-01,B.M.W.,SUV,SIN DEFINIR,X3,Real,Desalmacenado real,25.0,0.004880905896134323
2026-01,B.M.W.,SUV,SIN DEFINIR,X4,Real,Desalmacenado real,9.0,0.001757126122608356
2026-01,B.M.W.,SUV,SIN DEFINIR,X5,Real,Desalmacenado real,11.0,0.002147598594299102
2026-01,BAIC,SUV,SIN DEFINIR,BJ30,Real,Desalmacenado real,2.0,0.0003904724716907458
2026-01,BAIC,SUV,SIN DEFINIR,X3,Real,Desalmacenado real,24.0,0.004685669660288949
2026-01,BAIC,SUV,SIN DEFINIR,X5,Real,Desalmacenado real,10.0,0.001952362358453729
2026-01,BAIC,SUV,SMALL,BJ40 EV,Real,Desalmacenado real,3.0,0.0005857087075361187
2026-01,BAIC,SUV,SMALL,BJ41,Real,Desalmacenado real,2.0,0.0003904724716907458
2026-01,BYD,AUTOMOVILES,HB,DOLPHIN,Real,Desalmacenado real,2.0,0.0003904724716907458
2026-01,BYD,AUTOMOVILES,HB,SEAGULL,Real,Desalmacenado real,20.0,0.003904724716907458
2026-01,BYD,SUV,MEDIUM,SEALION,Real,Desalmacenado real,5.0,0.0009761811792268645
2026-01,BYD,SUV,SIN DEFINIR,S1 PRO EV,Real,Desalmacenado real,16.0,0.0031237797735259665
2026-01,BYD,SUV,SIN DEFINIR,SONG PRO EV,Real,Desalmacenado real,1.0,0.0001952362358453729
2026-01,BYD,SUV,SIN DEFINIR,TANG,Real,Desalmacenado real,3.0,0.0005857087075361187
2026-01,BYD,SUV,SIN DEFINIR,YUAN PLUS EV,Real,Desalmacenado real,2.0,0.0003904724716907458
2026-01,CADILLAC,SUV,LARGE,ESCALADE,Real,Desalmacenado real,5.0,0.0009761811792268645
2026-01,CHANGAN,AUTOMOVILES,HB,LUMIN,Real,Desalmacenado real,3.0,0.0005857087075361187
2026-01,CHANGAN,PICK-UP,MEDIUM,HUNTER,Real,Desalmacenado real,3.0,0.0005857087075361187
2026-01,CHANGAN,PICK-UP,MEDIUM,HUNTER EV,Real,Desalmacenado real,4.0,0.0007809449433814916
2026-01,CHANGAN,SUV,MEDIUM,CS 75,Real,Desalmacenado real,2.0,0.0003904724716907458
2026-01,CHANGAN,SUV,SIN DEFINIR,CS 15,Real,Desalmacenado real,9.0,0.001757126122608356
2026-01,CHANGAN,SUV,SIN DEFINIR,CS 55,Real,Desalmacenado real,40.0,0.007809449433814916
2026-01,CHANGAN,SUV,SIN DEFINIR,CS35,Real,Desalmacenado real,45.0,0.008785630613041781
2026-01,CHANGAN,SUV,SIN DEFINIR,S05,Real,Desalmacenado real,33.0,0.0064427957828973054
2026-01,CHANGAN,SUV,SIN DEFINIR,UNI-K,Real,Desalmacenado real,1.0,0.0001952362358453729
2026-01,CHANGAN,SUV,SIN DEFINIR,UNI-T,Real,Desalmacenado real,3.0,0.0005857087075361187
2026-01,CHERY,PICK-UP,MEDIUM,HIMLA,Real,Desalmacenado real,20.0,0.003904724716907458
2026-01,CHERY,SUV,SIN DEFINIR,FULWIN X3,Real,Desalmacenado real,2.0,0.0003904724716907458
2026-01,CHERY,SUV,SIN DEFINIR,ICAR 03,Real,Desalmacenado real,76.0,0.01483795392424834
2026-01,CHERY,SUV,SIN DEFINIR,TIGGO 2,Real,Desalmacenado real,59.0,0.011518937914877
2026-01,CHERY,SUV,SIN DEFINIR,TIGGO 4,Real,Desalmacenado real,26.0,0.005076142131979695
2026-01,CHERY,SUV,SIN DEFINIR,TIGGO 7,Real,Desalmacenado real,29.0,0.005661850839515814
2026-01,CHERY,SUV,SIN DEFINIR,TIGGO 8,Real,Desalmacenado real,11.0,0.002147598594299102
2026-01,CHEVROLET,AUTOMOVILES,HB,AVEO HB,Real,Desalmacenado real,4.0,0.0007809449433814916
2026-01,CHEVROLET,AUTOMOVILES,SD,AVEO,Real,Desalmacenado real,1.0,0.0001952362358453729
2026-01,CHEVROLET,PANEL,SIN DEFINIR,N400,Real,Desalmacenado real,16.0,0.0031237797735259665
2026-01,CHEVROLET,PICK-UP,LARGE,SILVERADO,Real,Desalmacenado real,25.0,0.004880905896134323
2026-01,CHEVROLET,PICK-UP,MEDIUM,COLORADO,Real,Desalmacenado real,10.0,0.001952362358453729
2026-01,CHEVROLET,SUV,LARGE,SUBURBAN,Real,Desalmacenado real,3.0,0.0005857087075361187
2026-01,CHEVROLET,SUV,LARGE,TAHOE,Real,Desalmacenado real,43.0,0.008395158141351035
2026-01,CHEVROLET,SUV,LARGE,TRAVERSE,Real,Desalmacenado real,5.0,0.0009761811792268645
2026-01,CHEVROLET,SUV,MEDIUM,TRAIL BLAZER,Real,Desalmacenado real,2.0,0.0003904724716907458
2026-01,CHEVROLET,SUV,SIN DEFINIR,CAPTIVA,Real,Desalmacenado real,1.0,0.0001952362358453729
2026-01,CHEVROLET,SUV,SIN DEFINIR,GROOVE,Real,Desalmacenado real,19.0,0.003709488481062085
2026-01,CHEVROLET,SUV,SIN DEFINIR,TRACKER,Real,Desalmacenado real,17.0,0.0033190160093713394
2026-01,CHEVROLET,SUV,SIN DEFINIR,TRAX,Real,Desalmacenado real,1.0,0.0001952362358453729
2026-01,CITROEN,AUTOMOVILES,HB,C3 HB,Real,Desalmacenado real,2.0,0.0003904724716907458
2026-01,CITROEN,PANEL,SIN DEFINIR,BERLINGO,Real,Desalmacenado real,8.0,0.0015618898867629833
2026-01,CITROEN,PANEL,SIN DEFINIR,JUMPER,Real,Desalmacenado real,1.0,0.0001952362358453729
2026-01,CITROEN,PANEL,SIN DEFINIR,JUMPY,Real,Desalmacenado real,2.0,0.0003904724716907458
2026-01,CITROEN,SUV,SIN DEFINIR,BASALT,Real,Desalmacenado real,1.0,0.0001952362358453729
2026-01,CLW,CAMIONES,[2] LIVIANO [LD],CLW5030,Real,Desalmacenado real,1.0,0.0001952362358453729
2026-01,DAYUN,CAMIONES,[4] PESADO [HD],CGC4251,Real,Desalmacenado real,2.0,0.0003904724716907458
2026-01,DAYUN,CAMIONES,[4] PESADO [HD],DYK5310,Real,Desalmacenado real,1.0,0.0001952362358453729
2026-01,DAYUN,CAMIONES,[4] PESADO [HD],DYX1310,Real,Desalmacenado real,12.0,0.0023428348301444747
2026-01,DFSK,MICROBUS,SIN DEFINIR,C37,Real,Desalmacenado real,1.0,0.0001952362358453729
2026-01,DFSK,PANEL,SIN DEFINIR,C35,Real,Desalmacenado real,4.0,0.0007809449433814916
2026-01,DFSK,SUV,SIN DEFINIR,E5,Real,Desalmacenado real,4.0,0.0007809449433814916
2026-01,DFSK,SUV,SIN DEFINIR,GLORY 500,Real,Desalmacenado real,5.0,0.0009761811792268645
2026-01,DFSK,SUV,SIN DEFINIR,GLORY 560,Real,Desalmacenado real,3.0,0.0005857087075361187
2026-01,DFSK,SUV,SIN DEFINIR,GLORY 580,Real,Desalmacenado real,1.0,0.0001952362358453729
2026-01,DONGFENG,AUTOMOVILES,HB,NAMMI 01,Real,Desalmacenado real,25.0,0.004880905896134323
2026-01,DONGFENG,PICK-UP,MEDIUM,RICH,Real,Desalmacenado real,12.0,0.0023428348301444747
2026-01,DONGFENG,SUV,SIN DEFINIR,MAGE,Real,Desalmacenado real,2.0,0.0003904724716907458
2026-01,DONGFENG,SUV,SIN DEFINIR,NAMMI 06,Real,Desalmacenado real,100.0,0.01952362358453729
2026-01,DONGFENG I,CAMIONES,SIN DEFINIR,DF116,Real,Desalmacenado real,1.0,0.0001952362358453729
2026-01,DONGFENG I,CAMIONES,[3] MEDIANO [MD],DF310,Real,Desalmacenado real,1.0,0.0001952362358453729
2026-01,DONGFENG I,CAMIONES,[3] MEDIANO [MD],DLQ5090TQZ3 (CA,Real,Desalmacenado real,1.0,0.0001952362358453729
2026-01,DONGFENG I,MICROBUS,SIN DEFINIR,DF3050P,Real,Desalmacenado real,1.0,0.0001952362358453729
2026-01,DONGFENG I,PICK-UP,MEDIUM,P22,Real,Desalmacenado real,2.0,0.0003904724716907458
2026-01,FANGCHENGBAO,SUV,MEDIUM,TAI 7,Real,Desalmacenado real,2.0,0.0003904724716907458
2026-01,FANGCHENGBAO,SUV,SIN DEFINIR,BAO 3,Real,Desalmacenado real,16.0,0.0031237797735259665
2026-01,FAW,CAMIONES,SIN DEFINIR,TIGER,Real,Desalmacenado real,13.0,0.0025380710659898475
2026-01,FAW I,PASAJEROS,SIN DEFINIR,BESTUNE E05,Real,Desalmacenado real,1.0,0.0001952362358453729
2026-01,FAW I,SUV,SIN DEFINIR,JOYFUL 03,Real,Desalmacenado real,20.0,0.003904724716907458
2026-01,FIAT,PANEL,SIN DEFINIR,DUCATO,Real,Desalmacenado real,1.0,0.0001952362358453729
2026-01,FORD,PICK-UP,LARGE,F150,Real,Desalmacenado real,7.0,0.0013666536509176104
2026-01,FORD,PICK-UP,LARGE,F150 LIGHTNING,Real,Desalmacenado real,1.0,0.0001952362358453729
2026-01,FORD,PICK-UP,LARGE,F350,Real,Desalmacenado real,4.0,0.0007809449433814916
2026-01,FORD,PICK-UP,LARGE,F550,Real,Desalmacenado real,8.0,0.0015618898867629833
2026-01,FORD,PICK-UP,MEDIUM,RANGER,Real,Desalmacenado real,14.0,0.002733307301835221
2026-01,FORD,SUV,LARGE,EXPEDITION,Real,Desalmacenado real,3.0,0.0005857087075361187
2026-01,FORD,SUV,SIN DEFINIR,BRONCO SPORT,Real,Desalmacenado real,15.0,0.0029285435376805937
2026-01,FORD,SUV,SIN DEFINIR,TERRITORY,Real,Desalmacenado real,36.0,0.007028504490433424
2026-01,FORD,SUV,SMALL,EVEREST,Real,Desalmacenado real,7.0,0.0013666536509176104
2026-01,FORLAND,CAMIONES,SIN DEFINIR,F2500,Real,Desalmacenado real,14.0,0.002733307301835221
2026-01,FORLAND,CAMIONES,SIN DEFINIR,F300 PRO,Real,Desalmacenado real,3.0,0.0005857087075361187
2026-01,FORLAND,CAMIONES,SIN DEFINIR,F5000,Real,Desalmacenado real,5.0,0.0009761811792268645
2026-01,FORLAND,CAMIONES,SIN DEFINIR,F6000,Real,Desalmacenado real,5.0,0.0009761811792268645
2026-01,FORLAND,CAMIONES,[3] MEDIANO [MD],V3000 L5E D90,Real,Desalmacenado real,1.0,0.0001952362358453729
2026-01,FORLAND,CAMIONES,[4] PESADO [HD],V6000 L7 D120,Real,Desalmacenado real,1.0,0.0001952362358453729
2026-01,FOTON,MICROBUS,SIN DEFINIR,GRAND EVIEW,Real,Desalmacenado real,6.0,0.0011714174150722373
2026-01,FOTON,MICROBUS,SIN DEFINIR,TOANO,Real,Desalmacenado real,2.0,0.0003904724716907458
2026-01,FOTON,MICROBUS,SIN DEFINIR,VIEW,Real,Desalmacenado real,1.0,0.0001952362358453729
2026-01,FOTON,PICK-UP,MEDIUM,TUNLAND,Real,Desalmacenado real,9.0,0.001757126122608356
2026-01,FOTON I,CAMIONES,SIN DEFINIR,AUMAN,Real,Desalmacenado real,9.0,0.001757126122608356
2026-01,FOTON I,CAMIONES,SIN DEFINIR,AUMARK,Real,Desalmacenado real,10.0,0.001952362358453729
2026-01,FOTON I,CAMIONES,SIN DEFINIR,M2,Real,Desalmacenado real,1.0,0.0001952362358453729
2026-01,FOTON I,CAMIONES,SIN DEFINIR,TM,Real,Desalmacenado real,1.0,0.0001952362358453729
2026-01,FOTON I,CAMIONES,SIN DEFINIR,WONDER,Real,Desalmacenado real,1.0,0.0001952362358453729
2026-01,FOTON I,MICROBUS,SIN DEFINIR,BJ6816,Real,Desalmacenado real,6.0,0.0011714174150722373
2026-01,FOTON II,CAMIONES,SIN DEFINIR,AUMAN,Real,Desalmacenado real,25.0,0.004880905896134323
2026-01,FOTON II,CAMIONES,[4] PESADO [HD],BJ3259DLPKB-1,Real,Desalmacenado real,5.0,0.0009761811792268645
2026-01,FOTON II,CAMIONES,[4] PESADO [HD],BJ3319DMPKC-AB,Real,Desalmacenado real,60.0,0.011714174150722375
2026-01,FREIGHTLINER,CAMIONES,SIN DEFINIR,114 SD,Real,Desalmacenado real,13.0,0.0025380710659898475
2026-01,FREIGHTLINER,CAMIONES,SIN DEFINIR,CASCADIA,Real,Desalmacenado real,4.0,0.0007809449433814916
2026-01,FREIGHTLINER,CAMIONES,SIN DEFINIR,M2 106,Real,Desalmacenado real,6.0,0.0011714174150722373
2026-01,FUSO,CAMIONES,SIN DEFINIR,CANTER,Real,Desalmacenado real,19.0,0.003709488481062085
2026-01,GAC,PASAJEROS,SIN DEFINIR,M6,Real,Desalmacenado real,1.0,0.0001952362358453729
2026-01,GAC,SUV,MEDIUM,GS8,Real,Desalmacenado real,1.0,0.0001952362358453729
2026-01,GAC,SUV,SIN DEFINIR,GS3,Real,Desalmacenado real,1.0,0.0001952362358453729
2026-01,GAC,SUV,SIN DEFINIR,GS4,Real,Desalmacenado real,2.0,0.0003904724716907458
2026-01,GEELY,PANEL,SIN DEFINIR,FARIZON V5E,Real,Desalmacenado real,3.0,0.0005857087075361187
2026-01,GEELY,PANEL,SIN DEFINIR,FARIZON V6E,Real,Desalmacenado real,8.0,0.0015618898867629833
2026-01,GEELY,PICK-UP,MEDIUM,RIDDARA RD6,Real,Desalmacenado real,41.0,0.008004685669660288
2026-01,GEELY,SUV,SIN DEFINIR,COOLRAY,Real,Desalmacenado real,69.0,0.01347130027333073
2026-01,GEELY,SUV,SIN DEFINIR,EX5,Real,Desalmacenado real,67.0,0.013080827801639985
2026-01,GEELY,SUV,SIN DEFINIR,GEOME,Real,Desalmacenado real,56.0,0.010933229207340883
2026-01,GEELY,SUV,SIN DEFINIR,GX3,Real,Desalmacenado real,43.0,0.008395158141351035
2026-01,GEELY,SUV,SIN DEFINIR,STARRAY,Real,Desalmacenado real,31.0,0.00605232331120656
2026-01,GEELY,SUV,SMALL,OKAVANGO,Real,Desalmacenado real,9.0,0.001757126122608356
2026-01,GREATWALL,PICK-UP,MEDIUM,POER,Real,Desalmacenado real,7.0,0.0013666536509176104
2026-01,GREATWALL,PICK-UP,MEDIUM,WINGLE,Real,Desalmacenado real,5.0,0.0009761811792268645
2026-01,GREATWALL I,SUV,LARGE,TANK 500,Real,Desalmacenado real,5.0,0.0009761811792268645
2026-01,GREATWALL I,SUV,SMALL,TANK 300 HEV,Real,Desalmacenado real,2.0,0.0003904724716907458
2026-01,GROVE,CAMIONES,[4] PESADO [HD],TMC250,Real,Desalmacenado real,1.0,0.0001952362358453729
2026-01,HAVAL,SUV,MEDIUM,H9,Real,Desalmacenado real,5.0,0.0009761811792268645
2026-01,HAVAL,SUV,SIN DEFINIR,H6,Real,Desalmacenado real,6.0,0.0011714174150722373
2026-01,HAVAL,SUV,SIN DEFINIR,JOLION,Real,Desalmacenado real,3.0,0.0005857087075361187
2026-01,HIGER,BUSETAS,SIN DEFINIR,KLQ6540,Real,Desalmacenado real,2.0,0.0003904724716907458
2026-01,HIGER,BUSETAS,SIN DEFINIR,KLQ6600,Real,Desalmacenado real,1.0,0.0001952362358453729
2026-01,HIGER,BUSETAS,SIN DEFINIR,KLQ6886,Real,Desalmacenado real,1.0,0.0001952362358453729
2026-01,HINO,CAMIONES,SIN DEFINIR,FC9JJSA,Real,Desalmacenado real,3.0,0.0005857087075361187
2026-01,HINO,CAMIONES,SIN DEFINIR,FG8JP7A,Real,Desalmacenado real,4.0,0.0007809449433814916
2026-01,HINO,CAMIONES,SIN DEFINIR,FM8JR7A,Real,Desalmacenado real,4.0,0.0007809449433814916
2026-01,HINO,CAMIONES,SIN DEFINIR,GD8JLSA,Real,Desalmacenado real,4.0,0.0007809449433814916
2026-01,HINO,CAMIONES,SIN DEFINIR,LY230L,Real,Desalmacenado real,14.0,0.002733307301835221
2026-01,HINO,CAMIONES,SIN DEFINIR,SS1EKVA,Real,Desalmacenado real,2.0,0.0003904724716907458
2026-01,HINO,CAMIONES,SIN DEFINIR,XZU600L,Real,Desalmacenado real,25.0,0.004880905896134323
2026-01,HINO,CAMIONES,SIN DEFINIR,XZU650L,Real,Desalmacenado real,3.0,0.0005857087075361187
2026-01,HINO,CAMIONES,SIN DEFINIR,XZU710L,Real,Desalmacenado real,14.0,0.002733307301835221
2026-01,HINO,CAMIONES,SIN DEFINIR,XZU720L,Real,Desalmacenado real,1.0,0.0001952362358453729
2026-01,HINO,CAMIONES,SIN DEFINIR,XZU730L,Real,Desalmacenado real,2.0,0.0003904724716907458
2026-01,HONDA,AUTOMOVILES,HB,CIVIC,Real,Desalmacenado real,1.0,0.0001952362358453729
2026-01,HONDA,SUV,MEDIUM,PILOT,Real,Desalmacenado real,5.0,0.0009761811792268645
2026-01,HONDA,SUV,SIN DEFINIR,CR-V,Real,Desalmacenado real,21.0,0.004099960952752831
2026-01,HONDA,SUV,SIN DEFINIR,CR-V HEV,Real,Desalmacenado real,1.0,0.0001952362358453729
2026-01,HONDA,SUV,SIN DEFINIR,ENP2,Real,Desalmacenado real,3.0,0.0005857087075361187
2026-01,HONDA,SUV,SIN DEFINIR,HR-V,Real,Desalmacenado real,9.0,0.001757126122608356
2026-01,HONDA,SUV,SIN DEFINIR,NS-1,Real,Desalmacenado real,5.0,0.0009761811792268645
2026-01,HYPER,AUTOMOVILES,SD,GT560,Real,Desalmacenado real,1.0,0.0001952362358453729
2026-01,HYPER,SUV,MEDIUM,HT,Real,Desalmacenado real,1.0,0.0001952362358453729
2026-01,HYUNDAI,AUTOMOVILES,HB,I10 HB,Real,Desalmacenado real,7.0,0.0013666536509176104
2026-01,HYUNDAI,AUTOMOVILES,SD,ACCENT,Real,Desalmacenado real,1.0,0.0001952362358453729
2026-01,HYUNDAI,AUTOMOVILES,SD,I10 SD,Real,Desalmacenado real,27.0,0.005271378367825068
2026-01,HYUNDAI,BUSETAS,SIN DEFINIR,COUNTY,Real,Desalmacenado real,4.0,0.0007809449433814916
2026-01,HYUNDAI,CAMIONES,SIN DEFINIR,EX6 MIGHTY,Real,Desalmacenado real,2.0,0.0003904724716907458
2026-01,HYUNDAI,CAMIONES,SIN DEFINIR,H100,Real,Desalmacenado real,6.0,0.0011714174150722373
2026-01,HYUNDAI,MICROBUS,SIN DEFINIR,STARIA,Real,Desalmacenado real,9.0,0.001757126122608356
2026-01,HYUNDAI,SUV,SIN DEFINIR,CRETA,Real,Desalmacenado real,37.0,0.007223740726278798
2026-01,HYUNDAI,SUV,SIN DEFINIR,CRETA GRAND,Real,Desalmacenado real,11.0,0.002147598594299102
2026-01,HYUNDAI,SUV,SIN DEFINIR,KONA,Real,Desalmacenado real,5.0,0.0009761811792268645
2026-01,HYUNDAI,SUV,SIN DEFINIR,SANTA FE,Real,Desalmacenado real,4.0,0.0007809449433814916
2026-01,HYUNDAI,SUV,SIN DEFINIR,TUCSON,Real,Desalmacenado real,62.0,0.01210464662241312
2026-01,HYUNDAI,SUV,SIN DEFINIR,VENUE,Real,Desalmacenado real,36.0,0.007028504490433424
2026-01,INTERNATIONAL,CAMIONES,SIN DEFINIR,SERIE HV,Real,Desalmacenado real,5.0,0.0009761811792268645
2026-01,ISUZU,CAMIONES,SIN DEFINIR,FRR,Real,Desalmacenado real,13.0,0.0025380710659898475
2026-01,ISUZU,CAMIONES,SIN DEFINIR,FTR,Real,Desalmacenado real,2.0,0.0003904724716907458
2026-01,ISUZU,CAMIONES,SIN DEFINIR,FVZ,Real,Desalmacenado real,4.0,0.0007809449433814916
2026-01,ISUZU,CAMIONES,SIN DEFINIR,GIGA,Real,Desalmacenado real,1.0,0.0001952362358453729
2026-01,ISUZU,CAMIONES,SIN DEFINIR,M100,Real,Desalmacenado real,3.0,0.0005857087075361187
2026-01,ISUZU,CAMIONES,SIN DEFINIR,NKR - ELF,Real,Desalmacenado real,1.0,0.0001952362358453729
2026-01,ISUZU,CAMIONES,SIN DEFINIR,NLR,Real,Desalmacenado real,6.0,0.0011714174150722373
2026-01,ISUZU,CAMIONES,SIN DEFINIR,NMR,Real,Desalmacenado real,9.0,0.001757126122608356
2026-01,ISUZU,CAMIONES,SIN DEFINIR,NPR,Real,Desalmacenado real,8.0,0.0015618898867629833
2026-01,ISUZU,CAMIONES,SIN DEFINIR,NPS,Real,Desalmacenado real,5.0,0.0009761811792268645
2026-01,ISUZU,CAMIONES,SIN DEFINIR,NQR,Real,Desalmacenado real,6.0,0.0011714174150722373
2026-01,ISUZU,CAMIONES,SIN DEFINIR,NZR,Real,Desalmacenado real,4.0,0.0007809449433814916
2026-01,ISUZU,CAMIONES,SIN DEFINIR,QLR77,Real,Desalmacenado real,23.0,0.004490433424443577
2026-01,ISUZU,PICK-UP,MEDIUM,D-MAX,Real,Desalmacenado real,46.0,0.008980866848887154
2026-01,ISUZU,SUV,SMALL,MU-X,Real,Desalmacenado real,2.0,0.0003904724716907458
2026-01,IVECO,BUS,SIN DEFINIR,GRAN V,Real,Desalmacenado real,1.0,0.0001952362358453729
2026-01,IVECO,CAMIONES,SIN DEFINIR,EUROCARGO ML16,Real,Desalmacenado real,3.0,0.0005857087075361187
2026-01,IVECO,CAMIONES,SIN DEFINIR,TECTOR,Real,Desalmacenado real,2.0,0.0003904724716907458
2026-01,IVECO,MICROBUS,SIN DEFINIR,DAILY,Real,Desalmacenado real,1.0,0.0001952362358453729
2026-01,JAC,AUTOMOVILES,HB,E30X,Real,Desalmacenado real,15.0,0.0029285435376805937
2026-01,JAC,PICK-UP,MEDIUM,T8,Real,Desalmacenado real,13.0,0.0025380710659898475
2026-01,JAC,SUV,MEDIUM,JS8,Real,Desalmacenado real,1.0,0.0001952362358453729
2026-01,JAC,SUV,SIN DEFINIR,JS2,Real,Desalmacenado real,7.0,0.0013666536509176104
2026-01,JAC I,CAMIONES,SIN DEFINIR,HFC1012K,Real,Desalmacenado real,2.0,0.0003904724716907458
2026-01,JAC I,CAMIONES,SIN DEFINIR,HFC1035K,Real,Desalmacenado real,18.0,0.003514252245216712
2026-01,JAC I,CAMIONES,SIN DEFINIR,HFC1042,Real,Desalmacenado real,11.0,0.002147598594299102
2026-01,JAC I,CAMIONES,SIN DEFINIR,N75,Real,Desalmacenado real,6.0,0.0011714174150722373
2026-01,JAC I,CAMIONES,SIN DEFINIR,N90,Real,Desalmacenado real,8.0,0.0015618898867629833
2026-01,JAC I,MICROBUS,SIN DEFINIR,SUNRAY,Real,Desalmacenado real,3.0,0.0005857087075361187
2026-01,JAECOO,SUV,SIN DEFINIR,J5,Real,Desalmacenado real,13.0,0.0025380710659898475
2026-01,JEEP,PICK-UP,LARGE,GLADIATOR,Real,Desalmacenado real,1.0,0.0001952362358453729
2026-01,JEEP,SUV,MEDIUM,GRAND CHEROKEE,Real,Desalmacenado real,1.0,0.0001952362358453729
2026-01,JEEP,SUV,SIN DEFINIR,AVENGER,Real,Desalmacenado real,3.0,0.0005857087075361187
2026-01,JEEP,SUV,SIN DEFINIR,COMPASS,Real,Desalmacenado real,6.0,0.0011714174150722373
2026-01,JEEP,SUV,SIN DEFINIR,RENEGADE,Real,Desalmacenado real,2.0,0.0003904724716907458
2026-01,JEEP,SUV,SMALL,WRANGLER,Real,Desalmacenado real,1.0,0.0001952362358453729
2026-01,JETOUR,SUV,SIN DEFINIR,DASHING,Real,Desalmacenado real,1.0,0.0001952362358453729
2026-01,JETOUR,SUV,SIN DEFINIR,X50,Real,Desalmacenado real,2.0,0.0003904724716907458
2026-01,JETOUR,SUV,SMALL,T1,Real,Desalmacenado real,1.0,0.0001952362358453729
2026-01,JMC,CAMIONES,SIN DEFINIR,JX1031,Real,Desalmacenado real,4.0,0.0007809449433814916
2026-01,JMC,CAMIONES,SIN DEFINIR,JX1044,Real,Desalmacenado real,10.0,0.001952362358453729
2026-01,JMC,CAMIONES,SIN DEFINIR,JX1054,Real,Desalmacenado real,12.0,0.0023428348301444747
2026-01,JMC,MICROBUS,SIN DEFINIR,TOURING BUS,Real,Desalmacenado real,1.0,0.0001952362358453729
2026-01,JMC,PICK-UP,MEDIUM,GRAND AVENUE,Real,Desalmacenado real,22.0,0.004295197188598204
2026-01,JOYLONG,MICROBUS,SIN DEFINIR,A6,Real,Desalmacenado real,1.0,0.0001952362358453729
2026-01,KAIYI,SUV,SIN DEFINIR,X3,Real,Desalmacenado real,14.0,0.002733307301835221
2026-01,KAIYI,SUV,SIN DEFINIR,X7,Real,Desalmacenado real,4.0,0.0007809449433814916
2026-01,KARRY,MICROBUS,SIN DEFINIR,Q22L,Real,Desalmacenado real,12.0,0.0023428348301444747
2026-01,KENWORTH,CAMIONES,SIN DEFINIR,T800 - T880,Real,Desalmacenado real,1.0,0.0001952362358453729
2026-01,KGE,BUS,SIN DEFINIR,URBANO,Real,Desalmacenado real,7.0,0.0013666536509176104
2026-01,KIA,AUTOMOVILES,HB,K3 HB,Real,Desalmacenado real,15.0,0.0029285435376805937
2026-01,KIA,AUTOMOVILES,HB,PICANTO HB,Real,Desalmacenado real,6.0,0.0011714174150722373
2026-01,KIA,AUTOMOVILES,SD,SOLUTO,Real,Desalmacenado real,30.0,0.005857087075361187
2026-01,KIA,CAMIONES,SIN DEFINIR,K2500,Real,Desalmacenado real,61.0,0.011909410386567747
2026-01,KIA,PASAJEROS,SIN DEFINIR,CARNIVAL,Real,Desalmacenado real,1.0,0.0001952362358453729
2026-01,KIA,PICK-UP,MEDIUM,TASMAN,Real,Desalmacenado real,10.0,0.001952362358453729
2026-01,KIA,SUV,SIN DEFINIR,EV3,Real,Desalmacenado real,2.0,0.0003904724716907458
2026-01,KIA,SUV,SIN DEFINIR,EV5,Real,Desalmacenado real,20.0,0.003904724716907458
2026-01,KIA,SUV,SIN DEFINIR,SELTOS,Real,Desalmacenado real,25.0,0.004880905896134323
2026-01,KIA,SUV,SIN DEFINIR,SONET,Real,Desalmacenado real,10.0,0.001952362358453729
2026-01,KIA,SUV,SMALL,SORENTO,Real,Desalmacenado real,6.0,0.0011714174150722373
2026-01,KING LONG,MICROBUS,SIN DEFINIR,XMQ,Real,Desalmacenado real,20.0,0.003904724716907458
2026-01,LAND ROVER,SUV,LARGE,DEFENDER,Real,Desalmacenado real,10.0,0.001952362358453729
2026-01,LAND ROVER,SUV,LARGE,DISCOVERY,Real,Desalmacenado real,2.0,0.0003904724716907458
2026-01,LAND ROVER,SUV,LARGE,RANGE ROVER,Real,Desalmacenado real,1.0,0.0001952362358453729
2026-01,LAND ROVER,SUV,LARGE,RANGE ROVER SPORT,Real,Desalmacenado real,5.0,0.0009761811792268645
2026-01,LAND ROVER,SUV,SIN DEFINIR,DISCOVERY SPORT,Real,Desalmacenado real,1.0,0.0001952362358453729
2026-01,LEXUS,SUV,LARGE,GX,Real,Desalmacenado real,4.0,0.0007809449433814916
2026-01,LEXUS,SUV,LARGE,LX 700H,Real,Desalmacenado real,3.0,0.0005857087075361187
2026-01,LEXUS,SUV,LARGE,LX DSL,Real,Desalmacenado real,2.0,0.0003904724716907458
2026-01,LEXUS,SUV,SIN DEFINIR,LBX,Real,Desalmacenado real,7.0,0.0013666536509176104
2026-01,LEXUS,SUV,SIN DEFINIR,NX HEV,Real,Desalmacenado real,6.0,0.0011714174150722373
2026-01,LEXUS,SUV,SIN DEFINIR,RX HEV,Real,Desalmacenado real,6.0,0.0011714174150722373
2026-01,LYNK & CO,AUTOMOVILES,SD,03,Real,Desalmacenado real,1.0,0.0001952362358453729
2026-01,M.G.,AUTOMOVILES,HB,MG 4,Real,Desalmacenado real,1.0,0.0001952362358453729
2026-01,M.G.,SUV,SIN DEFINIR,ZS,Real,Desalmacenado real,1.0,0.0001952362358453729
2026-01,MAHINDRA,PICK-UP,MEDIUM,PIK UP,Real,Desalmacenado real,1.0,0.0001952362358453729
2026-01,MAHINDRA,SUV,SIN DEFINIR,XUV300,Real,Desalmacenado real,1.0,0.0001952362358453729
2026-01,MAXUS,MICROBUS,SIN DEFINIR,DELIVERY 9,Real,Desalmacenado real,8.0,0.0015618898867629833
2026-01,MAXUS,PANEL,SIN DEFINIR,DELIVERY 9,Real,Desalmacenado real,3.0,0.0005857087075361187
2026-01,MAXUS,PASAJEROS,SIN DEFINIR,G 10,Real,Desalmacenado real,1.0,0.0001952362358453729
2026-01,MAXUS,PICK-UP,MEDIUM,T60,Real,Desalmacenado real,5.0,0.0009761811792268645
2026-01,MAXUS,SUV,SIN DEFINIR,D90,Real,Desalmacenado real,2.0,0.0003904724716907458
2026-01,MAZDA,AUTOMOVILES,SD,MX5,Real,Desalmacenado real,2.0,0.0003904724716907458
2026-01,MAZDA,PICK-UP,MEDIUM,BT50,Real,Desalmacenado real,2.0,0.0003904724716907458
2026-01,MAZDA,SUV,MEDIUM,CX-90,Real,Desalmacenado real,2.0,0.0003904724716907458
2026-01,MAZDA,SUV,SIN DEFINIR,CX-30,Real,Desalmacenado real,12.0,0.0023428348301444747
2026-01,MAZDA,SUV,SIN DEFINIR,CX-5,Real,Desalmacenado real,35.0,0.006833268254588051
2026-01,MAZDA,SUV,SIN DEFINIR,CX-60,Real,Desalmacenado real,3.0,0.0005857087075361187
2026-01,MERCEDES BENZ,AUTOMOVILES,SD,CLE 53,Real,Desalmacenado real,3.0,0.0005857087075361187
2026-01,MERCEDES BENZ,BUS,SIN DEFINIR,TORINO OF-1724/59,Real,Desalmacenado real,2.0,0.0003904724716907458
2026-01,MERCEDES BENZ,CAMIONES,SIN DEFINIR,ACTROS,Real,Desalmacenado real,1.0,0.0001952362358453729
2026-01,MERCEDES BENZ,MICROBUS,SIN DEFINIR,SPRINTER,Real,Desalmacenado real,1.0,0.0001952362358453729
2026-01,MERCEDES BENZ,SUV,LARGE,G450,Real,Desalmacenado real,1.0,0.0001952362358453729
2026-01,MERCEDES BENZ,SUV,LARGE,G580,Real,Desalmacenado real,1.0,0.0001952362358453729
2026-01,MERCEDES BENZ,SUV,SIN DEFINIR,EQA,Real,Desalmacenado real,1.0,0.0001952362358453729
2026-01,MERCEDES BENZ,SUV,SIN DEFINIR,EQE,Real,Desalmacenado real,1.0,0.0001952362358453729
2026-01,MERCEDES BENZ,SUV,SIN DEFINIR,GLA200,Real,Desalmacenado real,2.0,0.0003904724716907458
2026-01,MERCEDES BENZ,SUV,SIN DEFINIR,GLC200,Real,Desalmacenado real,5.0,0.0009761811792268645
2026-01,MERCEDES BENZ,SUV,SIN DEFINIR,GLC43,Real,Desalmacenado real,1.0,0.0001952362358453729
2026-01,MINI,AUTOMOVILES,HB,COOPER,Real,Desalmacenado real,3.0,0.0005857087075361187
2026-01,MINI,AUTOMOVILES,HB,JOHN COOPER WORKS,Real,Desalmacenado real,2.0,0.0003904724716907458
2026-01,MINI,SUV,SIN DEFINIR,ACEMAN,Real,Desalmacenado real,2.0,0.0003904724716907458
2026-01,MINI,SUV,SIN DEFINIR,COUNTRYMAN,Real,Desalmacenado real,1.0,0.0001952362358453729
2026-01,MITSUBISHI,BUSETAS,SIN DEFINIR,ROSA,Real,Desalmacenado real,1.0,0.0001952362358453729
2026-01,MITSUBISHI,PASAJEROS,SIN DEFINIR,XPANDER,Real,Desalmacenado real,6.0,0.0011714174150722373
2026-01,MITSUBISHI,PICK-UP,MEDIUM,L200,Real,Desalmacenado real,52.0,0.01015228426395939
2026-01,MITSUBISHI,SUV,SIN DEFINIR,ECLIPSE CROSS,Real,Desalmacenado real,93.0,0.01815696993361968
2026-01,MITSUBISHI,SUV,SIN DEFINIR,OUTLANDER,Real,Desalmacenado real,16.0,0.0031237797735259665
2026-01,MITSUBISHI,SUV,SIN DEFINIR,OUTLANDER SPORT,Real,Desalmacenado real,60.0,0.011714174150722375
2026-01,MITSUBISHI,SUV,SMALL,MONTERO SPORT,Real,Desalmacenado real,7.0,0.0013666536509176104
2026-01,NISSAN,AUTOMOVILES,SD,N7,Real,Desalmacenado real,1.0,0.0001952362358453729
2026-01,NISSAN,AUTOMOVILES,SD,VERSA,Real,Desalmacenado real,1.0,0.0001952362358453729
2026-01,NISSAN,MICROBUS,SIN DEFINIR,URVAN,Real,Desalmacenado real,4.0,0.0007809449433814916
2026-01,NISSAN,PICK-UP,MEDIUM,FRONTIER,Real,Desalmacenado real,173.0,0.03377586880124951
2026-01,NISSAN,SUV,MEDIUM,PATHFINDER,Real,Desalmacenado real,5.0,0.0009761811792268645
2026-01,NISSAN,SUV,SIN DEFINIR,KICKS,Real,Desalmacenado real,93.0,0.01815696993361968
2026-01,NISSAN,SUV,SIN DEFINIR,MAGNITE,Real,Desalmacenado real,31.0,0.00605232331120656
2026-01,NISSAN,SUV,SIN DEFINIR,QASHQAI,Real,Desalmacenado real,20.0,0.003904724716907458
2026-01,NISSAN,SUV,SIN DEFINIR,X-TRAIL,Real,Desalmacenado real,34.0,0.006638032018742679
2026-01,NISSAN,SUV,SIN DEFINIR,X-TRAIL E-POWER,Real,Desalmacenado real,68.0,0.013276064037485357
2026-01,OMODA,SUV,SIN DEFINIR,C5,Real,Desalmacenado real,39.0,0.007614213197969543
2026-01,OMODA,SUV,SIN DEFINIR,C7,Real,Desalmacenado real,1.0,0.0001952362358453729
2026-01,PEUGEOT,PASAJEROS,SIN DEFINIR,RIFTER,Real,Desalmacenado real,2.0,0.0003904724716907458
2026-01,PEUGEOT,PICK-UP,MEDIUM,LANDTREK,Real,Desalmacenado real,13.0,0.0025380710659898475
2026-01,PEUGEOT,SUV,SMALL,5008,Real,Desalmacenado real,3.0,0.0005857087075361187
2026-01,PORSCHE,SUV,LARGE,CAYENNE,Real,Desalmacenado real,2.0,0.0003904724716907458
2026-01,PORSCHE,SUV,SIN DEFINIR,MACAN,Real,Desalmacenado real,1.0,0.0001952362358453729
2026-01,PORSCHE,SUV,SIN DEFINIR,MACAN EV,Real,Desalmacenado real,4.0,0.0007809449433814916
2026-01,POWERPLUS,CAMIONES,[4] PESADO [HD],PD680TC-III,Real,Desalmacenado real,4.0,0.0007809449433814916
2026-01,RAM,PICK-UP,LARGE,RAM 1500,Real,Desalmacenado real,12.0,0.0023428348301444747
2026-01,RAM,PICK-UP,LARGE,RAM 2500,Real,Desalmacenado real,1.0,0.0001952362358453729
2026-01,RAM,PICK-UP,LARGE,RAM 3500,Real,Desalmacenado real,2.0,0.0003904724716907458
2026-01,RAM,PICK-UP,SMALL,RAM 700,Real,Desalmacenado real,9.0,0.001757126122608356
2026-01,RENAULT,SUV,SIN DEFINIR,ARKANA HEV,Real,Desalmacenado real,7.0,0.0013666536509176104
2026-01,RENAULT,SUV,SIN DEFINIR,KOLEOS,Real,Desalmacenado real,2.0,0.0003904724716907458
2026-01,SAGMOTO,CAMIONES,SIN DEFINIR,X9,Real,Desalmacenado real,1.0,0.0001952362358453729
2026-01,SANY,CAMIONES,[3] MEDIANO [MD],SYZ420C,Real,Desalmacenado real,14.0,0.002733307301835221
2026-01,SANY,CAMIONES,[4] PESADO [HD],HQC42593S,Real,Desalmacenado real,1.0,0.0001952362358453729
2026-01,SANY,CAMIONES,[4] PESADO [HD],SY39 RZ5-165,Real,Desalmacenado real,1.0,0.0001952362358453729
2026-01,SCANIA,CAMIONES,SIN DEFINIR,P460,Real,Desalmacenado real,1.0,0.0001952362358453729
2026-01,SHACMAN,CAMIONES,SIN DEFINIR,X3000,Real,Desalmacenado real,1.0,0.0001952362358453729
2026-01,SHACMAN,CAMIONES,[4] PESADO [HD],SX32556V384C,Real,Desalmacenado real,1.0,0.0001952362358453729
2026-01,SHACMAN,CAMIONES,[4] PESADO [HD],SX33156V306C,Real,Desalmacenado real,2.0,0.0003904724716907458
2026-01,SHACMAN,CAMIONES,[4] PESADO [HD],SX5255GJB6R384C,Real,Desalmacenado real,1.0,0.0001952362358453729
2026-01,SINOTRUK,CAMIONES,SIN DEFINIR,HOWO,Real,Desalmacenado real,3.0,0.0005857087075361187
2026-01,SINOTRUK,CAMIONES,SIN DEFINIR,SITRAK,Real,Desalmacenado real,17.0,0.0033190160093713394
2026-01,SINOTRUK,PICK-UP,MEDIUM,BOLDEN,Real,Desalmacenado real,6.0,0.0011714174150722373
2026-01,SOUEAST,SUV,SIN DEFINIR,S07,Real,Desalmacenado real,2.0,0.0003904724716907458
2026-01,SSANG YONG,SUV,SIN DEFINIR,TORRES,Real,Desalmacenado real,1.0,0.0001952362358453729
2026-01,SSANG YONG,SUV,SMALL,REXTON,Real,Desalmacenado real,4.0,0.0007809449433814916
2026-01,SUBARU,SUV,SIN DEFINIR,CROSSTREK,Real,Desalmacenado real,1.0,0.0001952362358453729
2026-01,SUBARU,SUV,SIN DEFINIR,FORESTER,Real,Desalmacenado real,7.0,0.0013666536509176104
2026-01,SUZUKI,AUTOMOVILES,HB,BALENO,Real,Desalmacenado real,5.0,0.0009761811792268645
2026-01,SUZUKI,AUTOMOVILES,HB,CELERIO HB,Real,Desalmacenado real,3.0,0.0005857087075361187
2026-01,SUZUKI,AUTOMOVILES,HB,S-PRESSO,Real,Desalmacenado real,17.0,0.0033190160093713394
2026-01,SUZUKI,AUTOMOVILES,HB,SWIFT HB,Real,Desalmacenado real,69.0,0.01347130027333073
2026-01,SUZUKI,AUTOMOVILES,SD,SWIFT D-ZIRE,Real,Desalmacenado real,4.0,0.0007809449433814916
2026-01,SUZUKI,PANEL,SIN DEFINIR,APV,Real,Desalmacenado real,22.0,0.004295197188598204
2026-01,SUZUKI,PANEL,SIN DEFINIR,EECO,Real,Desalmacenado real,7.0,0.0013666536509176104
2026-01,SUZUKI,PASAJEROS,SIN DEFINIR,XL7,Real,Desalmacenado real,6.0,0.0011714174150722373
2026-01,SUZUKI,SUV,SIN DEFINIR,FRONX,Real,Desalmacenado real,80.0,0.015618898867629832
2026-01,SUZUKI,SUV,SIN DEFINIR,GRAND VITARA,Real,Desalmacenado real,67.0,0.013080827801639985
2026-01,SUZUKI,SUV,SIN DEFINIR,JIMNY,Real,Desalmacenado real,110.0,0.021475985942991018
2026-01,SWM,SUV,SIN DEFINIR,G01,Real,Desalmacenado real,2.0,0.0003904724716907458
2026-01,TESLA,PICK-UP,LARGE,CYBERTRUCK,Real,Desalmacenado real,1.0,0.0001952362358453729
2026-01,TESLA,SUV,SIN DEFINIR,MODEL Y,Real,Desalmacenado real,4.0,0.0007809449433814916
2026-01,TOYOTA,AUTOMOVILES,HB,AGYA,Real,Desalmacenado real,11.0,0.002147598594299102
2026-01,TOYOTA,AUTOMOVILES,HB,YARIS GR,Real,Desalmacenado real,1.0,0.0001952362358453729
2026-01,TOYOTA,AUTOMOVILES,SD,BZ3,Real,Desalmacenado real,5.0,0.0009761811792268645
2026-01,TOYOTA,AUTOMOVILES,SD,YARIS SD,Real,Desalmacenado real,38.0,0.00741897696212417
2026-01,TOYOTA,BUSETAS,SIN DEFINIR,COASTER,Real,Desalmacenado real,1.0,0.0001952362358453729
2026-01,TOYOTA,MICROBUS,SIN DEFINIR,HIACE,Real,Desalmacenado real,21.0,0.004099960952752831
2026-01,TOYOTA,PANEL,SIN DEFINIR,HIACE,Real,Desalmacenado real,2.0,0.0003904724716907458
2026-01,TOYOTA,PANEL,SIN DEFINIR,LITE ACE,Real,Desalmacenado real,23.0,0.004490433424443577
2026-01,TOYOTA,PASAJEROS,SIN DEFINIR,AVANZA,Real,Desalmacenado real,3.0,0.0005857087075361187
2026-01,TOYOTA,PICK-UP,LARGE,TUNDRA,Real,Desalmacenado real,1.0,0.0001952362358453729
2026-01,TOYOTA,PICK-UP,MEDIUM,HI-LUX,Real,Desalmacenado real,286.0,0.05583756345177665
2026-01,TOYOTA,PICK-UP,MEDIUM,LAND CRUISER PK,Real,Desalmacenado real,1.0,0.0001952362358453729
2026-01,TOYOTA,SUV,LARGE,LAND CRUISER 300,Real,Desalmacenado real,9.0,0.001757126122608356
2026-01,TOYOTA,SUV,LARGE,SEQUOIA HEV,Real,Desalmacenado real,1.0,0.0001952362358453729
2026-01,TOYOTA,SUV,MEDIUM,4RUNNER,Real,Desalmacenado real,23.0,0.004490433424443577
2026-01,TOYOTA,SUV,MEDIUM,4RUNNER HEV,Real,Desalmacenado real,1.0,0.0001952362358453729
2026-01,TOYOTA,SUV,MEDIUM,HIGHLANDER HEV,Real,Desalmacenado real,1.0,0.0001952362358453729
2026-01,TOYOTA,SUV,MEDIUM,LAND CRUISER LX,Real,Desalmacenado real,2.0,0.0003904724716907458
2026-01,TOYOTA,SUV,MEDIUM,PRADO,Real,Desalmacenado real,109.0,0.021280749707145646
2026-01,TOYOTA,SUV,SIN DEFINIR,COROLLA CROSS,Real,Desalmacenado real,2.0,0.0003904724716907458
2026-01,TOYOTA,SUV,SIN DEFINIR,RAIZE,Real,Desalmacenado real,84.0,0.016399843811011325
2026-01,TOYOTA,SUV,SIN DEFINIR,RAV4,Real,Desalmacenado real,203.0,0.0396329558766107
2026-01,TOYOTA,SUV,SIN DEFINIR,RAV4 HV,Real,Desalmacenado real,21.0,0.004099960952752831
2026-01,TOYOTA,SUV,SIN DEFINIR,RUSH,Real,Desalmacenado real,8.0,0.0015618898867629833
2026-01,TOYOTA,SUV,SIN DEFINIR,YARIS CROSS,Real,Desalmacenado real,138.0,0.02694260054666146
2026-01,TOYOTA,SUV,SIN DEFINIR,YARIS CROSS HV,Real,Desalmacenado real,2.0,0.0003904724716907458
2026-01,TOYOTA,SUV,SMALL,FORTUNER,Real,Desalmacenado real,88.0,0.017180788754392814
2026-01,UD,CAMIONES,SIN DEFINIR,QUESTER,Real,Desalmacenado real,1.0,0.0001952362358453729
2026-01,VGV,SUV,SIN DEFINIR,U70-U75,Real,Desalmacenado real,9.0,0.001757126122608356
2026-01,VOLKSWAGEN,AUTOMOVILES,SD,JETTA,Real,Desalmacenado real,1.0,0.0001952362358453729
2026-01,VOLKSWAGEN,PICK-UP,MEDIUM,AMAROK,Real,Desalmacenado real,2.0,0.0003904724716907458
2026-01,VOLKSWAGEN,PICK-UP,SMALL,SAVEIRO,Real,Desalmacenado real,1.0,0.0001952362358453729
2026-01,VOLKSWAGEN,SUV,SIN DEFINIR,ID.4,Real,Desalmacenado real,2.0,0.0003904724716907458
2026-01,VOLKSWAGEN,SUV,SIN DEFINIR,ID.UNYX,Real,Desalmacenado real,1.0,0.0001952362358453729
2026-01,VOLKSWAGEN,SUV,SIN DEFINIR,NIVUS,Real,Desalmacenado real,2.0,0.0003904724716907458
2026-01,VOLKSWAGEN,SUV,SIN DEFINIR,TERA,Real,Desalmacenado real,8.0,0.0015618898867629833
2026-01,VOLKSWAGEN,SUV,SIN DEFINIR,TIGUAN,Real,Desalmacenado real,13.0,0.0025380710659898475
2026-01,VOLVO,BUS,SIN DEFINIR,B430R,Real,Desalmacenado real,2.0,0.0003904724716907458
2026-01,VOLVO,BUS,SIN DEFINIR,B450R,Real,Desalmacenado real,2.0,0.0003904724716907458
2026-01,VOLVO,SUV,MEDIUM,EX90,Real,Desalmacenado real,2.0,0.0003904724716907458
2026-01,VOLVO,SUV,MEDIUM,XC90 B6-T8,Real,Desalmacenado real,1.0,0.0001952362358453729
2026-01,VOLVO,SUV,SIN DEFINIR,EX30,Real,Desalmacenado real,5.0,0.0009761811792268645
2026-01,VOLVO,SUV,SIN DEFINIR,XC60 B5-B6,Real,Desalmacenado real,3.0,0.0005857087075361187
2026-01,WULING,PANEL,SIN DEFINIR,EV50,Real,Desalmacenado real,2.0,0.0003904724716907458
2026-01,XPENG,AUTOMOVILES,SD,P7,Real,Desalmacenado real,1.0,0.0001952362358453729
2026-01,ZEEKR,SUV,SIN DEFINIR,7X,Real,Desalmacenado real,27.0,0.005271378367825068
2026-01,ZHONGKE,CAMIONES,[4] PESADO [HD],315,Real,Desalmacenado real,2.0,0.0003904724716907458
2026-01,ZOOMLION,CAMIONES,[4] PESADO [HD],ZAT300V8G,Real,Desalmacenado real,1.0,0.0001952362358453729
2026-01,ZX,PICK-UP,MEDIUM,GRAND LION,Real,Desalmacenado real,1.0,0.0001952362358453729
2026-02,AION,AUTOMOVILES,HB,UT,Real,Desalmacenado real,14.0,0.002539452203881734
2026-02,AION,SUV,SIN DEFINIR,V,Real,Desalmacenado real,32.0,0.005804462180301106
2026-02,AION,SUV,SIN DEFINIR,Y,Real,Desalmacenado real,17.0,0.0030836205332849627
2026-02,ANKAI,BUS,SIN DEFINIR,HFF6130GZ-5,Real,Desalmacenado real,2.0,0.00036277888626881915
2026-02,ARCFOX,AUTOMOVILES,SD,ALPHA S,Real,Desalmacenado real,2.0,0.00036277888626881915
2026-02,ARCFOX,SUV,SIN DEFINIR,ALPHA T,Real,Desalmacenado real,3.0,0.0005441683294032287
2026-02,AUDI,AUTOMOVILES,SD,A5,Real,Desalmacenado real,1.0,0.00018138944313440957
2026-02,AUDI,AUTOMOVILES,SD,S3,Real,Desalmacenado real,1.0,0.00018138944313440957
2026-02,AUDI,SUV,LARGE,Q7,Real,Desalmacenado real,4.0,0.0007255577725376383
2026-02,AUDI,SUV,LARGE,Q8,Real,Desalmacenado real,2.0,0.00036277888626881915
2026-02,AUDI,SUV,SIN DEFINIR,Q2,Real,Desalmacenado real,1.0,0.00018138944313440957
2026-02,AUDI,SUV,SIN DEFINIR,Q3,Real,Desalmacenado real,8.0,0.0014511155450752766
2026-02,AUDI,SUV,SIN DEFINIR,Q4 E-TRON,Real,Desalmacenado real,3.0,0.0005441683294032287
2026-02,AUDI,SUV,SIN DEFINIR,Q5,Real,Desalmacenado real,9.0,0.0016325049882096863
2026-02,AUDI,SUV,SIN DEFINIR,Q6 E-TRON,Real,Desalmacenado real,3.0,0.0005441683294032287
2026-02,AVATR,SUV,SIN DEFINIR,11,Real,Desalmacenado real,4.0,0.0007255577725376383
2026-02,B.M.W.,AUTOMOVILES,SD,218,Real,Desalmacenado real,1.0,0.00018138944313440957
2026-02,B.M.W.,SUV,LARGE,X6,Real,Desalmacenado real,2.0,0.00036277888626881915
2026-02,B.M.W.,SUV,LARGE,X7,Real,Desalmacenado real,2.0,0.00036277888626881915
2026-02,B.M.W.,SUV,SIN DEFINIR,IX,Real,Desalmacenado real,2.0,0.00036277888626881915
2026-02,B.M.W.,SUV,SIN DEFINIR,IX1,Real,Desalmacenado real,23.0,0.0041719571920914205
2026-02,B.M.W.,SUV,SIN DEFINIR,IX2,Real,Desalmacenado real,4.0,0.0007255577725376383
2026-02,B.M.W.,SUV,SIN DEFINIR,X1,Real,Desalmacenado real,18.0,0.0032650099764193726
2026-02,B.M.W.,SUV,SIN DEFINIR,X3,Real,Desalmacenado real,21.0,0.003809178305822601
2026-02,B.M.W.,SUV,SIN DEFINIR,X4,Real,Desalmacenado real,6.0,0.0010883366588064574
2026-02,B.M.W.,SUV,SIN DEFINIR,X5,Real,Desalmacenado real,7.0,0.001269726101940867
2026-02,BAIC,SUV,LARGE,BJ60 EV,Real,Desalmacenado real,4.0,0.0007255577725376383
2026-02,BAIC,SUV,SIN DEFINIR,BJ30,Real,Desalmacenado real,3.0,0.0005441683294032287
2026-02,BAIC,SUV,SIN DEFINIR,X3,Real,Desalmacenado real,5.0,0.0009069472156720479
2026-02,BAIC,SUV,SIN DEFINIR,X5,Real,Desalmacenado real,4.0,0.0007255577725376383
2026-02,BAIC,SUV,SMALL,BJ40,Real,Desalmacenado real,12.0,0.0021766733176129148
2026-02,BAIC,SUV,SMALL,BJ40 EV,Real,Desalmacenado real,7.0,0.001269726101940867
2026-02,BAIC,SUV,SMALL,BJ41,Real,Desalmacenado real,2.0,0.00036277888626881915
2026-02,BAOJUN,SUV,SIN DEFINIR,YUNHAI,Real,Desalmacenado real,3.0,0.0005441683294032287
2026-02,BYD,AUTOMOVILES,HB,DOLPHIN,Real,Desalmacenado real,16.0,0.002902231090150553
2026-02,BYD,AUTOMOVILES,HB,SEAGULL,Real,Desalmacenado real,2.0,0.00036277888626881915
2026-02,BYD,SUV,MEDIUM,SEALION,Real,Desalmacenado real,7.0,0.001269726101940867
2026-02,BYD,SUV,SIN DEFINIR,S1 PRO EV,Real,Desalmacenado real,253.0,0.045891529113005626
2026-02,BYD,SUV,SIN DEFINIR,SONG PRO EV,Real,Desalmacenado real,12.0,0.0021766733176129148
2026-02,BYD,SUV,SIN DEFINIR,TANG,Real,Desalmacenado real,4.0,0.0007255577725376383
2026-02,BYD,SUV,SIN DEFINIR,YUAN PLUS EV,Real,Desalmacenado real,48.0,0.008706693270451659
2026-02,CADILLAC,SUV,LARGE,LYRIQ,Real,Desalmacenado real,1.0,0.00018138944313440957
2026-02,CHANGAN,PICK-UP,MEDIUM,HUNTER,Real,Desalmacenado real,7.0,0.001269726101940867
2026-02,CHANGAN,SUV,SIN DEFINIR,CS 15,Real,Desalmacenado real,12.0,0.0021766733176129148
2026-02,CHANGAN,SUV,SIN DEFINIR,CS 55,Real,Desalmacenado real,31.0,0.005623072737166697
2026-02,CHANGAN,SUV,SIN DEFINIR,CS35,Real,Desalmacenado real,68.0,0.01233448213313985
2026-02,CHANGAN,SUV,SIN DEFINIR,S07,Real,Desalmacenado real,2.0,0.00036277888626881915
2026-02,CHERY,PICK-UP,MEDIUM,HIMLA,Real,Desalmacenado real,22.0,0.0039905677489570105
2026-02,CHERY,SUV,SIN DEFINIR,ICAR 03,Real,Desalmacenado real,81.0,0.014692544893887176
2026-02,CHERY,SUV,SIN DEFINIR,TIGGO 2,Real,Desalmacenado real,64.0,0.011608924360602213
2026-02,CHERY,SUV,SIN DEFINIR,TIGGO 4,Real,Desalmacenado real,34.0,0.006167241066569925
2026-02,CHERY,SUV,SIN DEFINIR,TIGGO 7,Real,Desalmacenado real,29.0,0.005260293850897877
2026-02,CHERY,SUV,SIN DEFINIR,TIGGO 8,Real,Desalmacenado real,21.0,0.003809178305822601
2026-02,CHEVROLET,AUTOMOVILES,HB,AVEO HB,Real,Desalmacenado real,7.0,0.001269726101940867
2026-02,CHEVROLET,AUTOMOVILES,SD,CORVETTE,Real,Desalmacenado real,1.0,0.00018138944313440957
2026-02,CHEVROLET,PANEL,SIN DEFINIR,N400,Real,Desalmacenado real,25.0,0.0045347360783602395
2026-02,CHEVROLET,PICK-UP,LARGE,SILVERADO,Real,Desalmacenado real,25.0,0.0045347360783602395
2026-02,CHEVROLET,PICK-UP,LARGE,SILVERADO EV,Real,Desalmacenado real,2.0,0.00036277888626881915
2026-02,CHEVROLET,PICK-UP,MEDIUM,COLORADO,Real,Desalmacenado real,11.0,0.0019952838744785053
2026-02,CHEVROLET,SUV,LARGE,SUBURBAN,Real,Desalmacenado real,3.0,0.0005441683294032287
2026-02,CHEVROLET,SUV,LARGE,TAHOE,Real,Desalmacenado real,20.0,0.0036277888626881916
2026-02,CHEVROLET,SUV,LARGE,TRAVERSE,Real,Desalmacenado real,3.0,0.0005441683294032287
2026-02,CHEVROLET,SUV,MEDIUM,TRAIL BLAZER,Real,Desalmacenado real,3.0,0.0005441683294032287
2026-02,CHEVROLET,SUV,SIN DEFINIR,GROOVE,Real,Desalmacenado real,74.0,0.013422818791946308
2026-02,CHEVROLET,SUV,SIN DEFINIR,TRACKER,Real,Desalmacenado real,4.0,0.0007255577725376383
2026-02,CHEVROLET,SUV,SIN DEFINIR,TRAX,Real,Desalmacenado real,8.0,0.0014511155450752766
2026-02,CITROEN,AUTOMOVILES,HB,C3 HB,Real,Desalmacenado real,3.0,0.0005441683294032287
2026-02,CITROEN,PANEL,SIN DEFINIR,BERLINGO,Real,Desalmacenado real,5.0,0.0009069472156720479
2026-02,CITROEN,SUV,SIN DEFINIR,BASALT,Real,Desalmacenado real,3.0,0.0005441683294032287
2026-02,CITROEN,SUV,SIN DEFINIR,C3 AIRCROSS,Real,Desalmacenado real,1.0,0.00018138944313440957
2026-02,DFSK,CAMIONES,[1] ULTRA LIVIANO [ULD],C31,Real,Desalmacenado real,1.0,0.00018138944313440957
2026-02,DFSK,MICROBUS,SIN DEFINIR,C37,Real,Desalmacenado real,3.0,0.0005441683294032287
2026-02,DFSK,PANEL,SIN DEFINIR,C35,Real,Desalmacenado real,12.0,0.0021766733176129148
2026-02,DFSK,SUV,SIN DEFINIR,E5,Real,Desalmacenado real,2.0,0.00036277888626881915
2026-02,DFSK,SUV,SIN DEFINIR,GLORY 500,Real,Desalmacenado real,5.0,0.0009069472156720479
2026-02,DFSK,SUV,SIN DEFINIR,GLORY 560,Real,Desalmacenado real,1.0,0.00018138944313440957
2026-02,DFSK,SUV,SIN DEFINIR,GLORY 580,Real,Desalmacenado real,1.0,0.00018138944313440957
2026-02,DONGFENG,PICK-UP,MEDIUM,RICH,Real,Desalmacenado real,6.0,0.0010883366588064574
2026-02,DONGFENG,SUV,SIN DEFINIR,MAGE,Real,Desalmacenado real,2.0,0.00036277888626881915
2026-02,DONGFENG,SUV,SIN DEFINIR,NAMMI 06,Real,Desalmacenado real,150.0,0.027208416470161437
2026-02,DONGFENG I,CAMIONES,SIN DEFINIR,V92-711,Real,Desalmacenado real,1.0,0.00018138944313440957
2026-02,DONGFENG I,CAMIONES,[3] MEDIANO [MD],DF1214,Real,Desalmacenado real,2.0,0.00036277888626881915
2026-02,DONGFENG I,CAMIONES,[3] MEDIANO [MD],DF310,Real,Desalmacenado real,1.0,0.00018138944313440957
2026-02,DONGFENG I,CAMIONES,[3] MEDIANO [MD],DF813,Real,Desalmacenado real,2.0,0.00036277888626881915
2026-02,DONGFENG I,CAMIONES,[4] PESADO [HD],EQ3313GP6,Real,Desalmacenado real,1.0,0.00018138944313440957
2026-02,DONGFENG I,MICROBUS,SIN DEFINIR,DF3050P,Real,Desalmacenado real,1.0,0.00018138944313440957
2026-02,DONGFENG I,PANEL,SIN DEFINIR,DF3050,Real,Desalmacenado real,4.0,0.0007255577725376383
2026-02,DONGFENG I,PANEL,SIN DEFINIR,UVAN,Real,Desalmacenado real,1.0,0.00018138944313440957
2026-02,DONGFENG I,PICK-UP,MEDIUM,P22,Real,Desalmacenado real,3.0,0.0005441683294032287
2026-02,FANGCHENGBAO,SUV,SIN DEFINIR,BAO 3,Real,Desalmacenado real,21.0,0.003809178305822601
2026-02,FAW,CAMIONES,SIN DEFINIR,TIGER,Real,Desalmacenado real,4.0,0.0007255577725376383
2026-02,FIAT,PANEL,SIN DEFINIR,DUCATO,Real,Desalmacenado real,5.0,0.0009069472156720479
2026-02,FORD,MICROBUS,SIN DEFINIR,TRANSIT,Real,Desalmacenado real,1.0,0.00018138944313440957
2026-02,FORD,PICK-UP,LARGE,F150,Real,Desalmacenado real,2.0,0.00036277888626881915
2026-02,FORD,PICK-UP,LARGE,F550,Real,Desalmacenado real,3.0,0.0005441683294032287
2026-02,FORD,PICK-UP,MEDIUM,RANGER,Real,Desalmacenado real,17.0,0.0030836205332849627
2026-02,FORD,SUV,LARGE,EXPEDITION,Real,Desalmacenado real,5.0,0.0009069472156720479
2026-02,FORD,SUV,LARGE,EXPLORER,Real,Desalmacenado real,1.0,0.00018138944313440957
2026-02,FORD,SUV,MEDIUM,BRONCO,Real,Desalmacenado real,1.0,0.00018138944313440957
2026-02,FORD,SUV,SIN DEFINIR,BRONCO SPORT,Real,Desalmacenado real,5.0,0.0009069472156720479
2026-02,FORD,SUV,SIN DEFINIR,TERRITORY,Real,Desalmacenado real,8.0,0.0014511155450752766
2026-02,FORD,SUV,SMALL,EVEREST,Real,Desalmacenado real,13.0,0.0023580627607473247
2026-02,FORLAND,CAMIONES,SIN DEFINIR,F200 PRO,Real,Desalmacenado real,25.0,0.0045347360783602395
2026-02,FORLAND,CAMIONES,SIN DEFINIR,F2500,Real,Desalmacenado real,16.0,0.002902231090150553
2026-02,FORLAND,CAMIONES,SIN DEFINIR,F300 PRO,Real,Desalmacenado real,5.0,0.0009069472156720479
2026-02,FORLAND,CAMIONES,SIN DEFINIR,F4000,Real,Desalmacenado real,12.0,0.0021766733176129148
2026-02,FORLAND,CAMIONES,SIN DEFINIR,F5000,Real,Desalmacenado real,8.0,0.0014511155450752766
2026-02,FORLAND,CAMIONES,SIN DEFINIR,F6000,Real,Desalmacenado real,12.0,0.0021766733176129148
2026-02,FORLAND,CAMIONES,SIN DEFINIR,X4000,Real,Desalmacenado real,6.0,0.0010883366588064574
2026-02,FORLAND,CAMIONES,[3] MEDIANO [MD],V3000 L5E D90,Real,Desalmacenado real,2.0,0.00036277888626881915
2026-02,FORLAND,CAMIONES,[4] PESADO [HD],V6000 L7 D120,Real,Desalmacenado real,2.0,0.00036277888626881915
2026-02,FOTON,CAMIONES,[2] LIVIANO [LD],V1,Real,Desalmacenado real,1.0,0.00018138944313440957
2026-02,FOTON,MICROBUS,SIN DEFINIR,GRAND EVIEW,Real,Desalmacenado real,2.0,0.00036277888626881915
2026-02,FOTON,MICROBUS,SIN DEFINIR,TOANO,Real,Desalmacenado real,2.0,0.00036277888626881915
2026-02,FOTON,MICROBUS,SIN DEFINIR,VIEW,Real,Desalmacenado real,8.0,0.0014511155450752766
2026-02,FOTON,PANEL,SIN DEFINIR,VIEW I7,Real,Desalmacenado real,16.0,0.002902231090150553
2026-02,FOTON,PICK-UP,MEDIUM,TUNLAND,Real,Desalmacenado real,18.0,0.0032650099764193726
2026-02,FOTON I,CAMIONES,SIN DEFINIR,AUMAN,Real,Desalmacenado real,1.0,0.00018138944313440957
2026-02,FOTON I,CAMIONES,SIN DEFINIR,AUMARK,Real,Desalmacenado real,11.0,0.0019952838744785053
2026-02,FOTON I,CAMIONES,SIN DEFINIR,MILER,Real,Desalmacenado real,9.0,0.0016325049882096863
2026-02,FOTON I,CAMIONES,SIN DEFINIR,TM,Real,Desalmacenado real,3.0,0.0005441683294032287
2026-02,FOTON I,CAMIONES,SIN DEFINIR,WONDER,Real,Desalmacenado real,2.0,0.00036277888626881915
2026-02,FOTON I,MICROBUS,SIN DEFINIR,BJ6816,Real,Desalmacenado real,1.0,0.00018138944313440957
2026-02,FOTON II,CAMIONES,[3] MEDIANO [MD],BJ 1065,Real,Desalmacenado real,24.0,0.0043533466352258295
2026-02,FUSO,CAMIONES,SIN DEFINIR,CANTER,Real,Desalmacenado real,24.0,0.0043533466352258295
2026-02,GAC,SUV,SIN DEFINIR,GS4,Real,Desalmacenado real,2.0,0.00036277888626881915
2026-02,GEELY,PANEL,SIN DEFINIR,FARIZON V6E,Real,Desalmacenado real,1.0,0.00018138944313440957
2026-02,GEELY,PICK-UP,MEDIUM,RIDDARA RD6,Real,Desalmacenado real,42.0,0.007618356611645202
2026-02,GEELY,SUV,SIN DEFINIR,COOLRAY,Real,Desalmacenado real,59.0,0.010701977144930165
2026-02,GEELY,SUV,SIN DEFINIR,EX5,Real,Desalmacenado real,97.0,0.01759477598403773
2026-02,GEELY,SUV,SIN DEFINIR,GEOME,Real,Desalmacenado real,73.0,0.013241429348811899
2026-02,GEELY,SUV,SIN DEFINIR,GX3,Real,Desalmacenado real,53.0,0.009613640486123707
2026-02,GEELY,SUV,SIN DEFINIR,STARRAY,Real,Desalmacenado real,21.0,0.003809178305822601
2026-02,GEELY,SUV,SMALL,OKAVANGO,Real,Desalmacenado real,13.0,0.0023580627607473247
2026-02,GREATWALL,PICK-UP,MEDIUM,POER,Real,Desalmacenado real,27.0,0.0048975149646290584
2026-02,GREATWALL,PICK-UP,MEDIUM,WINGLE,Real,Desalmacenado real,11.0,0.0019952838744785053
2026-02,GREATWALL I,SUV,LARGE,TANK 500,Real,Desalmacenado real,12.0,0.0021766733176129148
2026-02,GREATWALL I,SUV,SMALL,TANK 300,Real,Desalmacenado real,2.0,0.00036277888626881915
2026-02,HAVAL,SUV,MEDIUM,H9,Real,Desalmacenado real,2.0,0.00036277888626881915
2026-02,HAVAL,SUV,SIN DEFINIR,H6,Real,Desalmacenado real,8.0,0.0014511155450752766
2026-02,HAVAL,SUV,SIN DEFINIR,JOLION,Real,Desalmacenado real,3.0,0.0005441683294032287
2026-02,HIGER,BUSETAS,SIN DEFINIR,KLQ6540,Real,Desalmacenado real,3.0,0.0005441683294032287
2026-02,HIGER,BUSETAS,SIN DEFINIR,KLQ6600,Real,Desalmacenado real,1.0,0.00018138944313440957
2026-02,HINO,CAMIONES,SIN DEFINIR,FC9JJSA,Real,Desalmacenado real,5.0,0.0009069472156720479
2026-02,HINO,CAMIONES,SIN DEFINIR,FG8JP7A,Real,Desalmacenado real,4.0,0.0007255577725376383
2026-02,HINO,CAMIONES,SIN DEFINIR,GD8JLSA,Real,Desalmacenado real,2.0,0.00036277888626881915
2026-02,HINO,CAMIONES,SIN DEFINIR,LY230L,Real,Desalmacenado real,8.0,0.0014511155450752766
2026-02,HINO,CAMIONES,SIN DEFINIR,XZU600L,Real,Desalmacenado real,15.0,0.0027208416470161437
2026-02,HINO,CAMIONES,SIN DEFINIR,XZU650L,Real,Desalmacenado real,3.0,0.0005441683294032287
2026-02,HINO,CAMIONES,SIN DEFINIR,XZU710L,Real,Desalmacenado real,4.0,0.0007255577725376383
2026-02,HINO,CAMIONES,SIN DEFINIR,XZU720L,Real,Desalmacenado real,10.0,0.0018138944313440958
2026-02,HONDA,PASAJEROS,SIN DEFINIR,ODYSSEY,Real,Desalmacenado real,1.0,0.00018138944313440957
2026-02,HONDA,PICK-UP,MEDIUM,RIDGELINE,Real,Desalmacenado real,2.0,0.00036277888626881915
2026-02,HONDA,SUV,MEDIUM,PILOT,Real,Desalmacenado real,5.0,0.0009069472156720479
2026-02,HONDA,SUV,SIN DEFINIR,CR-V,Real,Desalmacenado real,25.0,0.0045347360783602395
2026-02,HONDA,SUV,SIN DEFINIR,CR-V HEV,Real,Desalmacenado real,2.0,0.00036277888626881915
2026-02,HONDA,SUV,SIN DEFINIR,HR-V,Real,Desalmacenado real,10.0,0.0018138944313440958
2026-02,HYPER,AUTOMOVILES,SD,SSR,Real,Desalmacenado real,1.0,0.00018138944313440957
2026-02,HYPER,SUV,MEDIUM,HT,Real,Desalmacenado real,3.0,0.0005441683294032287
2026-02,HYUNDAI,AUTOMOVILES,HB,I10 HB,Real,Desalmacenado real,14.0,0.002539452203881734
2026-02,HYUNDAI,AUTOMOVILES,SD,ACCENT,Real,Desalmacenado real,2.0,0.00036277888626881915
2026-02,HYUNDAI,AUTOMOVILES,SD,I10 SD,Real,Desalmacenado real,21.0,0.003809178305822601
2026-02,HYUNDAI,BUSETAS,SIN DEFINIR,COUNTY,Real,Desalmacenado real,1.0,0.00018138944313440957
2026-02,HYUNDAI,CAMIONES,SIN DEFINIR,H100,Real,Desalmacenado real,11.0,0.0019952838744785053
2026-02,HYUNDAI,MICROBUS,SIN DEFINIR,STARIA,Real,Desalmacenado real,11.0,0.0019952838744785053
2026-02,HYUNDAI,SUV,MEDIUM,PALISADE HV,Real,Desalmacenado real,3.0,0.0005441683294032287
2026-02,HYUNDAI,SUV,SIN DEFINIR,CRETA,Real,Desalmacenado real,51.0,0.009250861599854889
2026-02,HYUNDAI,SUV,SIN DEFINIR,CRETA GRAND,Real,Desalmacenado real,11.0,0.0019952838744785053
2026-02,HYUNDAI,SUV,SIN DEFINIR,KONA,Real,Desalmacenado real,6.0,0.0010883366588064574
2026-02,HYUNDAI,SUV,SIN DEFINIR,SANTA FE,Real,Desalmacenado real,7.0,0.001269726101940867
2026-02,HYUNDAI,SUV,SIN DEFINIR,TUCSON,Real,Desalmacenado real,55.0,0.009976419372392527
2026-02,HYUNDAI,SUV,SIN DEFINIR,VENUE,Real,Desalmacenado real,22.0,0.0039905677489570105
2026-02,ISUZU,CAMIONES,SIN DEFINIR,ELF,Real,Desalmacenado real,1.0,0.00018138944313440957
2026-02,ISUZU,CAMIONES,SIN DEFINIR,FRR,Real,Desalmacenado real,1.0,0.00018138944313440957
2026-02,ISUZU,CAMIONES,SIN DEFINIR,FTR,Real,Desalmacenado real,4.0,0.0007255577725376383
2026-02,ISUZU,CAMIONES,SIN DEFINIR,FVR,Real,Desalmacenado real,4.0,0.0007255577725376383
2026-02,ISUZU,CAMIONES,SIN DEFINIR,FVZ,Real,Desalmacenado real,9.0,0.0016325049882096863
2026-02,ISUZU,CAMIONES,SIN DEFINIR,NLR,Real,Desalmacenado real,11.0,0.0019952838744785053
2026-02,ISUZU,CAMIONES,SIN DEFINIR,NMR,Real,Desalmacenado real,14.0,0.002539452203881734
2026-02,ISUZU,CAMIONES,SIN DEFINIR,NPR,Real,Desalmacenado real,6.0,0.0010883366588064574
2026-02,ISUZU,CAMIONES,SIN DEFINIR,NPS,Real,Desalmacenado real,5.0,0.0009069472156720479
2026-02,ISUZU,CAMIONES,SIN DEFINIR,NQR,Real,Desalmacenado real,9.0,0.0016325049882096863
2026-02,ISUZU,CAMIONES,SIN DEFINIR,NZR,Real,Desalmacenado real,3.0,0.0005441683294032287
2026-02,ISUZU,CAMIONES,SIN DEFINIR,QLR77,Real,Desalmacenado real,13.0,0.0023580627607473247
2026-02,ISUZU,PICK-UP,MEDIUM,D-MAX,Real,Desalmacenado real,121.0,0.021948122619263558
2026-02,ISUZU,SUV,SMALL,MU-X,Real,Desalmacenado real,12.0,0.0021766733176129148
2026-02,IVECO,BUS,SIN DEFINIR,GRAN V,Real,Desalmacenado real,3.0,0.0005441683294032287
2026-02,IVECO,CAMIONES,SIN DEFINIR,DAILY,Real,Desalmacenado real,1.0,0.00018138944313440957
2026-02,IVECO,CAMIONES,SIN DEFINIR,EUROCARGO ML11,Real,Desalmacenado real,2.0,0.00036277888626881915
2026-02,IVECO,CAMIONES,SIN DEFINIR,EUROCARGO ML16,Real,Desalmacenado real,1.0,0.00018138944313440957
2026-02,IVECO,CAMIONES,SIN DEFINIR,T WAY,Real,Desalmacenado real,1.0,0.00018138944313440957
2026-02,IVECO,CAMIONES,SIN DEFINIR,TECTOR,Real,Desalmacenado real,1.0,0.00018138944313440957
2026-02,JAC,PICK-UP,MEDIUM,T8,Real,Desalmacenado real,14.0,0.002539452203881734
2026-02,JAC,PICK-UP,MEDIUM,T9,Real,Desalmacenado real,6.0,0.0010883366588064574
2026-02,JAC,SUV,SIN DEFINIR,JS2,Real,Desalmacenado real,12.0,0.0021766733176129148
2026-02,JAC I,CAMIONES,SIN DEFINIR,HFC1012K,Real,Desalmacenado real,8.0,0.0014511155450752766
2026-02,JAC I,CAMIONES,SIN DEFINIR,HFC1035K,Real,Desalmacenado real,4.0,0.0007255577725376383
2026-02,JAC I,CAMIONES,SIN DEFINIR,HFC1042,Real,Desalmacenado real,7.0,0.001269726101940867
2026-02,JAC I,CAMIONES,SIN DEFINIR,N90,Real,Desalmacenado real,3.0,0.0005441683294032287
2026-02,JAC I,MICROBUS,SIN DEFINIR,SUNRAY,Real,Desalmacenado real,4.0,0.0007255577725376383
2026-02,JAECOO,SUV,SIN DEFINIR,J5,Real,Desalmacenado real,8.0,0.0014511155450752766
2026-02,JAECOO,SUV,SIN DEFINIR,J7,Real,Desalmacenado real,2.0,0.00036277888626881915
2026-02,JAECOO,SUV,SMALL,J8,Real,Desalmacenado real,7.0,0.001269726101940867
2026-02,JEEP,SUV,SIN DEFINIR,COMPASS,Real,Desalmacenado real,3.0,0.0005441683294032287
2026-02,JEEP,SUV,SMALL,WRANGLER,Real,Desalmacenado real,1.0,0.00018138944313440957
2026-02,JETOUR,SUV,SIN DEFINIR,DASHING,Real,Desalmacenado real,4.0,0.0007255577725376383
2026-02,JETOUR,SUV,SIN DEFINIR,X50,Real,Desalmacenado real,10.0,0.0018138944313440958
2026-02,JETOUR,SUV,SIN DEFINIR,X70,Real,Desalmacenado real,15.0,0.0027208416470161437
2026-02,JETOUR,SUV,SMALL,T1,Real,Desalmacenado real,4.0,0.0007255577725376383
2026-02,JETOUR,SUV,SMALL,T2,Real,Desalmacenado real,3.0,0.0005441683294032287
2026-02,JMC,CAMIONES,SIN DEFINIR,JX1031,Real,Desalmacenado real,1.0,0.00018138944313440957
2026-02,JMC,CAMIONES,SIN DEFINIR,JX1044,Real,Desalmacenado real,2.0,0.00036277888626881915
2026-02,JMC,CAMIONES,SIN DEFINIR,JX1054,Real,Desalmacenado real,4.0,0.0007255577725376383
2026-02,JMC,CAMIONES,SIN DEFINIR,N601,Real,Desalmacenado real,1.0,0.00018138944313440957
2026-02,JMC,CAMIONES,SIN DEFINIR,N822,Real,Desalmacenado real,12.0,0.0021766733176129148
2026-02,JMC,PICK-UP,MEDIUM,GRAND AVENUE,Real,Desalmacenado real,8.0,0.0014511155450752766
2026-02,JMC,PICK-UP,MEDIUM,VIGUS,Real,Desalmacenado real,7.0,0.001269726101940867
2026-02,KAIYI,SUV,SIN DEFINIR,X3,Real,Desalmacenado real,51.0,0.009250861599854889
2026-02,KAIYI,SUV,SIN DEFINIR,X7,Real,Desalmacenado real,5.0,0.0009069472156720479
2026-02,KARRY,CAMIONES,[2] LIVIANO [LD],YORY,Real,Desalmacenado real,1.0,0.00018138944313440957
2026-02,KIA,AUTOMOVILES,HB,K3 HB,Real,Desalmacenado real,20.0,0.0036277888626881916
2026-02,KIA,AUTOMOVILES,HB,PICANTO HB,Real,Desalmacenado real,1.0,0.00018138944313440957
2026-02,KIA,AUTOMOVILES,SD,K3 SD,Real,Desalmacenado real,13.0,0.0023580627607473247
2026-02,KIA,AUTOMOVILES,SD,SOLUTO,Real,Desalmacenado real,25.0,0.0045347360783602395
2026-02,KIA,CAMIONES,SIN DEFINIR,K2500,Real,Desalmacenado real,61.0,0.011064756031198985
2026-02,KIA,PICK-UP,MEDIUM,TASMAN,Real,Desalmacenado real,4.0,0.0007255577725376383
2026-02,KIA,SUV,SIN DEFINIR,EV3,Real,Desalmacenado real,2.0,0.00036277888626881915
2026-02,KIA,SUV,SIN DEFINIR,EV5,Real,Desalmacenado real,14.0,0.002539452203881734
2026-02,KIA,SUV,SIN DEFINIR,SELTOS,Real,Desalmacenado real,22.0,0.0039905677489570105
2026-02,KIA,SUV,SIN DEFINIR,SONET,Real,Desalmacenado real,8.0,0.0014511155450752766
2026-02,KIA,SUV,SMALL,SORENTO,Real,Desalmacenado real,3.0,0.0005441683294032287
2026-02,KING LONG,MICROBUS,SIN DEFINIR,XMQ,Real,Desalmacenado real,14.0,0.002539452203881734
2026-02,LAND ROVER,SUV,LARGE,DEFENDER,Real,Desalmacenado real,3.0,0.0005441683294032287
2026-02,LAND ROVER,SUV,LARGE,DISCOVERY,Real,Desalmacenado real,2.0,0.00036277888626881915
2026-02,LAND ROVER,SUV,LARGE,RANGE ROVER,Real,Desalmacenado real,1.0,0.00018138944313440957
2026-02,LAND ROVER,SUV,LARGE,RANGE ROVER SPORT,Real,Desalmacenado real,11.0,0.0019952838744785053
2026-02,LAND ROVER,SUV,SIN DEFINIR,EVOQUE,Real,Desalmacenado real,2.0,0.00036277888626881915
2026-02,LEAPMOTOR,SUV,SIN DEFINIR,B10,Real,Desalmacenado real,4.0,0.0007255577725376383
2026-02,LEAPMOTOR,SUV,SIN DEFINIR,C10,Real,Desalmacenado real,2.0,0.00036277888626881915
2026-02,LEAPMOTOR,SUV,SMALL,C16,Real,Desalmacenado real,1.0,0.00018138944313440957
2026-02,LEXUS,SUV,LARGE,GX,Real,Desalmacenado real,3.0,0.0005441683294032287
2026-02,LEXUS,SUV,LARGE,LX 700H,Real,Desalmacenado real,1.0,0.00018138944313440957
2026-02,LEXUS,SUV,SIN DEFINIR,LBX,Real,Desalmacenado real,3.0,0.0005441683294032287
2026-02,LEXUS,SUV,SIN DEFINIR,NX HEV,Real,Desalmacenado real,2.0,0.00036277888626881915
2026-02,LEXUS,SUV,SIN DEFINIR,RX HEV,Real,Desalmacenado real,3.0,0.0005441683294032287
2026-02,LINCOLN,SUV,SIN DEFINIR,AVIATOR,Real,Desalmacenado real,1.0,0.00018138944313440957
2026-02,LYNK & CO,AUTOMOVILES,SD,03,Real,Desalmacenado real,5.0,0.0009069472156720479
2026-02,LYNK & CO,SUV,SIN DEFINIR,05,Real,Desalmacenado real,6.0,0.0010883366588064574
2026-02,LYNK & CO,SUV,SIN DEFINIR,06,Real,Desalmacenado real,10.0,0.0018138944313440958
2026-02,M.G.,AUTOMOVILES,HB,MG 4,Real,Desalmacenado real,31.0,0.005623072737166697
2026-02,M.G.,SUV,SIN DEFINIR,ONE,Real,Desalmacenado real,14.0,0.002539452203881734
2026-02,M.G.,SUV,SIN DEFINIR,RX,Real,Desalmacenado real,11.0,0.0019952838744785053
2026-02,M.G.,SUV,SIN DEFINIR,ZS,Real,Desalmacenado real,1.0,0.00018138944313440957
2026-02,MAHINDRA,PICK-UP,MEDIUM,PIK UP,Real,Desalmacenado real,2.0,0.00036277888626881915
2026-02,MAHINDRA,SUV,SIN DEFINIR,XUV300,Real,Desalmacenado real,1.0,0.00018138944313440957
2026-02,MAXUS,MICROBUS,SIN DEFINIR,DELIVERY 9,Real,Desalmacenado real,12.0,0.0021766733176129148
2026-02,MAXUS,MICROBUS,SIN DEFINIR,V80,Real,Desalmacenado real,1.0,0.00018138944313440957
2026-02,MAXUS,PANEL,SIN DEFINIR,DELIVERY 9,Real,Desalmacenado real,2.0,0.00036277888626881915
2026-02,MAXUS,PICK-UP,MEDIUM,T60,Real,Desalmacenado real,7.0,0.001269726101940867
2026-02,MAXUS,PICK-UP,MEDIUM,T90,Real,Desalmacenado real,2.0,0.00036277888626881915
2026-02,MAXUS,SUV,SIN DEFINIR,D60,Real,Desalmacenado real,2.0,0.00036277888626881915
2026-02,MAXUS,SUV,SIN DEFINIR,D90,Real,Desalmacenado real,4.0,0.0007255577725376383
2026-02,MAZDA,AUTOMOVILES,SD,MX5,Real,Desalmacenado real,1.0,0.00018138944313440957
2026-02,MAZDA,PICK-UP,MEDIUM,BT50,Real,Desalmacenado real,2.0,0.00036277888626881915
2026-02,MAZDA,SUV,MEDIUM,CX-90,Real,Desalmacenado real,4.0,0.0007255577725376383
2026-02,MAZDA,SUV,SIN DEFINIR,CX-30,Real,Desalmacenado real,17.0,0.0030836205332849627
2026-02,MAZDA,SUV,SIN DEFINIR,CX-5,Real,Desalmacenado real,26.0,0.004716125521494649
2026-02,MAZDA,SUV,SIN DEFINIR,CX-60,Real,Desalmacenado real,6.0,0.0010883366588064574
2026-02,MAZDA,SUV,SIN DEFINIR,EZ-60,Real,Desalmacenado real,3.0,0.0005441683294032287
2026-02,MERCEDES BENZ,BUS,SIN DEFINIR,TORINO OF-1724/59,Real,Desalmacenado real,2.0,0.00036277888626881915
2026-02,MERCEDES BENZ,SUV,LARGE,G450,Real,Desalmacenado real,1.0,0.00018138944313440957
2026-02,MERCEDES BENZ,SUV,LARGE,G63,Real,Desalmacenado real,2.0,0.00036277888626881915
2026-02,MERCEDES BENZ,SUV,SIN DEFINIR,EQA,Real,Desalmacenado real,1.0,0.00018138944313440957
2026-02,MERCEDES BENZ,SUV,SIN DEFINIR,GLB200,Real,Desalmacenado real,1.0,0.00018138944313440957
2026-02,MERCEDES BENZ,SUV,SIN DEFINIR,GLC200,Real,Desalmacenado real,9.0,0.0016325049882096863
2026-02,MERCEDES BENZ,SUV,SIN DEFINIR,GLC43,Real,Desalmacenado real,1.0,0.00018138944313440957
2026-02,MERCEDES BENZ,SUV,SIN DEFINIR,GLE300,Real,Desalmacenado real,5.0,0.0009069472156720479
2026-02,MERCEDES BENZ,SUV,SIN DEFINIR,GLE450,Real,Desalmacenado real,3.0,0.0005441683294032287
2026-02,MINI,AUTOMOVILES,HB,COOPER,Real,Desalmacenado real,1.0,0.00018138944313440957
2026-02,MINI,AUTOMOVILES,HB,JOHN COOPER WORKS,Real,Desalmacenado real,3.0,0.0005441683294032287
2026-02,MITSUBISHI,BUSETAS,SIN DEFINIR,ROSA,Real,Desalmacenado real,1.0,0.00018138944313440957
2026-02,MITSUBISHI,PASAJEROS,SIN DEFINIR,XPANDER,Real,Desalmacenado real,7.0,0.001269726101940867
2026-02,MITSUBISHI,PICK-UP,MEDIUM,L200,Real,Desalmacenado real,65.0,0.011790313803736623
2026-02,MITSUBISHI,SUV,SIN DEFINIR,DESTINATOR,Real,Desalmacenado real,9.0,0.0016325049882096863
2026-02,MITSUBISHI,SUV,SIN DEFINIR,ECLIPSE CROSS,Real,Desalmacenado real,68.0,0.01233448213313985
2026-02,MITSUBISHI,SUV,SIN DEFINIR,OUTLANDER,Real,Desalmacenado real,23.0,0.0041719571920914205
2026-02,MITSUBISHI,SUV,SIN DEFINIR,OUTLANDER SPORT,Real,Desalmacenado real,52.0,0.009432251042989299
2026-02,MITSUBISHI,SUV,SMALL,MONTERO SPORT,Real,Desalmacenado real,38.0,0.006892798839107564
2026-02,NISSAN,AUTOMOVILES,SD,VERSA,Real,Desalmacenado real,1.0,0.00018138944313440957
2026-02,NISSAN,MICROBUS,SIN DEFINIR,URVAN,Real,Desalmacenado real,7.0,0.001269726101940867
2026-02,NISSAN,PICK-UP,MEDIUM,FRONTIER,Real,Desalmacenado real,136.0,0.0246689642662797
2026-02,NISSAN,SUV,SIN DEFINIR,KICKS,Real,Desalmacenado real,90.0,0.016325049882096862
2026-02,NISSAN,SUV,SIN DEFINIR,MAGNITE,Real,Desalmacenado real,56.0,0.010157808815526937
2026-02,NISSAN,SUV,SIN DEFINIR,QASHQAI,Real,Desalmacenado real,25.0,0.0045347360783602395
2026-02,NISSAN,SUV,SIN DEFINIR,X-TRAIL,Real,Desalmacenado real,29.0,0.005260293850897877
2026-02,NISSAN,SUV,SIN DEFINIR,X-TRAIL E-POWER,Real,Desalmacenado real,65.0,0.011790313803736623
2026-02,OMODA,SUV,SIN DEFINIR,C5,Real,Desalmacenado real,75.0,0.013604208235080718
2026-02,OMODA,SUV,SIN DEFINIR,C7,Real,Desalmacenado real,2.0,0.00036277888626881915
2026-02,OSHKOSH,CAMIONES,[3] MEDIANO [MD],STRIKER 4X4,Real,Desalmacenado real,1.0,0.00018138944313440957
2026-02,OSHKOSH,CAMIONES,[4] PESADO [HD],STRIKER 6X6,Real,Desalmacenado real,1.0,0.00018138944313440957
2026-02,PEUGEOT,PASAJEROS,SIN DEFINIR,RIFTER,Real,Desalmacenado real,1.0,0.00018138944313440957
2026-02,PEUGEOT,PICK-UP,MEDIUM,LANDTREK,Real,Desalmacenado real,5.0,0.0009069472156720479
2026-02,PEUGEOT,SUV,SIN DEFINIR,2008,Real,Desalmacenado real,1.0,0.00018138944313440957
2026-02,PEUGEOT,SUV,SIN DEFINIR,2008 BEV,Real,Desalmacenado real,18.0,0.0032650099764193726
2026-02,PEUGEOT,SUV,SIN DEFINIR,3008,Real,Desalmacenado real,7.0,0.001269726101940867
2026-02,PORSCHE,AUTOMOVILES,SD,911,Real,Desalmacenado real,1.0,0.00018138944313440957
2026-02,PORSCHE,SUV,LARGE,CAYENNE,Real,Desalmacenado real,2.0,0.00036277888626881915
2026-02,PORSCHE,SUV,SIN DEFINIR,MACAN EV,Real,Desalmacenado real,1.0,0.00018138944313440957
2026-02,RAM,PICK-UP,LARGE,RAM 1500,Real,Desalmacenado real,8.0,0.0014511155450752766
2026-02,RAM,PICK-UP,LARGE,RAM 1500 HEV,Real,Desalmacenado real,1.0,0.00018138944313440957
2026-02,RAM,PICK-UP,LARGE,RAM 2500,Real,Desalmacenado real,2.0,0.00036277888626881915
2026-02,RAM,PICK-UP,SMALL,RAM 700,Real,Desalmacenado real,8.0,0.0014511155450752766
2026-02,SAGMOTO,CAMIONES,[2] LIVIANO [LD],I9,Real,Desalmacenado real,2.0,0.00036277888626881915
2026-02,SANY,CAMIONES,[3] MEDIANO [MD],SYZ420C,Real,Desalmacenado real,3.0,0.0005441683294032287
2026-02,SANY,CAMIONES,[4] PESADO [HD],SY410C,Real,Desalmacenado real,2.0,0.00036277888626881915
2026-02,SHACMAN,CAMIONES,SIN DEFINIR,F3000,Real,Desalmacenado real,4.0,0.0007255577725376383
2026-02,SINOTRUK,CAMIONES,SIN DEFINIR,HOWO,Real,Desalmacenado real,23.0,0.0041719571920914205
2026-02,SINOTRUK,CAMIONES,SIN DEFINIR,SITRAK,Real,Desalmacenado real,69.0,0.01251587157627426
2026-02,SINOTRUK,PICK-UP,MEDIUM,BOLDEN,Real,Desalmacenado real,9.0,0.0016325049882096863
2026-02,SOUEAST,SUV,SIN DEFINIR,S06,Real,Desalmacenado real,4.0,0.0007255577725376383
2026-02,SOUEAST,SUV,SIN DEFINIR,S07,Real,Desalmacenado real,7.0,0.001269726101940867
2026-02,SOUEAST,SUV,SMALL,S09,Real,Desalmacenado real,1.0,0.00018138944313440957
2026-02,SSANG YONG,SUV,SIN DEFINIR,TORRES,Real,Desalmacenado real,3.0,0.0005441683294032287
2026-02,SSANG YONG,SUV,SMALL,REXTON,Real,Desalmacenado real,1.0,0.00018138944313440957
2026-02,SUBARU,SUV,SIN DEFINIR,CROSSTREK,Real,Desalmacenado real,1.0,0.00018138944313440957
2026-02,SUBARU,SUV,SIN DEFINIR,FORESTER,Real,Desalmacenado real,3.0,0.0005441683294032287
2026-02,SUZUKI,AUTOMOVILES,HB,ALTO,Real,Desalmacenado real,13.0,0.0023580627607473247
2026-02,SUZUKI,AUTOMOVILES,HB,BALENO,Real,Desalmacenado real,16.0,0.002902231090150553
2026-02,SUZUKI,AUTOMOVILES,HB,CELERIO HB,Real,Desalmacenado real,3.0,0.0005441683294032287
2026-02,SUZUKI,AUTOMOVILES,HB,S-PRESSO,Real,Desalmacenado real,12.0,0.0021766733176129148
2026-02,SUZUKI,AUTOMOVILES,HB,SWIFT HB,Real,Desalmacenado real,71.0,0.01287865046254308
2026-02,SUZUKI,AUTOMOVILES,SD,SWIFT D-ZIRE,Real,Desalmacenado real,3.0,0.0005441683294032287
2026-02,SUZUKI,PANEL,SIN DEFINIR,APV,Real,Desalmacenado real,17.0,0.0030836205332849627
2026-02,SUZUKI,PANEL,SIN DEFINIR,EECO,Real,Desalmacenado real,2.0,0.00036277888626881915
2026-02,SUZUKI,PASAJEROS,SIN DEFINIR,XL7,Real,Desalmacenado real,6.0,0.0010883366588064574
2026-02,SUZUKI,SUV,SIN DEFINIR,FRONX,Real,Desalmacenado real,98.0,0.017776165427172138
2026-02,SUZUKI,SUV,SIN DEFINIR,GRAND VITARA,Real,Desalmacenado real,57.0,0.010339198258661347
2026-02,SUZUKI,SUV,SIN DEFINIR,JIMNY,Real,Desalmacenado real,117.0,0.02122256484672592
2026-02,TOYOTA,AUTOMOVILES,HB,AGYA,Real,Desalmacenado real,19.0,0.003446399419553782
2026-02,TOYOTA,AUTOMOVILES,HB,YARIS GR,Real,Desalmacenado real,2.0,0.00036277888626881915
2026-02,TOYOTA,AUTOMOVILES,SD,BZ3,Real,Desalmacenado real,2.0,0.00036277888626881915
2026-02,TOYOTA,AUTOMOVILES,SD,COROLLA HV,Real,Desalmacenado real,3.0,0.0005441683294032287
2026-02,TOYOTA,AUTOMOVILES,SD,YARIS SD,Real,Desalmacenado real,28.0,0.005078904407763468
2026-02,TOYOTA,MICROBUS,SIN DEFINIR,HIACE,Real,Desalmacenado real,24.0,0.0043533466352258295
2026-02,TOYOTA,PANEL,SIN DEFINIR,HIACE,Real,Desalmacenado real,3.0,0.0005441683294032287
2026-02,TOYOTA,PANEL,SIN DEFINIR,LITE ACE,Real,Desalmacenado real,2.0,0.00036277888626881915
2026-02,TOYOTA,PASAJEROS,SIN DEFINIR,AVANZA,Real,Desalmacenado real,1.0,0.00018138944313440957
2026-02,TOYOTA,PICK-UP,LARGE,TUNDRA,Real,Desalmacenado real,1.0,0.00018138944313440957
2026-02,TOYOTA,PICK-UP,MEDIUM,HI-LUX,Real,Desalmacenado real,240.0,0.0435334663522583
2026-02,TOYOTA,PICK-UP,MEDIUM,LAND CRUISER PK,Real,Desalmacenado real,3.0,0.0005441683294032287
2026-02,TOYOTA,PICK-UP,MEDIUM,TACOMA,Real,Desalmacenado real,2.0,0.00036277888626881915
2026-02,TOYOTA,SUV,LARGE,LAND CRUISER 300,Real,Desalmacenado real,12.0,0.0021766733176129148
2026-02,TOYOTA,SUV,MEDIUM,4RUNNER,Real,Desalmacenado real,5.0,0.0009069472156720479
2026-02,TOYOTA,SUV,MEDIUM,LAND CRUISER LX,Real,Desalmacenado real,4.0,0.0007255577725376383
2026-02,TOYOTA,SUV,MEDIUM,PRADO,Real,Desalmacenado real,46.0,0.008343914384182841
2026-02,TOYOTA,SUV,SIN DEFINIR,BZ4X,Real,Desalmacenado real,1.0,0.00018138944313440957
2026-02,TOYOTA,SUV,SIN DEFINIR,BZ5,Real,Desalmacenado real,1.0,0.00018138944313440957
2026-02,TOYOTA,SUV,SIN DEFINIR,COROLLA CROSS,Real,Desalmacenado real,8.0,0.0014511155450752766
2026-02,TOYOTA,SUV,SIN DEFINIR,COROLLA CROSS HV,Real,Desalmacenado real,5.0,0.0009069472156720479
2026-02,TOYOTA,SUV,SIN DEFINIR,RAIZE,Real,Desalmacenado real,85.0,0.015418102666424814
2026-02,TOYOTA,SUV,SIN DEFINIR,RAV4,Real,Desalmacenado real,93.0,0.01686921821150009
2026-02,TOYOTA,SUV,SIN DEFINIR,RAV4 HV,Real,Desalmacenado real,34.0,0.006167241066569925
2026-02,TOYOTA,SUV,SIN DEFINIR,RUSH,Real,Desalmacenado real,8.0,0.0014511155450752766
2026-02,TOYOTA,SUV,SIN DEFINIR,YARIS CROSS,Real,Desalmacenado real,51.0,0.009250861599854889
2026-02,TOYOTA,SUV,SIN DEFINIR,YARIS CROSS HV,Real,Desalmacenado real,3.0,0.0005441683294032287
2026-02,TOYOTA,SUV,SMALL,FORTUNER,Real,Desalmacenado real,81.0,0.014692544893887176
2026-02,VGV,SUV,SIN DEFINIR,U70-U75,Real,Desalmacenado real,53.0,0.009613640486123707
2026-02,VOLKSWAGEN,BUS,SIN DEFINIR,17-260,Real,Desalmacenado real,2.0,0.00036277888626881915
2026-02,VOLKSWAGEN,CAMIONES,SIN DEFINIR,CONSTELLATION,Real,Desalmacenado real,3.0,0.0005441683294032287
2026-02,VOLKSWAGEN,CAMIONES,SIN DEFINIR,DELIVERY,Real,Desalmacenado real,5.0,0.0009069472156720479
2026-02,VOLKSWAGEN,PICK-UP,MEDIUM,AMAROK,Real,Desalmacenado real,4.0,0.0007255577725376383
2026-02,VOLKSWAGEN,PICK-UP,SMALL,SAVEIRO,Real,Desalmacenado real,11.0,0.0019952838744785053
2026-02,VOLKSWAGEN,SUV,SIN DEFINIR,ID.4,Real,Desalmacenado real,1.0,0.00018138944313440957
2026-02,VOLKSWAGEN,SUV,SIN DEFINIR,NIVUS,Real,Desalmacenado real,4.0,0.0007255577725376383
2026-02,VOLKSWAGEN,SUV,SIN DEFINIR,T-CROSS,Real,Desalmacenado real,7.0,0.001269726101940867
2026-02,VOLKSWAGEN,SUV,SIN DEFINIR,TAOS,Real,Desalmacenado real,4.0,0.0007255577725376383
2026-02,VOLKSWAGEN,SUV,SIN DEFINIR,TERA,Real,Desalmacenado real,3.0,0.0005441683294032287
2026-02,VOLKSWAGEN,SUV,SIN DEFINIR,TIGUAN,Real,Desalmacenado real,5.0,0.0009069472156720479
2026-02,VOLVO,SUV,SIN DEFINIR,EX30,Real,Desalmacenado real,9.0,0.0016325049882096863
2026-02,VOLVO,SUV,SIN DEFINIR,XC60 B5-B6,Real,Desalmacenado real,3.0,0.0005441683294032287
2026-02,WULING,PANEL,SIN DEFINIR,EV50,Real,Desalmacenado real,10.0,0.0018138944313440958
2026-02,WULING,PANEL,SIN DEFINIR,YANGGUANG,Real,Desalmacenado real,2.0,0.00036277888626881915
2026-02,WULING,PASAJEROS,SIN DEFINIR,ZENGCHENG,Real,Desalmacenado real,1.0,0.00018138944313440957
2026-02,WULING,PICK-UP,SMALL,RONGGUANG,Real,Desalmacenado real,1.0,0.00018138944313440957
2026-02,XCMG,CAMIONES,[4] PESADO [HD],XGA3251D3WC,Real,Desalmacenado real,1.0,0.00018138944313440957
2026-02,XIAOMI,SUV,SIN DEFINIR,YU7,Real,Desalmacenado real,1.0,0.00018138944313440957
2026-02,XPENG,SUV,MEDIUM,G9,Real,Desalmacenado real,2.0,0.00036277888626881915
2026-02,XPENG,SUV,SIN DEFINIR,G7,Real,Desalmacenado real,1.0,0.00018138944313440957
2026-02,ZEEKR,SUV,SIN DEFINIR,7X,Real,Desalmacenado real,21.0,0.003809178305822601
2026-02,ZOOMLION,CAMIONES,[4] PESADO [HD],ZTC250V5-1,Real,Desalmacenado real,1.0,0.00018138944313440957
2026-03,AIMA,AUTOMOVILES,HB,A05,Real,Desalmacenado real,1.0,0.00016594756057085962
2026-03,AION,AUTOMOVILES,HB,UT,Real,Desalmacenado real,7.0,0.0011616329239960172
2026-03,AION,SUV,SIN DEFINIR,V,Real,Desalmacenado real,18.0,0.002987056090275473
2026-03,AION,SUV,SIN DEFINIR,Y,Real,Desalmacenado real,18.0,0.002987056090275473
2026-03,ANKAI,BUS,SIN DEFINIR,HFF6130GZ-5,Real,Desalmacenado real,10.0,0.001659475605708596
2026-03,ARCFOX,AUTOMOVILES,SD,ALPHA S,Real,Desalmacenado real,2.0,0.00033189512114171923
2026-03,ARCFOX,PASAJEROS,SIN DEFINIR,KAOLA S,Real,Desalmacenado real,5.0,0.000829737802854298
2026-03,ARCFOX,SUV,SIN DEFINIR,ALPHA T,Real,Desalmacenado real,1.0,0.00016594756057085962
2026-03,AUDI,AUTOMOVILES,SD,A8,Real,Desalmacenado real,1.0,0.00016594756057085962
2026-03,AUDI,AUTOMOVILES,SD,RS3,Real,Desalmacenado real,1.0,0.00016594756057085962
2026-03,AUDI,SUV,LARGE,Q7,Real,Desalmacenado real,1.0,0.00016594756057085962
2026-03,AUDI,SUV,SIN DEFINIR,Q3,Real,Desalmacenado real,9.0,0.0014935280451377365
2026-03,AUDI,SUV,SIN DEFINIR,Q5,Real,Desalmacenado real,7.0,0.0011616329239960172
2026-03,AUDI,SUV,SIN DEFINIR,Q6 E-TRON,Real,Desalmacenado real,6.0,0.0009956853634251576
2026-03,AVATR,SUV,SIN DEFINIR,11,Real,Desalmacenado real,1.0,0.00016594756057085962
2026-03,B.M.W.,AUTOMOVILES,SD,218,Real,Desalmacenado real,1.0,0.00016594756057085962
2026-03,B.M.W.,AUTOMOVILES,SD,320,Real,Desalmacenado real,2.0,0.00033189512114171923
2026-03,B.M.W.,AUTOMOVILES,SD,M2,Real,Desalmacenado real,1.0,0.00016594756057085962
2026-03,B.M.W.,SUV,LARGE,X6,Real,Desalmacenado real,5.0,0.000829737802854298
2026-03,B.M.W.,SUV,LARGE,X7,Real,Desalmacenado real,1.0,0.00016594756057085962
2026-03,B.M.W.,SUV,SIN DEFINIR,IX1,Real,Desalmacenado real,9.0,0.0014935280451377365
2026-03,B.M.W.,SUV,SIN DEFINIR,IX2,Real,Desalmacenado real,5.0,0.000829737802854298
2026-03,B.M.W.,SUV,SIN DEFINIR,X1,Real,Desalmacenado real,10.0,0.001659475605708596
2026-03,B.M.W.,SUV,SIN DEFINIR,X3,Real,Desalmacenado real,18.0,0.002987056090275473
2026-03,B.M.W.,SUV,SIN DEFINIR,X5,Real,Desalmacenado real,15.0,0.002489213408562894
2026-03,BAIC,SUV,LARGE,BJ60,Real,Desalmacenado real,1.0,0.00016594756057085962
2026-03,BAIC,SUV,SIN DEFINIR,BJ30,Real,Desalmacenado real,4.0,0.0006637902422834385
2026-03,BAIC,SUV,SIN DEFINIR,X3,Real,Desalmacenado real,23.0,0.003816793893129771
2026-03,BAIC,SUV,SIN DEFINIR,X5,Real,Desalmacenado real,9.0,0.0014935280451377365
2026-03,BAIC,SUV,SMALL,BJ40,Real,Desalmacenado real,8.0,0.001327580484566877
2026-03,BAIC,SUV,SMALL,BJ40 EV,Real,Desalmacenado real,3.0,0.0004978426817125788
2026-03,BAIC,SUV,SMALL,BJ41,Real,Desalmacenado real,4.0,0.0006637902422834385
2026-03,BAW,PASAJEROS,SIN DEFINIR,M7,Real,Desalmacenado real,1.0,0.00016594756057085962
2026-03,BYD,AUTOMOVILES,HB,E2 EV,Real,Desalmacenado real,5.0,0.000829737802854298
2026-03,BYD,AUTOMOVILES,HB,SEAGULL,Real,Desalmacenado real,56.0,0.009293063391968137
2026-03,BYD,AUTOMOVILES,SD,SEAL,Real,Desalmacenado real,1.0,0.00016594756057085962
2026-03,BYD,CAMIONES,SIN DEFINIR,T4,Real,Desalmacenado real,1.0,0.00016594756057085962
2026-03,BYD,PICK-UP,MEDIUM,SHARK,Real,Desalmacenado real,5.0,0.000829737802854298
2026-03,BYD,SUV,MEDIUM,SEALION,Real,Desalmacenado real,25.0,0.00414868901427149
2026-03,BYD,SUV,SIN DEFINIR,S1 PRO EV,Real,Desalmacenado real,90.0,0.014935280451377365
2026-03,BYD,SUV,SIN DEFINIR,SONG PRO EV,Real,Desalmacenado real,3.0,0.0004978426817125788
2026-03,BYD,SUV,SIN DEFINIR,TANG,Real,Desalmacenado real,3.0,0.0004978426817125788
2026-03,CADILLAC,SUV,LARGE,ESCALADE,Real,Desalmacenado real,5.0,0.000829737802854298
2026-03,CHANGAN,PANEL,SIN DEFINIR,EM60,Real,Desalmacenado real,2.0,0.00033189512114171923
2026-03,CHANGAN,PANEL,SIN DEFINIR,HONOR,Real,Desalmacenado real,1.0,0.00016594756057085962
2026-03,CHANGAN,PANEL,SIN DEFINIR,KARVAAN,Real,Desalmacenado real,1.0,0.00016594756057085962
2026-03,CHANGAN,PASAJEROS,SIN DEFINIR,KARVAAN,Real,Desalmacenado real,1.0,0.00016594756057085962
2026-03,CHANGAN,PICK-UP,MEDIUM,HUNTER,Real,Desalmacenado real,8.0,0.001327580484566877
2026-03,CHANGAN,SUV,SIN DEFINIR,CS 15,Real,Desalmacenado real,1.0,0.00016594756057085962
2026-03,CHANGAN,SUV,SIN DEFINIR,CS 55,Real,Desalmacenado real,45.0,0.007467640225688682
2026-03,CHANGAN,SUV,SIN DEFINIR,CS35,Real,Desalmacenado real,57.0,0.009459010952538998
2026-03,CHANGAN,SUV,SIN DEFINIR,S05,Real,Desalmacenado real,1.0,0.00016594756057085962
2026-03,CHANGAN,SUV,SIN DEFINIR,S07,Real,Desalmacenado real,2.0,0.00033189512114171923
2026-03,CHERY,PICK-UP,MEDIUM,HIMLA,Real,Desalmacenado real,10.0,0.001659475605708596
2026-03,CHERY,SUV,SIN DEFINIR,ICAR 03,Real,Desalmacenado real,110.0,0.018254231662794558
2026-03,CHERY,SUV,SIN DEFINIR,TIGGO 2,Real,Desalmacenado real,66.0,0.010952538997676734
2026-03,CHERY,SUV,SIN DEFINIR,TIGGO 4,Real,Desalmacenado real,38.0,0.006306007301692665
2026-03,CHERY,SUV,SIN DEFINIR,TIGGO 7,Real,Desalmacenado real,23.0,0.003816793893129771
2026-03,CHERY,SUV,SIN DEFINIR,TIGGO 8,Real,Desalmacenado real,5.0,0.000829737802854298
2026-03,CHEVROLET,AUTOMOVILES,HB,AVEO HB,Real,Desalmacenado real,16.0,0.002655160969133754
2026-03,CHEVROLET,PANEL,SIN DEFINIR,N400,Real,Desalmacenado real,20.0,0.003318951211417192
2026-03,CHEVROLET,PICK-UP,LARGE,SILVERADO,Real,Desalmacenado real,40.0,0.006637902422834384
2026-03,CHEVROLET,PICK-UP,MEDIUM,COLORADO,Real,Desalmacenado real,31.0,0.0051443743776966476
2026-03,CHEVROLET,SUV,LARGE,SUBURBAN,Real,Desalmacenado real,2.0,0.00033189512114171923
2026-03,CHEVROLET,SUV,LARGE,TAHOE,Real,Desalmacenado real,14.0,0.0023232658479920344
2026-03,CHEVROLET,SUV,LARGE,TRAVERSE,Real,Desalmacenado real,8.0,0.001327580484566877
2026-03,CHEVROLET,SUV,MEDIUM,TRAIL BLAZER,Real,Desalmacenado real,4.0,0.0006637902422834385
2026-03,CHEVROLET,SUV,SIN DEFINIR,CAPTIVA,Real,Desalmacenado real,2.0,0.00033189512114171923
2026-03,CHEVROLET,SUV,SIN DEFINIR,CAPTIVA PHEV,Real,Desalmacenado real,6.0,0.0009956853634251576
2026-03,CHEVROLET,SUV,SIN DEFINIR,GROOVE,Real,Desalmacenado real,68.0,0.011284434118818453
2026-03,CHEVROLET,SUV,SIN DEFINIR,SPARK EUV,Real,Desalmacenado real,1.0,0.00016594756057085962
2026-03,CHEVROLET,SUV,SIN DEFINIR,TRACKER,Real,Desalmacenado real,7.0,0.0011616329239960172
2026-03,CHEVROLET,SUV,SIN DEFINIR,TRAX,Real,Desalmacenado real,5.0,0.000829737802854298
2026-03,CITROEN,AUTOMOVILES,HB,C3 HB,Real,Desalmacenado real,5.0,0.000829737802854298
2026-03,CITROEN,PANEL,SIN DEFINIR,BERLINGO,Real,Desalmacenado real,1.0,0.00016594756057085962
2026-03,CITROEN,SUV,SIN DEFINIR,C3 AIRCROSS,Real,Desalmacenado real,1.0,0.00016594756057085962
2026-03,DAYUN,CAMIONES,SIN DEFINIR,CGC4250,Real,Desalmacenado real,7.0,0.0011616329239960172
2026-03,DFSK,CAMIONES,[1] ULTRA LIVIANO [ULD],C31,Real,Desalmacenado real,3.0,0.0004978426817125788
2026-03,DFSK,PANEL,SIN DEFINIR,EC75,Real,Desalmacenado real,1.0,0.00016594756057085962
2026-03,DFSK,SUV,SIN DEFINIR,E5,Real,Desalmacenado real,2.0,0.00033189512114171923
2026-03,DFSK,SUV,SIN DEFINIR,GLORY 500,Real,Desalmacenado real,15.0,0.002489213408562894
2026-03,DFSK,SUV,SIN DEFINIR,GLORY 560,Real,Desalmacenado real,7.0,0.0011616329239960172
2026-03,DFSK,SUV,SIN DEFINIR,GLORY 580,Real,Desalmacenado real,1.0,0.00016594756057085962
2026-03,DONGFENG,AUTOMOVILES,HB,NAMMI 01,Real,Desalmacenado real,25.0,0.00414868901427149
2026-03,DONGFENG,BUSETAS,SIN DEFINIR,DF6768,Real,Desalmacenado real,1.0,0.00016594756057085962
2026-03,DONGFENG,PICK-UP,MEDIUM,RICH,Real,Desalmacenado real,15.0,0.002489213408562894
2026-03,DONGFENG,SUV,SIN DEFINIR,FRIDAY,Real,Desalmacenado real,3.0,0.0004978426817125788
2026-03,DONGFENG,SUV,SIN DEFINIR,NAMMI 06,Real,Desalmacenado real,150.0,0.02489213408562894
2026-03,DONGFENG I,CAMIONES,SIN DEFINIR,CAPTAIN E 3.5T,Real,Desalmacenado real,3.0,0.0004978426817125788
2026-03,DONGFENG I,CAMIONES,SIN DEFINIR,DF1819,Real,Desalmacenado real,1.0,0.00016594756057085962
2026-03,DONGFENG I,CAMIONES,SIN DEFINIR,DOLLICAR,Real,Desalmacenado real,1.0,0.00016594756057085962
2026-03,DONGFENG I,CAMIONES,SIN DEFINIR,V92-711,Real,Desalmacenado real,5.0,0.000829737802854298
2026-03,DONGFENG I,CAMIONES,[3] MEDIANO [MD],DF1214,Real,Desalmacenado real,2.0,0.00033189512114171923
2026-03,DONGFENG I,CAMIONES,[3] MEDIANO [MD],DF310,Real,Desalmacenado real,6.0,0.0009956853634251576
2026-03,DONGFENG I,CAMIONES,[3] MEDIANO [MD],DF813,Real,Desalmacenado real,3.0,0.0004978426817125788
2026-03,DONGFENG I,MICROBUS,SIN DEFINIR,DF3050P,Real,Desalmacenado real,2.0,0.00033189512114171923
2026-03,DONGFENG I,MICROBUS,SIN DEFINIR,UVAN DF-23P,Real,Desalmacenado real,2.0,0.00033189512114171923
2026-03,FANGCHENGBAO,SUV,MEDIUM,TAI 7,Real,Desalmacenado real,1.0,0.00016594756057085962
2026-03,FANGCHENGBAO,SUV,SIN DEFINIR,BAO 3,Real,Desalmacenado real,13.0,0.002157318287421175
2026-03,FAW,CAMIONES,SIN DEFINIR,TIGER,Real,Desalmacenado real,5.0,0.000829737802854298
2026-03,FAW I,PASAJEROS,SIN DEFINIR,BESTUNE E05,Real,Desalmacenado real,9.0,0.0014935280451377365
2026-03,FIAT,PANEL,SIN DEFINIR,DUCATO,Real,Desalmacenado real,1.0,0.00016594756057085962
2026-03,FORD,AUTOMOVILES,SD,MUSTANG,Real,Desalmacenado real,1.0,0.00016594756057085962
2026-03,FORD,MICROBUS,SIN DEFINIR,TRANSIT,Real,Desalmacenado real,1.0,0.00016594756057085962
2026-03,FORD,PICK-UP,LARGE,F150 LIGHTNING,Real,Desalmacenado real,1.0,0.00016594756057085962
2026-03,FORD,PICK-UP,LARGE,F550,Real,Desalmacenado real,6.0,0.0009956853634251576
2026-03,FORD,PICK-UP,MEDIUM,RANGER,Real,Desalmacenado real,11.0,0.0018254231662794558
2026-03,FORD,SUV,LARGE,EXPEDITION,Real,Desalmacenado real,2.0,0.00033189512114171923
2026-03,FORD,SUV,LARGE,EXPLORER,Real,Desalmacenado real,4.0,0.0006637902422834385
2026-03,FORD,SUV,SIN DEFINIR,EDGE HV,Real,Desalmacenado real,10.0,0.001659475605708596
2026-03,FORD,SUV,SIN DEFINIR,TERRITORY,Real,Desalmacenado real,15.0,0.002489213408562894
2026-03,FORD,SUV,SMALL,EVEREST,Real,Desalmacenado real,7.0,0.0011616329239960172
2026-03,FORLAND,CAMIONES,SIN DEFINIR,F200 PRO,Real,Desalmacenado real,5.0,0.000829737802854298
2026-03,FORLAND,CAMIONES,SIN DEFINIR,F2500,Real,Desalmacenado real,12.0,0.0019913707268503153
2026-03,FORLAND,CAMIONES,SIN DEFINIR,F300 PRO,Real,Desalmacenado real,4.0,0.0006637902422834385
2026-03,FORLAND,CAMIONES,SIN DEFINIR,F4000,Real,Desalmacenado real,11.0,0.0018254231662794558
2026-03,FORLAND,CAMIONES,SIN DEFINIR,F5000,Real,Desalmacenado real,7.0,0.0011616329239960172
2026-03,FORLAND,CAMIONES,SIN DEFINIR,F6000,Real,Desalmacenado real,8.0,0.001327580484566877
2026-03,FORLAND,CAMIONES,SIN DEFINIR,X4000,Real,Desalmacenado real,4.0,0.0006637902422834385
2026-03,FORLAND,CAMIONES,[3] MEDIANO [MD],V3000 L5E D90,Real,Desalmacenado real,2.0,0.00033189512114171923
2026-03,FOTON,MICROBUS,SIN DEFINIR,TOANO,Real,Desalmacenado real,2.0,0.00033189512114171923
2026-03,FOTON,MICROBUS,SIN DEFINIR,VIEW,Real,Desalmacenado real,6.0,0.0009956853634251576
2026-03,FOTON,PANEL,SIN DEFINIR,VIEW I7,Real,Desalmacenado real,6.0,0.0009956853634251576
2026-03,FOTON,PICK-UP,MEDIUM,TUNLAND,Real,Desalmacenado real,11.0,0.0018254231662794558
2026-03,FOTON I,CAMIONES,SIN DEFINIR,AUMARK,Real,Desalmacenado real,12.0,0.0019913707268503153
2026-03,FOTON I,CAMIONES,SIN DEFINIR,TM,Real,Desalmacenado real,6.0,0.0009956853634251576
2026-03,FOTON I,MICROBUS,SIN DEFINIR,BJ 6946,Real,Desalmacenado real,2.0,0.00033189512114171923
2026-03,FOTON II,CAMIONES,[2] LIVIANO [LD],BJ 1044,Real,Desalmacenado real,12.0,0.0019913707268503153
2026-03,FUSO,CAMIONES,SIN DEFINIR,CANTER,Real,Desalmacenado real,21.0,0.0034848987719880518
2026-03,GAC,SUV,SIN DEFINIR,EMZOOM,Real,Desalmacenado real,1.0,0.00016594756057085962
2026-03,GAC,SUV,SIN DEFINIR,GS4,Real,Desalmacenado real,2.0,0.00033189512114171923
2026-03,GEELY,CAMIONES,SIN DEFINIR,FARIZON F1E,Real,Desalmacenado real,3.0,0.0004978426817125788
2026-03,GEELY,PANEL,SIN DEFINIR,FARIZON V6E,Real,Desalmacenado real,8.0,0.001327580484566877
2026-03,GEELY,PICK-UP,MEDIUM,RIDDARA RD6,Real,Desalmacenado real,15.0,0.002489213408562894
2026-03,GEELY,SUV,SIN DEFINIR,COOLRAY,Real,Desalmacenado real,52.0,0.0086292731496847
2026-03,GEELY,SUV,SIN DEFINIR,EX5,Real,Desalmacenado real,53.0,0.008795220710255559
2026-03,GEELY,SUV,SIN DEFINIR,GEOME,Real,Desalmacenado real,160.0,0.026551609691337536
2026-03,GEELY,SUV,SIN DEFINIR,GX3,Real,Desalmacenado real,56.0,0.009293063391968137
2026-03,GEELY,SUV,SIN DEFINIR,STARRAY,Real,Desalmacenado real,13.0,0.002157318287421175
2026-03,GEELY,SUV,SMALL,OKAVANGO,Real,Desalmacenado real,6.0,0.0009956853634251576
2026-03,GOLDEN DRAGON,BUS,SIN DEFINIR,XML6122C,Real,Desalmacenado real,3.0,0.0004978426817125788
2026-03,GREATWALL,PICK-UP,MEDIUM,POER,Real,Desalmacenado real,28.0,0.004646531695984069
2026-03,GREATWALL,PICK-UP,MEDIUM,WINGLE,Real,Desalmacenado real,12.0,0.0019913707268503153
2026-03,GREATWALL I,SUV,SMALL,TANK 300 HEV,Real,Desalmacenado real,1.0,0.00016594756057085962
2026-03,HAVAL,SUV,MEDIUM,H9,Real,Desalmacenado real,2.0,0.00033189512114171923
2026-03,HAVAL,SUV,SIN DEFINIR,JOLION,Real,Desalmacenado real,13.0,0.002157318287421175
2026-03,HIGER,BUSETAS,SIN DEFINIR,KLQ6600,Real,Desalmacenado real,2.0,0.00033189512114171923
2026-03,HINO,CAMIONES,SIN DEFINIR,FC9JJSA,Real,Desalmacenado real,3.0,0.0004978426817125788
2026-03,HINO,CAMIONES,SIN DEFINIR,FG8JP7A,Real,Desalmacenado real,8.0,0.001327580484566877
2026-03,HINO,CAMIONES,SIN DEFINIR,GD8JLSA,Real,Desalmacenado real,6.0,0.0009956853634251576
2026-03,HINO,CAMIONES,SIN DEFINIR,GH8JM7A,Real,Desalmacenado real,4.0,0.0006637902422834385
2026-03,HINO,CAMIONES,SIN DEFINIR,LY230L,Real,Desalmacenado real,15.0,0.002489213408562894
2026-03,HINO,CAMIONES,SIN DEFINIR,SS1EKVA,Real,Desalmacenado real,1.0,0.00016594756057085962
2026-03,HINO,CAMIONES,SIN DEFINIR,XZU600L,Real,Desalmacenado real,16.0,0.002655160969133754
2026-03,HINO,CAMIONES,SIN DEFINIR,XZU650L,Real,Desalmacenado real,4.0,0.0006637902422834385
2026-03,HINO,CAMIONES,SIN DEFINIR,XZU710L,Real,Desalmacenado real,6.0,0.0009956853634251576
2026-03,HINO,CAMIONES,SIN DEFINIR,XZU720L,Real,Desalmacenado real,2.0,0.00033189512114171923
2026-03,HINO,CAMIONES,SIN DEFINIR,XZU730L,Real,Desalmacenado real,9.0,0.0014935280451377365
2026-03,HONDA,PASAJEROS,SIN DEFINIR,ODYSSEY,Real,Desalmacenado real,1.0,0.00016594756057085962
2026-03,HONDA,SUV,MEDIUM,PILOT,Real,Desalmacenado real,6.0,0.0009956853634251576
2026-03,HONDA,SUV,SIN DEFINIR,BR-V,Real,Desalmacenado real,2.0,0.00033189512114171923
2026-03,HONDA,SUV,SIN DEFINIR,CR-V,Real,Desalmacenado real,25.0,0.00414868901427149
2026-03,HONDA,SUV,SIN DEFINIR,CR-V HEV,Real,Desalmacenado real,2.0,0.00033189512114171923
2026-03,HONDA,SUV,SIN DEFINIR,HR-V,Real,Desalmacenado real,1.0,0.00016594756057085962
2026-03,HYPER,SUV,MEDIUM,HT,Real,Desalmacenado real,4.0,0.0006637902422834385
2026-03,HYUNDAI,AUTOMOVILES,HB,I10 HB,Real,Desalmacenado real,28.0,0.004646531695984069
2026-03,HYUNDAI,AUTOMOVILES,SD,ACCENT,Real,Desalmacenado real,5.0,0.000829737802854298
2026-03,HYUNDAI,AUTOMOVILES,SD,I10 SD,Real,Desalmacenado real,13.0,0.002157318287421175
2026-03,HYUNDAI,BUSETAS,SIN DEFINIR,COUNTY,Real,Desalmacenado real,4.0,0.0006637902422834385
2026-03,HYUNDAI,CAMIONES,SIN DEFINIR,EX6 MIGHTY,Real,Desalmacenado real,1.0,0.00016594756057085962
2026-03,HYUNDAI,CAMIONES,SIN DEFINIR,EX9 MIGHTY,Real,Desalmacenado real,1.0,0.00016594756057085962
2026-03,HYUNDAI,CAMIONES,SIN DEFINIR,H100,Real,Desalmacenado real,16.0,0.002655160969133754
2026-03,HYUNDAI,MICROBUS,SIN DEFINIR,STARIA,Real,Desalmacenado real,11.0,0.0018254231662794558
2026-03,HYUNDAI,PANEL,SIN DEFINIR,STARIA,Real,Desalmacenado real,8.0,0.001327580484566877
2026-03,HYUNDAI,SUV,MEDIUM,PALISADE HV,Real,Desalmacenado real,6.0,0.0009956853634251576
2026-03,HYUNDAI,SUV,SIN DEFINIR,CRETA,Real,Desalmacenado real,60.0,0.009956853634251576
2026-03,HYUNDAI,SUV,SIN DEFINIR,CRETA GRAND,Real,Desalmacenado real,16.0,0.002655160969133754
2026-03,HYUNDAI,SUV,SIN DEFINIR,KONA,Real,Desalmacenado real,3.0,0.0004978426817125788
2026-03,HYUNDAI,SUV,SIN DEFINIR,SANTA FE,Real,Desalmacenado real,8.0,0.001327580484566877
2026-03,HYUNDAI,SUV,SIN DEFINIR,TUCSON,Real,Desalmacenado real,66.0,0.010952538997676734
2026-03,HYUNDAI,SUV,SIN DEFINIR,VENUE,Real,Desalmacenado real,48.0,0.007965482907401261
2026-03,INTERNATIONAL,CAMIONES,SIN DEFINIR,SERIE HV,Real,Desalmacenado real,1.0,0.00016594756057085962
2026-03,ISUZU,CAMIONES,SIN DEFINIR,ELF,Real,Desalmacenado real,1.0,0.00016594756057085962
2026-03,ISUZU,CAMIONES,SIN DEFINIR,FRR,Real,Desalmacenado real,9.0,0.0014935280451377365
2026-03,ISUZU,CAMIONES,SIN DEFINIR,FTR,Real,Desalmacenado real,1.0,0.00016594756057085962
2026-03,ISUZU,CAMIONES,SIN DEFINIR,FVR,Real,Desalmacenado real,7.0,0.0011616329239960172
2026-03,ISUZU,CAMIONES,SIN DEFINIR,FVZ,Real,Desalmacenado real,3.0,0.0004978426817125788
2026-03,ISUZU,CAMIONES,SIN DEFINIR,GIGA,Real,Desalmacenado real,1.0,0.00016594756057085962
2026-03,ISUZU,CAMIONES,SIN DEFINIR,M600,Real,Desalmacenado real,4.0,0.0006637902422834385
2026-03,ISUZU,CAMIONES,SIN DEFINIR,NLR,Real,Desalmacenado real,17.0,0.002821108529704613
2026-03,ISUZU,CAMIONES,SIN DEFINIR,NMR,Real,Desalmacenado real,14.0,0.0023232658479920344
2026-03,ISUZU,CAMIONES,SIN DEFINIR,NPR,Real,Desalmacenado real,8.0,0.001327580484566877
2026-03,ISUZU,CAMIONES,SIN DEFINIR,NPS,Real,Desalmacenado real,13.0,0.002157318287421175
2026-03,ISUZU,CAMIONES,SIN DEFINIR,NQR,Real,Desalmacenado real,9.0,0.0014935280451377365
2026-03,ISUZU,CAMIONES,SIN DEFINIR,NZR,Real,Desalmacenado real,3.0,0.0004978426817125788
2026-03,ISUZU,CAMIONES,SIN DEFINIR,QLR77,Real,Desalmacenado real,37.0,0.006140059741121805
2026-03,ISUZU,PICK-UP,MEDIUM,D-MAX,Real,Desalmacenado real,122.0,0.020245602389644873
2026-03,ISUZU,SUV,SMALL,MU-X,Real,Desalmacenado real,12.0,0.0019913707268503153
2026-03,IVECO,CAMIONES,SIN DEFINIR,EUROCARGO ML11,Real,Desalmacenado real,2.0,0.00033189512114171923
2026-03,IVECO,CAMIONES,SIN DEFINIR,EUROCARGO ML15,Real,Desalmacenado real,2.0,0.00033189512114171923
2026-03,IVECO,CAMIONES,SIN DEFINIR,T WAY,Real,Desalmacenado real,10.0,0.001659475605708596
2026-03,JAC,AUTOMOVILES,HB,E30X,Real,Desalmacenado real,4.0,0.0006637902422834385
2026-03,JAC,MICROBUS,SIN DEFINIR,M4,Real,Desalmacenado real,1.0,0.00016594756057085962
2026-03,JAC,PICK-UP,MEDIUM,T8,Real,Desalmacenado real,12.0,0.0019913707268503153
2026-03,JAC,PICK-UP,MEDIUM,T9,Real,Desalmacenado real,3.0,0.0004978426817125788
2026-03,JAC,SUV,MEDIUM,JS8,Real,Desalmacenado real,1.0,0.00016594756057085962
2026-03,JAC,SUV,SIN DEFINIR,JS2,Real,Desalmacenado real,10.0,0.001659475605708596
2026-03,JAC I,CAMIONES,SIN DEFINIR,HFC1012K,Real,Desalmacenado real,2.0,0.00033189512114171923
2026-03,JAC I,CAMIONES,SIN DEFINIR,HFC1035K,Real,Desalmacenado real,32.0,0.005310321938267508
2026-03,JAC I,CAMIONES,SIN DEFINIR,HFC1042,Real,Desalmacenado real,14.0,0.0023232658479920344
2026-03,JAC I,CAMIONES,SIN DEFINIR,HFC1171K,Real,Desalmacenado real,2.0,0.00033189512114171923
2026-03,JAC I,CAMIONES,SIN DEFINIR,N75,Real,Desalmacenado real,3.0,0.0004978426817125788
2026-03,JAC I,CAMIONES,SIN DEFINIR,N90,Real,Desalmacenado real,8.0,0.001327580484566877
2026-03,JAC I,MICROBUS,SIN DEFINIR,SUNRAY,Real,Desalmacenado real,4.0,0.0006637902422834385
2026-03,JAECOO,SUV,SIN DEFINIR,J5 BEV,Real,Desalmacenado real,6.0,0.0009956853634251576
2026-03,JAECOO,SUV,SMALL,J8,Real,Desalmacenado real,1.0,0.00016594756057085962
2026-03,JEEP,SUV,MEDIUM,GRAND CHEROKEE,Real,Desalmacenado real,1.0,0.00016594756057085962
2026-03,JEEP,SUV,SIN DEFINIR,AVENGER,Real,Desalmacenado real,4.0,0.0006637902422834385
2026-03,JEEP,SUV,SIN DEFINIR,COMPASS,Real,Desalmacenado real,12.0,0.0019913707268503153
2026-03,JEEP,SUV,SIN DEFINIR,RENEGADE,Real,Desalmacenado real,2.0,0.00033189512114171923
2026-03,JEEP,SUV,SMALL,WRANGLER,Real,Desalmacenado real,5.0,0.000829737802854298
2026-03,JETOUR,SUV,SIN DEFINIR,DASHING,Real,Desalmacenado real,4.0,0.0006637902422834385
2026-03,JETOUR,SUV,SIN DEFINIR,X50,Real,Desalmacenado real,8.0,0.001327580484566877
2026-03,JETOUR,SUV,SIN DEFINIR,X70,Real,Desalmacenado real,1.0,0.00016594756057085962
2026-03,JETOUR,SUV,SMALL,T1,Real,Desalmacenado real,3.0,0.0004978426817125788
2026-03,JETOUR,SUV,SMALL,T2,Real,Desalmacenado real,7.0,0.0011616329239960172
2026-03,JMC,CAMIONES,SIN DEFINIR,JX1044,Real,Desalmacenado real,1.0,0.00016594756057085962
2026-03,JMC,CAMIONES,SIN DEFINIR,JX1054,Real,Desalmacenado real,1.0,0.00016594756057085962
2026-03,JMC,CAMIONES,SIN DEFINIR,N601,Real,Desalmacenado real,3.0,0.0004978426817125788
2026-03,JMC,CAMIONES,SIN DEFINIR,N822,Real,Desalmacenado real,3.0,0.0004978426817125788
2026-03,JMC,PICK-UP,MEDIUM,GRAND AVENUE,Real,Desalmacenado real,9.0,0.0014935280451377365
2026-03,JMC,PICK-UP,MEDIUM,VIGUS,Real,Desalmacenado real,6.0,0.0009956853634251576
2026-03,KAIYI,SUV,SIN DEFINIR,X3,Real,Desalmacenado real,11.0,0.0018254231662794558
2026-03,KAIYI,SUV,SIN DEFINIR,X7,Real,Desalmacenado real,15.0,0.002489213408562894
2026-03,KARRY,MICROBUS,SIN DEFINIR,Q22L,Real,Desalmacenado real,4.0,0.0006637902422834385
2026-03,KENWORTH,CAMIONES,SIN DEFINIR,T800 - T880,Real,Desalmacenado real,9.0,0.0014935280451377365
2026-03,KIA,AUTOMOVILES,HB,K3 HB,Real,Desalmacenado real,11.0,0.0018254231662794558
2026-03,KIA,AUTOMOVILES,HB,PICANTO HB,Real,Desalmacenado real,17.0,0.002821108529704613
2026-03,KIA,AUTOMOVILES,SD,K3 SD,Real,Desalmacenado real,13.0,0.002157318287421175
2026-03,KIA,AUTOMOVILES,SD,SOLUTO,Real,Desalmacenado real,14.0,0.0023232658479920344
2026-03,KIA,CAMIONES,SIN DEFINIR,K2500,Real,Desalmacenado real,35.0,0.005808164619980087
2026-03,KIA,PASAJEROS,SIN DEFINIR,CARNIVAL,Real,Desalmacenado real,11.0,0.0018254231662794558
2026-03,KIA,PICK-UP,MEDIUM,TASMAN,Real,Desalmacenado real,8.0,0.001327580484566877
2026-03,KIA,SUV,SIN DEFINIR,EV3,Real,Desalmacenado real,3.0,0.0004978426817125788
2026-03,KIA,SUV,SIN DEFINIR,EV5,Real,Desalmacenado real,1.0,0.00016594756057085962
2026-03,KIA,SUV,SIN DEFINIR,EV6,Real,Desalmacenado real,2.0,0.00033189512114171923
2026-03,KIA,SUV,SIN DEFINIR,SELTOS,Real,Desalmacenado real,28.0,0.004646531695984069
2026-03,KIA,SUV,SIN DEFINIR,SONET,Real,Desalmacenado real,7.0,0.0011616329239960172
2026-03,KIA,SUV,SIN DEFINIR,SPORTAGE,Real,Desalmacenado real,35.0,0.005808164619980087
2026-03,KIA,SUV,SMALL,SORENTO,Real,Desalmacenado real,6.0,0.0009956853634251576
2026-03,KING LONG,BUS,SIN DEFINIR,XMQ,Real,Desalmacenado real,8.0,0.001327580484566877
2026-03,KING LONG,MICROBUS,SIN DEFINIR,XMQ,Real,Desalmacenado real,26.0,0.00431463657484235
2026-03,LAND ROVER,SUV,LARGE,DISCOVERY,Real,Desalmacenado real,4.0,0.0006637902422834385
2026-03,LAND ROVER,SUV,LARGE,RANGE ROVER,Real,Desalmacenado real,1.0,0.00016594756057085962
2026-03,LAND ROVER,SUV,LARGE,RANGE ROVER SPORT,Real,Desalmacenado real,6.0,0.0009956853634251576
2026-03,LAND ROVER,SUV,SIN DEFINIR,EVOQUE,Real,Desalmacenado real,1.0,0.00016594756057085962
2026-03,LEAPMOTOR,SUV,SIN DEFINIR,B10,Real,Desalmacenado real,1.0,0.00016594756057085962
2026-03,LEAPMOTOR,SUV,SIN DEFINIR,C10,Real,Desalmacenado real,1.0,0.00016594756057085962
2026-03,LEXUS,SUV,LARGE,GX,Real,Desalmacenado real,3.0,0.0004978426817125788
2026-03,LEXUS,SUV,LARGE,LX 700H,Real,Desalmacenado real,1.0,0.00016594756057085962
2026-03,LEXUS,SUV,LARGE,LX DSL,Real,Desalmacenado real,3.0,0.0004978426817125788
2026-03,LEXUS,SUV,SIN DEFINIR,LBX,Real,Desalmacenado real,4.0,0.0006637902422834385
2026-03,LEXUS,SUV,SIN DEFINIR,NX HEV,Real,Desalmacenado real,7.0,0.0011616329239960172
2026-03,LEXUS,SUV,SIN DEFINIR,RX HEV,Real,Desalmacenado real,3.0,0.0004978426817125788
2026-03,LEXUS,SUV,SIN DEFINIR,UX HEV,Real,Desalmacenado real,3.0,0.0004978426817125788
2026-03,LINXYS,PANEL,SIN DEFINIR,G105,Real,Desalmacenado real,2.0,0.00033189512114171923
2026-03,LYNK & CO,SUV,LARGE,09,Real,Desalmacenado real,2.0,0.00033189512114171923
2026-03,LYNK & CO,SUV,SIN DEFINIR,05,Real,Desalmacenado real,4.0,0.0006637902422834385
2026-03,M.G.,SUV,SIN DEFINIR,ONE,Real,Desalmacenado real,1.0,0.00016594756057085962
2026-03,M.G.,SUV,SIN DEFINIR,RX,Real,Desalmacenado real,2.0,0.00033189512114171923
2026-03,M.G.,SUV,SIN DEFINIR,ZS,Real,Desalmacenado real,1.0,0.00016594756057085962
2026-03,MAXUS,MICROBUS,SIN DEFINIR,DELIVERY 9,Real,Desalmacenado real,14.0,0.0023232658479920344
2026-03,MAXUS,MICROBUS,SIN DEFINIR,V80,Real,Desalmacenado real,2.0,0.00033189512114171923
2026-03,MAXUS,MICROBUS,SIN DEFINIR,V90,Real,Desalmacenado real,5.0,0.000829737802854298
2026-03,MAXUS,PANEL,SIN DEFINIR,DELIVERY 9,Real,Desalmacenado real,1.0,0.00016594756057085962
2026-03,MAXUS,PANEL,SIN DEFINIR,G 10,Real,Desalmacenado real,1.0,0.00016594756057085962
2026-03,MAXUS,PASAJEROS,SIN DEFINIR,G 10,Real,Desalmacenado real,1.0,0.00016594756057085962
2026-03,MAXUS,PICK-UP,MEDIUM,T60,Real,Desalmacenado real,4.0,0.0006637902422834385
2026-03,MAXUS,SUV,SIN DEFINIR,D60,Real,Desalmacenado real,2.0,0.00033189512114171923
2026-03,MAXUS,SUV,SIN DEFINIR,D90,Real,Desalmacenado real,2.0,0.00033189512114171923
2026-03,MAZDA,AUTOMOVILES,SD,MAZDA 3,Real,Desalmacenado real,1.0,0.00016594756057085962
2026-03,MAZDA,AUTOMOVILES,SD,MX5,Real,Desalmacenado real,1.0,0.00016594756057085962
2026-03,MAZDA,PICK-UP,MEDIUM,BT50,Real,Desalmacenado real,2.0,0.00033189512114171923
2026-03,MAZDA,SUV,MEDIUM,CX-90,Real,Desalmacenado real,3.0,0.0004978426817125788
2026-03,MAZDA,SUV,SIN DEFINIR,CX-30,Real,Desalmacenado real,27.0,0.004480584135413209
2026-03,MAZDA,SUV,SIN DEFINIR,CX-5,Real,Desalmacenado real,82.0,0.013607699966810488
2026-03,MAZDA,SUV,SIN DEFINIR,CX-60,Real,Desalmacenado real,5.0,0.000829737802854298
2026-03,MAZDA,SUV,SIN DEFINIR,EZ-60,Real,Desalmacenado real,5.0,0.000829737802854298
2026-03,MERCEDES BENZ,AUTOMOVILES,SD,E200,Real,Desalmacenado real,1.0,0.00016594756057085962
2026-03,MERCEDES BENZ,AUTOMOVILES,SD,S580,Real,Desalmacenado real,1.0,0.00016594756057085962
2026-03,MERCEDES BENZ,BUS,SIN DEFINIR,TORINO OF-1724/59,Real,Desalmacenado real,5.0,0.000829737802854298
2026-03,MERCEDES BENZ,SUV,LARGE,GLS400,Real,Desalmacenado real,1.0,0.00016594756057085962
2026-03,MERCEDES BENZ,SUV,SIN DEFINIR,GLC200,Real,Desalmacenado real,16.0,0.002655160969133754
2026-03,MERCEDES BENZ,SUV,SIN DEFINIR,GLE300,Real,Desalmacenado real,8.0,0.001327580484566877
2026-03,MERCEDES BENZ,SUV,SIN DEFINIR,GLE450,Real,Desalmacenado real,5.0,0.000829737802854298
2026-03,MERCEDES BENZ,SUV,SIN DEFINIR,GLE53,Real,Desalmacenado real,3.0,0.0004978426817125788
2026-03,MINI,AUTOMOVILES,HB,COOPER,Real,Desalmacenado real,2.0,0.00033189512114171923
2026-03,MINI,AUTOMOVILES,HB,COOPER BEV,Real,Desalmacenado real,1.0,0.00016594756057085962
2026-03,MINI,SUV,SIN DEFINIR,ACEMAN,Real,Desalmacenado real,10.0,0.001659475605708596
2026-03,MINI,SUV,SIN DEFINIR,COUNTRYMAN,Real,Desalmacenado real,6.0,0.0009956853634251576
2026-03,MITSUBISHI,PASAJEROS,SIN DEFINIR,XPANDER,Real,Desalmacenado real,3.0,0.0004978426817125788
2026-03,MITSUBISHI,PICK-UP,MEDIUM,L200,Real,Desalmacenado real,85.0,0.014105542648523067
2026-03,MITSUBISHI,SUV,SIN DEFINIR,DESTINATOR,Real,Desalmacenado real,61.0,0.010122801194822437
2026-03,MITSUBISHI,SUV,SIN DEFINIR,ECLIPSE CROSS,Real,Desalmacenado real,91.0,0.015101228011948225
2026-03,MITSUBISHI,SUV,SIN DEFINIR,OUTLANDER,Real,Desalmacenado real,14.0,0.0023232658479920344
2026-03,MITSUBISHI,SUV,SIN DEFINIR,OUTLANDER SPORT,Real,Desalmacenado real,88.0,0.014603385330235646
2026-03,MITSUBISHI,SUV,SMALL,MONTERO SPORT,Real,Desalmacenado real,96.0,0.015930965814802522
2026-03,NIO,AUTOMOVILES,HB,FIREFLY,Real,Desalmacenado real,10.0,0.001659475605708596
2026-03,NISSAN,MICROBUS,SIN DEFINIR,URVAN,Real,Desalmacenado real,6.0,0.0009956853634251576
2026-03,NISSAN,PICK-UP,MEDIUM,FRONTIER,Real,Desalmacenado real,234.0,0.03883172917358115
2026-03,NISSAN,PICK-UP,MEDIUM,FRONTIER PHEV,Real,Desalmacenado real,1.0,0.00016594756057085962
2026-03,NISSAN,SUV,SIN DEFINIR,KAIT,Real,Desalmacenado real,1.0,0.00016594756057085962
2026-03,NISSAN,SUV,SIN DEFINIR,KICKS,Real,Desalmacenado real,149.0,0.02472618652505808
2026-03,NISSAN,SUV,SIN DEFINIR,MAGNITE,Real,Desalmacenado real,20.0,0.003318951211417192
2026-03,NISSAN,SUV,SIN DEFINIR,QASHQAI,Real,Desalmacenado real,19.0,0.0031530036508463327
2026-03,NISSAN,SUV,SIN DEFINIR,QASHQAI E-POWER,Real,Desalmacenado real,1.0,0.00016594756057085962
2026-03,NISSAN,SUV,SIN DEFINIR,X-TRAIL,Real,Desalmacenado real,27.0,0.004480584135413209
2026-03,NISSAN,SUV,SIN DEFINIR,X-TRAIL E-POWER,Real,Desalmacenado real,51.0,0.00846332558911384
2026-03,OMODA,SUV,SIN DEFINIR,C5,Real,Desalmacenado real,50.0,0.00829737802854298
2026-03,OMODA,SUV,SIN DEFINIR,C7,Real,Desalmacenado real,2.0,0.00033189512114171923
2026-03,OMODA,SUV,SIN DEFINIR,E5,Real,Desalmacenado real,8.0,0.001327580484566877
2026-03,PEUGEOT,PICK-UP,MEDIUM,LANDTREK,Real,Desalmacenado real,5.0,0.000829737802854298
2026-03,PEUGEOT,SUV,SIN DEFINIR,2008,Real,Desalmacenado real,1.0,0.00016594756057085962
2026-03,PEUGEOT,SUV,SIN DEFINIR,3008,Real,Desalmacenado real,8.0,0.001327580484566877
2026-03,PORSCHE,SUV,LARGE,CAYENNE,Real,Desalmacenado real,1.0,0.00016594756057085962
2026-03,PORSCHE,SUV,SIN DEFINIR,MACAN EV,Real,Desalmacenado real,4.0,0.0006637902422834385
2026-03,POWERPLUS,CAMIONES,[4] PESADO [HD],PD880TC-III,Real,Desalmacenado real,2.0,0.00033189512114171923
2026-03,RAM,PICK-UP,LARGE,RAM 1500,Real,Desalmacenado real,12.0,0.0019913707268503153
2026-03,RAM,PICK-UP,LARGE,RAM 3500,Real,Desalmacenado real,2.0,0.00033189512114171923
2026-03,RAM,PICK-UP,SMALL,RAM 700,Real,Desalmacenado real,19.0,0.0031530036508463327
2026-03,RENAULT,MICROBUS,SIN DEFINIR,MASTER,Real,Desalmacenado real,1.0,0.00016594756057085962
2026-03,RENAULT,SUV,SIN DEFINIR,KOLEOS,Real,Desalmacenado real,1.0,0.00016594756057085962
2026-03,SANY,CAMIONES,[3] MEDIANO [MD],SYZ420C,Real,Desalmacenado real,12.0,0.0019913707268503153
2026-03,SANY,CAMIONES,[4] PESADO [HD],SY410C,Real,Desalmacenado real,4.0,0.0006637902422834385
2026-03,SANY,CAMIONES,[4] PESADO [HD],SYG5230THB,Real,Desalmacenado real,1.0,0.00016594756057085962
2026-03,SHACMAN,CAMIONES,SIN DEFINIR,F3000,Real,Desalmacenado real,1.0,0.00016594756057085962
2026-03,SHACMAN,CAMIONES,SIN DEFINIR,X3000,Real,Desalmacenado real,5.0,0.000829737802854298
2026-03,SINOTRUK,CAMIONES,SIN DEFINIR,HOMAN,Real,Desalmacenado real,6.0,0.0009956853634251576
2026-03,SINOTRUK,CAMIONES,SIN DEFINIR,HOWO,Real,Desalmacenado real,5.0,0.000829737802854298
2026-03,SINOTRUK,CAMIONES,SIN DEFINIR,SITRAK,Real,Desalmacenado real,45.0,0.007467640225688682
2026-03,SINOTRUK,CAMIONES,[4] PESADO [HD],HOVA,Real,Desalmacenado real,1.0,0.00016594756057085962
2026-03,SINOTRUK,PICK-UP,MEDIUM,BOLDEN,Real,Desalmacenado real,4.0,0.0006637902422834385
2026-03,SOUEAST,SUV,SIN DEFINIR,S07,Real,Desalmacenado real,2.0,0.00033189512114171923
2026-03,SOUEAST,SUV,SMALL,S09,Real,Desalmacenado real,4.0,0.0006637902422834385
2026-03,SSANG YONG,SUV,SIN DEFINIR,ACTYON,Real,Desalmacenado real,3.0,0.0004978426817125788
2026-03,SUBARU,SUV,SIN DEFINIR,CROSSTREK,Real,Desalmacenado real,4.0,0.0006637902422834385
2026-03,SUBARU,SUV,SIN DEFINIR,FORESTER,Real,Desalmacenado real,7.0,0.0011616329239960172
2026-03,SUZUKI,AUTOMOVILES,HB,ALTO,Real,Desalmacenado real,21.0,0.0034848987719880518
2026-03,SUZUKI,AUTOMOVILES,HB,BALENO,Real,Desalmacenado real,17.0,0.002821108529704613
2026-03,SUZUKI,AUTOMOVILES,HB,CELERIO HB,Real,Desalmacenado real,2.0,0.00033189512114171923
2026-03,SUZUKI,AUTOMOVILES,HB,S-PRESSO,Real,Desalmacenado real,26.0,0.00431463657484235
2026-03,SUZUKI,AUTOMOVILES,HB,SWIFT HB,Real,Desalmacenado real,67.0,0.011118486558247594
2026-03,SUZUKI,AUTOMOVILES,SD,SWIFT D-ZIRE,Real,Desalmacenado real,14.0,0.0023232658479920344
2026-03,SUZUKI,PANEL,SIN DEFINIR,APV,Real,Desalmacenado real,19.0,0.0031530036508463327
2026-03,SUZUKI,PANEL,SIN DEFINIR,EECO,Real,Desalmacenado real,2.0,0.00033189512114171923
2026-03,SUZUKI,PASAJEROS,SIN DEFINIR,XL7,Real,Desalmacenado real,13.0,0.002157318287421175
2026-03,SUZUKI,SUV,SIN DEFINIR,ACROSS,Real,Desalmacenado real,5.0,0.000829737802854298
2026-03,SUZUKI,SUV,SIN DEFINIR,FRONX,Real,Desalmacenado real,52.0,0.0086292731496847
2026-03,SUZUKI,SUV,SIN DEFINIR,GRAND VITARA,Real,Desalmacenado real,32.0,0.005310321938267508
2026-03,SUZUKI,SUV,SIN DEFINIR,JIMNY,Real,Desalmacenado real,137.0,0.022734815798207766
2026-03,TOYOTA,AUTOMOVILES,HB,AGYA,Real,Desalmacenado real,28.0,0.004646531695984069
2026-03,TOYOTA,AUTOMOVILES,HB,YARIS GR,Real,Desalmacenado real,3.0,0.0004978426817125788
2026-03,TOYOTA,AUTOMOVILES,SD,BZ3,Real,Desalmacenado real,3.0,0.0004978426817125788
2026-03,TOYOTA,AUTOMOVILES,SD,COROLLA,Real,Desalmacenado real,1.0,0.00016594756057085962
2026-03,TOYOTA,AUTOMOVILES,SD,COROLLA HV,Real,Desalmacenado real,3.0,0.0004978426817125788
2026-03,TOYOTA,AUTOMOVILES,SD,YARIS SD,Real,Desalmacenado real,36.0,0.005974112180550946
2026-03,TOYOTA,BUSETAS,SIN DEFINIR,COASTER,Real,Desalmacenado real,7.0,0.0011616329239960172
2026-03,TOYOTA,MICROBUS,SIN DEFINIR,HIACE,Real,Desalmacenado real,48.0,0.007965482907401261
2026-03,TOYOTA,PANEL,SIN DEFINIR,HIACE,Real,Desalmacenado real,7.0,0.0011616329239960172
2026-03,TOYOTA,PANEL,SIN DEFINIR,LITE ACE,Real,Desalmacenado real,33.0,0.005476269498838367
2026-03,TOYOTA,PASAJEROS,SIN DEFINIR,AVANZA,Real,Desalmacenado real,2.0,0.00033189512114171923
2026-03,TOYOTA,PICK-UP,MEDIUM,HI-LUX,Real,Desalmacenado real,112.0,0.018586126783936275
2026-03,TOYOTA,PICK-UP,MEDIUM,LAND CRUISER PK,Real,Desalmacenado real,2.0,0.00033189512114171923
2026-03,TOYOTA,PICK-UP,MEDIUM,TACOMA,Real,Desalmacenado real,2.0,0.00033189512114171923
2026-03,TOYOTA,SUV,LARGE,LAND CRUISER,Real,Desalmacenado real,3.0,0.0004978426817125788
2026-03,TOYOTA,SUV,LARGE,LAND CRUISER 300,Real,Desalmacenado real,12.0,0.0019913707268503153
2026-03,TOYOTA,SUV,LARGE,SEQUOIA HEV,Real,Desalmacenado real,1.0,0.00016594756057085962
2026-03,TOYOTA,SUV,MEDIUM,4RUNNER,Real,Desalmacenado real,37.0,0.006140059741121805
2026-03,TOYOTA,SUV,MEDIUM,4RUNNER HEV,Real,Desalmacenado real,1.0,0.00016594756057085962
2026-03,TOYOTA,SUV,MEDIUM,LAND CRUISER LX,Real,Desalmacenado real,13.0,0.002157318287421175
2026-03,TOYOTA,SUV,MEDIUM,PRADO,Real,Desalmacenado real,156.0,0.0258878194490541
2026-03,TOYOTA,SUV,SIN DEFINIR,BZ4X,Real,Desalmacenado real,3.0,0.0004978426817125788
2026-03,TOYOTA,SUV,SIN DEFINIR,COROLLA CROSS,Real,Desalmacenado real,2.0,0.00033189512114171923
2026-03,TOYOTA,SUV,SIN DEFINIR,COROLLA CROSS HV,Real,Desalmacenado real,9.0,0.0014935280451377365
2026-03,TOYOTA,SUV,SIN DEFINIR,RAIZE,Real,Desalmacenado real,93.0,0.015433123133089944
2026-03,TOYOTA,SUV,SIN DEFINIR,RAV4,Real,Desalmacenado real,134.0,0.02223697311649519
2026-03,TOYOTA,SUV,SIN DEFINIR,RAV4 HV,Real,Desalmacenado real,27.0,0.004480584135413209
2026-03,TOYOTA,SUV,SIN DEFINIR,RUSH,Real,Desalmacenado real,12.0,0.0019913707268503153
2026-03,TOYOTA,SUV,SIN DEFINIR,YARIS CROSS,Real,Desalmacenado real,135.0,0.02240292067706605
2026-03,TOYOTA,SUV,SIN DEFINIR,YARIS CROSS HV,Real,Desalmacenado real,7.0,0.0011616329239960172
2026-03,TOYOTA,SUV,SMALL,FORTUNER,Real,Desalmacenado real,64.0,0.010620643876535016
2026-03,UD,CAMIONES,SIN DEFINIR,CRONER,Real,Desalmacenado real,1.0,0.00016594756057085962
2026-03,VGV,SUV,SIN DEFINIR,U70-U75,Real,Desalmacenado real,5.0,0.000829737802854298
2026-03,VOLKSWAGEN,CAMIONES,SIN DEFINIR,CONSTELLATION,Real,Desalmacenado real,6.0,0.0009956853634251576
2026-03,VOLKSWAGEN,CAMIONES,SIN DEFINIR,DELIVERY,Real,Desalmacenado real,3.0,0.0004978426817125788
2026-03,VOLKSWAGEN,PICK-UP,MEDIUM,AMAROK,Real,Desalmacenado real,1.0,0.00016594756057085962
2026-03,VOLKSWAGEN,PICK-UP,SMALL,SAVEIRO,Real,Desalmacenado real,5.0,0.000829737802854298
2026-03,VOLKSWAGEN,SUV,SIN DEFINIR,NIVUS,Real,Desalmacenado real,6.0,0.0009956853634251576
2026-03,VOLKSWAGEN,SUV,SIN DEFINIR,T-CROSS,Real,Desalmacenado real,10.0,0.001659475605708596
2026-03,VOLKSWAGEN,SUV,SIN DEFINIR,TAOS,Real,Desalmacenado real,4.0,0.0006637902422834385
2026-03,VOLKSWAGEN,SUV,SIN DEFINIR,TERA,Real,Desalmacenado real,3.0,0.0004978426817125788
2026-03,VOLKSWAGEN,SUV,SIN DEFINIR,TIGUAN,Real,Desalmacenado real,2.0,0.00033189512114171923
2026-03,VOLVO,SUV,MEDIUM,XC90 B6-T8,Real,Desalmacenado real,1.0,0.00016594756057085962
2026-03,VOLVO,SUV,SIN DEFINIR,EX30,Real,Desalmacenado real,10.0,0.001659475605708596
2026-03,VOLVO,SUV,SIN DEFINIR,EX40,Real,Desalmacenado real,1.0,0.00016594756057085962
2026-03,VOLVO,SUV,SIN DEFINIR,XC60 B5-B6,Real,Desalmacenado real,1.0,0.00016594756057085962
2026-03,WULING,MICROBUS,SIN DEFINIR,LZW6500BEVA3,Real,Desalmacenado real,3.0,0.0004978426817125788
2026-03,WULING,PANEL,SIN DEFINIR,EV50,Real,Desalmacenado real,12.0,0.0019913707268503153
2026-03,XCMG,CAMIONES,[3] MEDIANO [MD],SLM4,Real,Desalmacenado real,2.0,0.00033189512114171923
2026-03,XIAOMI,SUV,SIN DEFINIR,YU7,Real,Desalmacenado real,3.0,0.0004978426817125788
2026-03,XPENG,SUV,MEDIUM,G9,Real,Desalmacenado real,2.0,0.00033189512114171923
2026-03,XPENG,SUV,SIN DEFINIR,G6,Real,Desalmacenado real,18.0,0.002987056090275473
2026-03,XPENG,SUV,SIN DEFINIR,G7,Real,Desalmacenado real,1.0,0.00016594756057085962
2026-03,YUTONG,BUS,SIN DEFINIR,ZK6117H,Real,Desalmacenado real,1.0,0.00016594756057085962
2026-03,YUTONG,BUSETAS,SIN DEFINIR,ZK6729D2,Real,Desalmacenado real,3.0,0.0004978426817125788
2026-03,YUTONG,BUSETAS,SIN DEFINIR,ZK6860D D9,Real,Desalmacenado real,5.0,0.000829737802854298
2026-03,YUTONG,BUSETAS,SIN DEFINIR,ZK6907H C9,Real,Desalmacenado real,4.0,0.0006637902422834385
2026-03,ZEEKR,AUTOMOVILES,SD,001,Real,Desalmacenado real,2.0,0.00033189512114171923
2026-03,ZEEKR,AUTOMOVILES,SD,007,Real,Desalmacenado real,2.0,0.00033189512114171923
2026-03,ZEEKR,SUV,LARGE,9X,Real,Desalmacenado real,1.0,0.00016594756057085962
2026-03,ZEEKR,SUV,SIN DEFINIR,7X,Real,Desalmacenado real,16.0,0.002655160969133754
2026-03,ZEEKR,SUV,SIN DEFINIR,X,Real,Desalmacenado real,16.0,0.002655160969133754
2026-04,AION,AUTOMOVILES,HB,UT,Real,Desalmacenado real,6.0,0.0007413814407512665
2026-04,AION,SUV,SIN DEFINIR,V,Real,Desalmacenado real,56.0,0.006919560113678488
2026-04,AION,SUV,SIN DEFINIR,Y,Real,Desalmacenado real,10.0,0.0012356357345854442
2026-04,ANKAI,BUS,SIN DEFINIR,HFF6130GZ-5,Real,Desalmacenado real,6.0,0.0007413814407512665
2026-04,ARCFOX,AUTOMOVILES,SD,ALPHA S,Real,Desalmacenado real,1.0,0.0001235635734585444
2026-04,ARCFOX,PASAJEROS,SIN DEFINIR,KAOLA S,Real,Desalmacenado real,1.0,0.0001235635734585444
2026-04,ARCFOX,SUV,SIN DEFINIR,ALPHA T,Real,Desalmacenado real,1.0,0.0001235635734585444
2026-04,AUDI,AUTOMOVILES,HB,A3,Real,Desalmacenado real,1.0,0.0001235635734585444
2026-04,AUDI,AUTOMOVILES,SD,A5,Real,Desalmacenado real,1.0,0.0001235635734585444
2026-04,AUDI,AUTOMOVILES,SD,A6 E-TRON,Real,Desalmacenado real,2.0,0.0002471271469170888
2026-04,AUDI,SUV,LARGE,Q7,Real,Desalmacenado real,1.0,0.0001235635734585444
2026-04,AUDI,SUV,SIN DEFINIR,Q2,Real,Desalmacenado real,4.0,0.0004942542938341777
2026-04,AUDI,SUV,SIN DEFINIR,Q3,Real,Desalmacenado real,19.0,0.002347707895712344
2026-04,AUDI,SUV,SIN DEFINIR,Q4 E-TRON,Real,Desalmacenado real,2.0,0.0002471271469170888
2026-04,AUDI,SUV,SIN DEFINIR,Q5,Real,Desalmacenado real,13.0,0.0016063264549610774
2026-04,AUDI,SUV,SIN DEFINIR,Q6 E-TRON,Real,Desalmacenado real,2.0,0.0002471271469170888
2026-04,B.M.W.,AUTOMOVILES,SD,218,Real,Desalmacenado real,2.0,0.0002471271469170888
2026-04,B.M.W.,AUTOMOVILES,SD,320,Real,Desalmacenado real,4.0,0.0004942542938341777
2026-04,B.M.W.,AUTOMOVILES,SD,M440,Real,Desalmacenado real,2.0,0.0002471271469170888
2026-04,B.M.W.,SUV,LARGE,X6,Real,Desalmacenado real,5.0,0.0006178178672927221
2026-04,B.M.W.,SUV,LARGE,X7,Real,Desalmacenado real,8.0,0.0009885085876683553
2026-04,B.M.W.,SUV,SIN DEFINIR,IX,Real,Desalmacenado real,3.0,0.00037069072037563324
2026-04,B.M.W.,SUV,SIN DEFINIR,IX1,Real,Desalmacenado real,23.0,0.0028419621895465217
2026-04,B.M.W.,SUV,SIN DEFINIR,IX2,Real,Desalmacenado real,6.0,0.0007413814407512665
2026-04,B.M.W.,SUV,SIN DEFINIR,IX3,Real,Desalmacenado real,6.0,0.0007413814407512665
2026-04,B.M.W.,SUV,SIN DEFINIR,X1,Real,Desalmacenado real,22.0,0.0027183986160879774
2026-04,B.M.W.,SUV,SIN DEFINIR,X3,Real,Desalmacenado real,24.0,0.002965525763005066
2026-04,B.M.W.,SUV,SIN DEFINIR,X5,Real,Desalmacenado real,8.0,0.0009885085876683553
2026-04,BAIC,SUV,SIN DEFINIR,BJ30,Real,Desalmacenado real,6.0,0.0007413814407512665
2026-04,BAIC,SUV,SIN DEFINIR,X3,Real,Desalmacenado real,24.0,0.002965525763005066
2026-04,BAIC,SUV,SIN DEFINIR,X5,Real,Desalmacenado real,12.0,0.001482762881502533
2026-04,BAIC,SUV,SMALL,BJ40,Real,Desalmacenado real,2.0,0.0002471271469170888
2026-04,BAIC,SUV,SMALL,BJ41,Real,Desalmacenado real,3.0,0.00037069072037563324
2026-04,BYD,AUTOMOVILES,HB,DOLPHIN,Real,Desalmacenado real,50.0,0.006178178672927221
2026-04,BYD,AUTOMOVILES,HB,SEAGULL,Real,Desalmacenado real,140.0,0.017298900284196218
2026-04,BYD,PICK-UP,MEDIUM,SHARK,Real,Desalmacenado real,11.0,0.0013591993080439887
2026-04,BYD,SUV,LARGE,ATTO8,Real,Desalmacenado real,2.0,0.0002471271469170888
2026-04,BYD,SUV,MEDIUM,SEALION,Real,Desalmacenado real,61.0,0.007537377980971209
2026-04,BYD,SUV,MEDIUM,TI7,Real,Desalmacenado real,1.0,0.0001235635734585444
2026-04,BYD,SUV,SIN DEFINIR,S1 PRO EV,Real,Desalmacenado real,318.0,0.039293216359817126
2026-04,BYD,SUV,SIN DEFINIR,SONG PRO EV,Real,Desalmacenado real,3.0,0.00037069072037563324
2026-04,BYD,SUV,SIN DEFINIR,YUAN PLUS EV,Real,Desalmacenado real,60.0,0.0074138144075126654
2026-04,CADILLAC,SUV,LARGE,ESCALADE,Real,Desalmacenado real,1.0,0.0001235635734585444
2026-04,CAMC,CAMIONES,[4] PESADO [HD],HN3310B42C3M3,Real,Desalmacenado real,1.0,0.0001235635734585444
2026-04,CAMC,CAMIONES,[4] PESADO [HD],HN4180,Real,Desalmacenado real,1.0,0.0001235635734585444
2026-04,CHANGAN,AUTOMOVILES,SD,ALSVIN,Real,Desalmacenado real,7.0,0.000864945014209811
2026-04,CHANGAN,PANEL,SIN DEFINIR,HONOR,Real,Desalmacenado real,5.0,0.0006178178672927221
2026-04,CHANGAN,PASAJEROS,SIN DEFINIR,HONOR S,Real,Desalmacenado real,8.0,0.0009885085876683553
2026-04,CHANGAN,PICK-UP,MEDIUM,HUNTER,Real,Desalmacenado real,19.0,0.002347707895712344
2026-04,CHANGAN,PICK-UP,MEDIUM,HUNTER EV,Real,Desalmacenado real,14.0,0.001729890028419622
2026-04,CHANGAN,SUV,MEDIUM,CS 75,Real,Desalmacenado real,15.0,0.0018534536018781664
2026-04,CHANGAN,SUV,SIN DEFINIR,CS 15,Real,Desalmacenado real,11.0,0.0013591993080439887
2026-04,CHANGAN,SUV,SIN DEFINIR,CS 55,Real,Desalmacenado real,42.0,0.0051896700852588655
2026-04,CHANGAN,SUV,SIN DEFINIR,CS35,Real,Desalmacenado real,83.0,0.010255776597059186
2026-04,CHANGAN,SUV,SIN DEFINIR,CS35 MAX,Real,Desalmacenado real,42.0,0.0051896700852588655
2026-04,CHANGAN,SUV,SIN DEFINIR,Q05,Real,Desalmacenado real,1.0,0.0001235635734585444
2026-04,CHANGAN,SUV,SIN DEFINIR,S05,Real,Desalmacenado real,10.0,0.0012356357345854442
2026-04,CHANGAN,SUV,SIN DEFINIR,S07,Real,Desalmacenado real,1.0,0.0001235635734585444
2026-04,CHANGAN,SUV,SIN DEFINIR,UNI-T,Real,Desalmacenado real,2.0,0.0002471271469170888
2026-04,CHERY,PICK-UP,MEDIUM,HIMLA,Real,Desalmacenado real,36.0,0.004448288644507599
2026-04,CHERY,SUV,LARGE,ICAR V27,Real,Desalmacenado real,4.0,0.0004942542938341777
2026-04,CHERY,SUV,SIN DEFINIR,ICAR 03,Real,Desalmacenado real,108.0,0.013344865933522798
2026-04,CHERY,SUV,SIN DEFINIR,ICAR V23,Real,Desalmacenado real,75.0,0.009267268009390832
2026-04,CHERY,SUV,SIN DEFINIR,Q,Real,Desalmacenado real,1.0,0.0001235635734585444
2026-04,CHERY,SUV,SIN DEFINIR,TIGGO 2,Real,Desalmacenado real,69.0,0.008525886568639566
2026-04,CHERY,SUV,SIN DEFINIR,TIGGO 4,Real,Desalmacenado real,45.0,0.005560360805634499
2026-04,CHERY,SUV,SIN DEFINIR,TIGGO 7,Real,Desalmacenado real,58.0,0.007166687260595576
2026-04,CHERY,SUV,SIN DEFINIR,TIGGO 8,Real,Desalmacenado real,22.0,0.0027183986160879774
2026-04,CHEVROLET,AUTOMOVILES,HB,AVEO HB,Real,Desalmacenado real,18.0,0.0022241443222537995
2026-04,CHEVROLET,PANEL,SIN DEFINIR,N400,Real,Desalmacenado real,39.0,0.004818979364883232
2026-04,CHEVROLET,PICK-UP,LARGE,SILVERADO,Real,Desalmacenado real,36.0,0.004448288644507599
2026-04,CHEVROLET,PICK-UP,MEDIUM,COLORADO,Real,Desalmacenado real,29.0,0.003583343630297788
2026-04,CHEVROLET,SUV,LARGE,SUBURBAN,Real,Desalmacenado real,2.0,0.0002471271469170888
2026-04,CHEVROLET,SUV,LARGE,TAHOE,Real,Desalmacenado real,11.0,0.0013591993080439887
2026-04,CHEVROLET,SUV,LARGE,TRAVERSE,Real,Desalmacenado real,2.0,0.0002471271469170888
2026-04,CHEVROLET,SUV,MEDIUM,TRAIL BLAZER,Real,Desalmacenado real,6.0,0.0007413814407512665
2026-04,CHEVROLET,SUV,SIN DEFINIR,CAPTIVA,Real,Desalmacenado real,11.0,0.0013591993080439887
2026-04,CHEVROLET,SUV,SIN DEFINIR,CAPTIVA PHEV,Real,Desalmacenado real,10.0,0.0012356357345854442
2026-04,CHEVROLET,SUV,SIN DEFINIR,GROOVE,Real,Desalmacenado real,33.0,0.004077597924131966
2026-04,CHEVROLET,SUV,SIN DEFINIR,SPARK EUV,Real,Desalmacenado real,11.0,0.0013591993080439887
2026-04,CHEVROLET,SUV,SIN DEFINIR,TRACKER,Real,Desalmacenado real,5.0,0.0006178178672927221
2026-04,CHEVROLET,SUV,SIN DEFINIR,TRAX,Real,Desalmacenado real,4.0,0.0004942542938341777
2026-04,CITROEN,AUTOMOVILES,HB,C3 HB,Real,Desalmacenado real,1.0,0.0001235635734585444
2026-04,CITROEN,PANEL,SIN DEFINIR,BERLINGO,Real,Desalmacenado real,1.0,0.0001235635734585444
2026-04,CITROEN,SUV,SIN DEFINIR,C3 AIRCROSS,Real,Desalmacenado real,1.0,0.0001235635734585444
2026-04,CITROEN,SUV,SIN DEFINIR,C5 AIRCROSS,Real,Desalmacenado real,1.0,0.0001235635734585444
2026-04,CLW,CAMIONES,[3] MEDIANO [MD],CLW5130,Real,Desalmacenado real,1.0,0.0001235635734585444
2026-04,DAYUN,CAMIONES,[4] PESADO [HD],CGC4251,Real,Desalmacenado real,9.0,0.0011120721611268998
2026-04,DFSK,MICROBUS,SIN DEFINIR,C37,Real,Desalmacenado real,4.0,0.0004942542938341777
2026-04,DFSK,SUV,SIN DEFINIR,E5,Real,Desalmacenado real,3.0,0.00037069072037563324
2026-04,DFSK,SUV,SIN DEFINIR,GLORY 500,Real,Desalmacenado real,9.0,0.0011120721611268998
2026-04,DFSK,SUV,SIN DEFINIR,GLORY 560,Real,Desalmacenado real,6.0,0.0007413814407512665
2026-04,DFSK,SUV,SIN DEFINIR,GLORY 580,Real,Desalmacenado real,2.0,0.0002471271469170888
2026-04,DONGFENG,BUSETAS,SIN DEFINIR,DF6768,Real,Desalmacenado real,1.0,0.0001235635734585444
2026-04,DONGFENG,PICK-UP,MEDIUM,RICH,Real,Desalmacenado real,20.0,0.0024712714691708885
2026-04,DONGFENG,SUV,SIN DEFINIR,FRIDAY,Real,Desalmacenado real,1.0,0.0001235635734585444
2026-04,DONGFENG,SUV,SIN DEFINIR,NAMMI 06,Real,Desalmacenado real,160.0,0.019770171753367108
2026-04,DONGFENG I,CAMIONES,SIN DEFINIR,CAPTAIN 5.0T,Real,Desalmacenado real,1.0,0.0001235635734585444
2026-04,DONGFENG I,CAMIONES,[3] MEDIANO [MD],DF310,Real,Desalmacenado real,3.0,0.00037069072037563324
2026-04,DONGFENG I,CAMIONES,[3] MEDIANO [MD],DF813,Real,Desalmacenado real,2.0,0.0002471271469170888
2026-04,DONGFENG I,MICROBUS,SIN DEFINIR,DF3050P,Real,Desalmacenado real,3.0,0.00037069072037563324
2026-04,DONGFENG I,MICROBUS,SIN DEFINIR,DFA6768,Real,Desalmacenado real,1.0,0.0001235635734585444
2026-04,FANGCHENGBAO,SUV,SIN DEFINIR,BAO 3,Real,Desalmacenado real,15.0,0.0018534536018781664
2026-04,FAW,CAMIONES,SIN DEFINIR,ACTIS,Real,Desalmacenado real,7.0,0.000864945014209811
2026-04,FAW,CAMIONES,SIN DEFINIR,TIGER,Real,Desalmacenado real,10.0,0.0012356357345854442
2026-04,FORD,PICK-UP,LARGE,F550,Real,Desalmacenado real,8.0,0.0009885085876683553
2026-04,FORD,PICK-UP,MEDIUM,RANGER,Real,Desalmacenado real,31.0,0.003830470777214877
2026-04,FORD,SUV,LARGE,EXPLORER,Real,Desalmacenado real,1.0,0.0001235635734585444
2026-04,FORD,SUV,SIN DEFINIR,EDGE HV,Real,Desalmacenado real,8.0,0.0009885085876683553
2026-04,FORD,SUV,SIN DEFINIR,TERRITORY,Real,Desalmacenado real,18.0,0.0022241443222537995
2026-04,FORD,SUV,SMALL,EVEREST,Real,Desalmacenado real,17.0,0.0021005807487952553
2026-04,FORLAND,CAMIONES,SIN DEFINIR,F200 PRO,Real,Desalmacenado real,7.0,0.000864945014209811
2026-04,FORLAND,CAMIONES,SIN DEFINIR,F4000,Real,Desalmacenado real,1.0,0.0001235635734585444
2026-04,FORLAND,CAMIONES,SIN DEFINIR,F5000,Real,Desalmacenado real,5.0,0.0006178178672927221
2026-04,FORLAND,CAMIONES,SIN DEFINIR,F6000,Real,Desalmacenado real,5.0,0.0006178178672927221
2026-04,FORLAND,CAMIONES,SIN DEFINIR,X4000,Real,Desalmacenado real,4.0,0.0004942542938341777
2026-04,FOTON,MICROBUS,SIN DEFINIR,TOANO,Real,Desalmacenado real,4.0,0.0004942542938341777
2026-04,FOTON,MICROBUS,SIN DEFINIR,VIEW,Real,Desalmacenado real,11.0,0.0013591993080439887
2026-04,FOTON,PICK-UP,MEDIUM,TUNLAND,Real,Desalmacenado real,23.0,0.0028419621895465217
2026-04,FOTON I,CAMIONES,SIN DEFINIR,AUMARK,Real,Desalmacenado real,10.0,0.0012356357345854442
2026-04,FOTON I,CAMIONES,SIN DEFINIR,MILER,Real,Desalmacenado real,6.0,0.0007413814407512665
2026-04,FOTON I,CAMIONES,SIN DEFINIR,TM,Real,Desalmacenado real,3.0,0.00037069072037563324
2026-04,FOTON I,MICROBUS,SIN DEFINIR,BJ6816,Real,Desalmacenado real,1.0,0.0001235635734585444
2026-04,FOTON II,CAMIONES,[2] LIVIANO [LD],BJ 1044,Real,Desalmacenado real,48.0,0.005931051526010132
2026-04,FOTON II,CAMIONES,[3] MEDIANO [MD],BJ 1065,Real,Desalmacenado real,12.0,0.001482762881502533
2026-04,FREIGHTLINER,CAMIONES,SIN DEFINIR,114 SD,Real,Desalmacenado real,1.0,0.0001235635734585444
2026-04,FREIGHTLINER,CAMIONES,SIN DEFINIR,M2 106,Real,Desalmacenado real,2.0,0.0002471271469170888
2026-04,FUSO,CAMIONES,SIN DEFINIR,CANTER,Real,Desalmacenado real,14.0,0.001729890028419622
2026-04,GAC,PASAJEROS,SIN DEFINIR,M6,Real,Desalmacenado real,3.0,0.00037069072037563324
2026-04,GAC,SUV,MEDIUM,GS8,Real,Desalmacenado real,10.0,0.0012356357345854442
2026-04,GAC,SUV,SIN DEFINIR,EMKOO,Real,Desalmacenado real,1.0,0.0001235635734585444
2026-04,GAC,SUV,SIN DEFINIR,EMZOOM,Real,Desalmacenado real,10.0,0.0012356357345854442
2026-04,GAC,SUV,SIN DEFINIR,GS3,Real,Desalmacenado real,2.0,0.0002471271469170888
2026-04,GAC,SUV,SIN DEFINIR,GS4,Real,Desalmacenado real,9.0,0.0011120721611268998
2026-04,GEELY,PANEL,SIN DEFINIR,FARIZON V6E,Real,Desalmacenado real,9.0,0.0011120721611268998
2026-04,GEELY,PICK-UP,MEDIUM,RIDDARA RD6,Real,Desalmacenado real,10.0,0.0012356357345854442
2026-04,GEELY,SUV,LARGE,M9,Real,Desalmacenado real,4.0,0.0004942542938341777
2026-04,GEELY,SUV,SIN DEFINIR,COOLRAY,Real,Desalmacenado real,82.0,0.010132213023600643
2026-04,GEELY,SUV,SIN DEFINIR,EX5,Real,Desalmacenado real,162.0,0.020017298900284197
2026-04,GEELY,SUV,SIN DEFINIR,GEOME,Real,Desalmacenado real,141.0,0.017422463857654762
2026-04,GEELY,SUV,SIN DEFINIR,GX3,Real,Desalmacenado real,82.0,0.010132213023600643
2026-04,GEELY,SUV,SIN DEFINIR,STARRAY,Real,Desalmacenado real,18.0,0.0022241443222537995
2026-04,GEELY,SUV,SMALL,OKAVANGO,Real,Desalmacenado real,3.0,0.00037069072037563324
2026-04,GREATWALL,PICK-UP,MEDIUM,POER,Real,Desalmacenado real,31.0,0.003830470777214877
2026-04,GREATWALL,PICK-UP,MEDIUM,WINGLE,Real,Desalmacenado real,11.0,0.0013591993080439887
2026-04,GREATWALL I,SUV,LARGE,TANK 500,Real,Desalmacenado real,2.0,0.0002471271469170888
2026-04,GREATWALL I,SUV,SMALL,TANK 300,Real,Desalmacenado real,12.0,0.001482762881502533
2026-04,HAVAL,SUV,MEDIUM,H9,Real,Desalmacenado real,7.0,0.000864945014209811
2026-04,HAVAL,SUV,SIN DEFINIR,H6,Real,Desalmacenado real,16.0,0.0019770171753367106
2026-04,HAVAL,SUV,SIN DEFINIR,JOLION,Real,Desalmacenado real,14.0,0.001729890028419622
2026-04,HIGER,BUSETAS,SIN DEFINIR,KLQ6540,Real,Desalmacenado real,6.0,0.0007413814407512665
2026-04,HIGER,BUSETAS,SIN DEFINIR,KLQ6600,Real,Desalmacenado real,1.0,0.0001235635734585444
2026-04,HINO,CAMIONES,SIN DEFINIR,FM8JR7A,Real,Desalmacenado real,3.0,0.00037069072037563324
2026-04,HINO,CAMIONES,SIN DEFINIR,LY230L,Real,Desalmacenado real,15.0,0.0018534536018781664
2026-04,HINO,CAMIONES,SIN DEFINIR,XZU600L,Real,Desalmacenado real,9.0,0.0011120721611268998
2026-04,HINO,CAMIONES,SIN DEFINIR,XZU650L,Real,Desalmacenado real,1.0,0.0001235635734585444
2026-04,HINO,CAMIONES,SIN DEFINIR,XZU710L,Real,Desalmacenado real,9.0,0.0011120721611268998
2026-04,HINO,CAMIONES,SIN DEFINIR,XZU720L,Real,Desalmacenado real,2.0,0.0002471271469170888
2026-04,HINO,CAMIONES,SIN DEFINIR,XZU730L,Real,Desalmacenado real,6.0,0.0007413814407512665
2026-04,HONDA,PASAJEROS,SIN DEFINIR,ODYSSEY,Real,Desalmacenado real,2.0,0.0002471271469170888
2026-04,HONDA,SUV,MEDIUM,PILOT,Real,Desalmacenado real,14.0,0.001729890028419622
2026-04,HONDA,SUV,SIN DEFINIR,BR-V,Real,Desalmacenado real,1.0,0.0001235635734585444
2026-04,HONDA,SUV,SIN DEFINIR,CR-V,Real,Desalmacenado real,34.0,0.004201161497590511
2026-04,HONDA,SUV,SIN DEFINIR,ENP2,Real,Desalmacenado real,1.0,0.0001235635734585444
2026-04,HONDA,SUV,SIN DEFINIR,HR-V,Real,Desalmacenado real,22.0,0.0027183986160879774
2026-04,HYUNDAI,AUTOMOVILES,HB,I10 HB,Real,Desalmacenado real,56.0,0.006919560113678488
2026-04,HYUNDAI,AUTOMOVILES,SD,ACCENT,Real,Desalmacenado real,8.0,0.0009885085876683553
2026-04,HYUNDAI,AUTOMOVILES,SD,I10 SD,Real,Desalmacenado real,49.0,0.0060546150994686765
2026-04,HYUNDAI,BUSETAS,SIN DEFINIR,COUNTY,Real,Desalmacenado real,14.0,0.001729890028419622
2026-04,HYUNDAI,CAMIONES,SIN DEFINIR,EX6 MIGHTY,Real,Desalmacenado real,4.0,0.0004942542938341777
2026-04,HYUNDAI,CAMIONES,SIN DEFINIR,EX9 MIGHTY,Real,Desalmacenado real,5.0,0.0006178178672927221
2026-04,HYUNDAI,MICROBUS,SIN DEFINIR,STARIA,Real,Desalmacenado real,27.0,0.0033362164833806995
2026-04,HYUNDAI,PANEL,SIN DEFINIR,STARIA,Real,Desalmacenado real,1.0,0.0001235635734585444
2026-04,HYUNDAI,SUV,MEDIUM,PALISADE HV,Real,Desalmacenado real,3.0,0.00037069072037563324
2026-04,HYUNDAI,SUV,SIN DEFINIR,CRETA,Real,Desalmacenado real,137.0,0.016928209563820587
2026-04,HYUNDAI,SUV,SIN DEFINIR,CRETA GRAND,Real,Desalmacenado real,42.0,0.0051896700852588655
2026-04,HYUNDAI,SUV,SIN DEFINIR,KONA,Real,Desalmacenado real,11.0,0.0013591993080439887
2026-04,HYUNDAI,SUV,SIN DEFINIR,SANTA FE,Real,Desalmacenado real,7.0,0.000864945014209811
2026-04,HYUNDAI,SUV,SIN DEFINIR,TUCSON,Real,Desalmacenado real,140.0,0.017298900284196218
2026-04,HYUNDAI,SUV,SIN DEFINIR,VENUE,Real,Desalmacenado real,89.0,0.010997158037810453
2026-04,INTERNATIONAL,CAMIONES,SIN DEFINIR,SERIE HV,Real,Desalmacenado real,8.0,0.0009885085876683553
2026-04,INTERNATIONAL,CAMIONES,SIN DEFINIR,SERIE HX,Real,Desalmacenado real,1.0,0.0001235635734585444
2026-04,INTERNATIONAL,CAMIONES,SIN DEFINIR,SERIE PROSTAR,Real,Desalmacenado real,4.0,0.0004942542938341777
2026-04,ISUZU,CAMIONES,SIN DEFINIR,FRR,Real,Desalmacenado real,2.0,0.0002471271469170888
2026-04,ISUZU,CAMIONES,SIN DEFINIR,FTR,Real,Desalmacenado real,1.0,0.0001235635734585444
2026-04,ISUZU,CAMIONES,SIN DEFINIR,FVR,Real,Desalmacenado real,1.0,0.0001235635734585444
2026-04,ISUZU,CAMIONES,SIN DEFINIR,FVZ,Real,Desalmacenado real,7.0,0.000864945014209811
2026-04,ISUZU,CAMIONES,SIN DEFINIR,M600,Real,Desalmacenado real,3.0,0.00037069072037563324
2026-04,ISUZU,CAMIONES,SIN DEFINIR,NKR - ELF,Real,Desalmacenado real,1.0,0.0001235635734585444
2026-04,ISUZU,CAMIONES,SIN DEFINIR,NLR,Real,Desalmacenado real,24.0,0.002965525763005066
2026-04,ISUZU,CAMIONES,SIN DEFINIR,NMR,Real,Desalmacenado real,15.0,0.0018534536018781664
2026-04,ISUZU,CAMIONES,SIN DEFINIR,NPR,Real,Desalmacenado real,7.0,0.000864945014209811
2026-04,ISUZU,CAMIONES,SIN DEFINIR,NPS,Real,Desalmacenado real,12.0,0.001482762881502533
2026-04,ISUZU,CAMIONES,SIN DEFINIR,NQR,Real,Desalmacenado real,17.0,0.0021005807487952553
2026-04,ISUZU,CAMIONES,SIN DEFINIR,NZR,Real,Desalmacenado real,5.0,0.0006178178672927221
2026-04,ISUZU,CAMIONES,SIN DEFINIR,QLR77,Real,Desalmacenado real,9.0,0.0011120721611268998
2026-04,ISUZU,PICK-UP,MEDIUM,D-MAX,Real,Desalmacenado real,129.0,0.01593970097615223
2026-04,ISUZU,SUV,SMALL,MU-X,Real,Desalmacenado real,32.0,0.003954034350673421
2026-04,IVECO,BUS,SIN DEFINIR,GRAN V,Real,Desalmacenado real,1.0,0.0001235635734585444
2026-04,IVECO,CAMIONES,SIN DEFINIR,T WAY,Real,Desalmacenado real,1.0,0.0001235635734585444
2026-04,IVECO,CAMIONES,SIN DEFINIR,TECTOR,Real,Desalmacenado real,1.0,0.0001235635734585444
2026-04,JAC,PICK-UP,MEDIUM,T8,Real,Desalmacenado real,9.0,0.0011120721611268998
2026-04,JAC,PICK-UP,MEDIUM,T9,Real,Desalmacenado real,5.0,0.0006178178672927221
2026-04,JAC,SUV,SIN DEFINIR,JS2,Real,Desalmacenado real,8.0,0.0009885085876683553
2026-04,JAC I,CAMIONES,SIN DEFINIR,HFC1035K,Real,Desalmacenado real,8.0,0.0009885085876683553
2026-04,JAC I,CAMIONES,SIN DEFINIR,HFC1042,Real,Desalmacenado real,19.0,0.002347707895712344
2026-04,JAC I,CAMIONES,SIN DEFINIR,N75,Real,Desalmacenado real,3.0,0.00037069072037563324
2026-04,JAC I,CAMIONES,SIN DEFINIR,N90,Real,Desalmacenado real,8.0,0.0009885085876683553
2026-04,JAC I,MICROBUS,SIN DEFINIR,SUNRAY,Real,Desalmacenado real,2.0,0.0002471271469170888
2026-04,JAECOO,SUV,SIN DEFINIR,J5,Real,Desalmacenado real,5.0,0.0006178178672927221
2026-04,JAECOO,SUV,SIN DEFINIR,J5 BEV,Real,Desalmacenado real,5.0,0.0006178178672927221
2026-04,JAECOO,SUV,SIN DEFINIR,J7,Real,Desalmacenado real,3.0,0.00037069072037563324
2026-04,JAECOO,SUV,SMALL,J8,Real,Desalmacenado real,3.0,0.00037069072037563324
2026-04,JEEP,PICK-UP,LARGE,GLADIATOR,Real,Desalmacenado real,1.0,0.0001235635734585444
2026-04,JEEP,SUV,SIN DEFINIR,AVENGER,Real,Desalmacenado real,2.0,0.0002471271469170888
2026-04,JEEP,SUV,SIN DEFINIR,COMPASS,Real,Desalmacenado real,16.0,0.0019770171753367106
2026-04,JEEP,SUV,SMALL,COMMANDER,Real,Desalmacenado real,1.0,0.0001235635734585444
2026-04,JEEP,SUV,SMALL,WRANGLER,Real,Desalmacenado real,1.0,0.0001235635734585444
2026-04,JETOUR,SUV,LARGE,G700,Real,Desalmacenado real,2.0,0.0002471271469170888
2026-04,JETOUR,SUV,SIN DEFINIR,DASHING,Real,Desalmacenado real,27.0,0.0033362164833806995
2026-04,JETOUR,SUV,SIN DEFINIR,X50,Real,Desalmacenado real,63.0,0.007784505127888299
2026-04,JETOUR,SUV,SIN DEFINIR,X70,Real,Desalmacenado real,7.0,0.000864945014209811
2026-04,JETOUR,SUV,SMALL,T1,Real,Desalmacenado real,7.0,0.000864945014209811
2026-04,JETOUR,SUV,SMALL,T2,Real,Desalmacenado real,8.0,0.0009885085876683553
2026-04,JMC,CAMIONES,SIN DEFINIR,N601,Real,Desalmacenado real,6.0,0.0007413814407512665
2026-04,JMC,CAMIONES,SIN DEFINIR,N822,Real,Desalmacenado real,30.0,0.0037069072037563327
2026-04,JMC,PICK-UP,MEDIUM,GRAND AVENUE,Real,Desalmacenado real,23.0,0.0028419621895465217
2026-04,JMC,PICK-UP,MEDIUM,VIGUS,Real,Desalmacenado real,2.0,0.0002471271469170888
2026-04,KAIYI,SUV,SIN DEFINIR,X7,Real,Desalmacenado real,9.0,0.0011120721611268998
2026-04,KARRY,MICROBUS,SIN DEFINIR,Q22L,Real,Desalmacenado real,1.0,0.0001235635734585444
2026-04,KENWORTH,CAMIONES,SIN DEFINIR,T800 - T880,Real,Desalmacenado real,8.0,0.0009885085876683553
2026-04,KIA,AUTOMOVILES,HB,K3 HB,Real,Desalmacenado real,24.0,0.002965525763005066
2026-04,KIA,AUTOMOVILES,HB,PICANTO HB,Real,Desalmacenado real,24.0,0.002965525763005066
2026-04,KIA,AUTOMOVILES,SD,K3 SD,Real,Desalmacenado real,3.0,0.00037069072037563324
2026-04,KIA,AUTOMOVILES,SD,SOLUTO,Real,Desalmacenado real,16.0,0.0019770171753367106
2026-04,KIA,CAMIONES,SIN DEFINIR,K2500,Real,Desalmacenado real,71.0,0.008773013715556654
2026-04,KIA,PASAJEROS,SIN DEFINIR,CARNIVAL,Real,Desalmacenado real,1.0,0.0001235635734585444
2026-04,KIA,PASAJEROS,SIN DEFINIR,PV5,Real,Desalmacenado real,1.0,0.0001235635734585444
2026-04,KIA,PICK-UP,MEDIUM,TASMAN,Real,Desalmacenado real,3.0,0.00037069072037563324
2026-04,KIA,SUV,LARGE,EV9,Real,Desalmacenado real,1.0,0.0001235635734585444
2026-04,KIA,SUV,SIN DEFINIR,EV3,Real,Desalmacenado real,7.0,0.000864945014209811
2026-04,KIA,SUV,SIN DEFINIR,EV5,Real,Desalmacenado real,7.0,0.000864945014209811
2026-04,KIA,SUV,SIN DEFINIR,SELTOS,Real,Desalmacenado real,9.0,0.0011120721611268998
2026-04,KIA,SUV,SIN DEFINIR,SONET,Real,Desalmacenado real,2.0,0.0002471271469170888
2026-04,KIA,SUV,SIN DEFINIR,SPORTAGE,Real,Desalmacenado real,34.0,0.004201161497590511
2026-04,KIA,SUV,SMALL,SORENTO,Real,Desalmacenado real,2.0,0.0002471271469170888
2026-04,LAND ROVER,SUV,LARGE,DEFENDER,Real,Desalmacenado real,13.0,0.0016063264549610774
2026-04,LAND ROVER,SUV,LARGE,RANGE ROVER,Real,Desalmacenado real,2.0,0.0002471271469170888
2026-04,LAND ROVER,SUV,LARGE,RANGE ROVER SPORT,Real,Desalmacenado real,10.0,0.0012356357345854442
2026-04,LAND ROVER,SUV,SIN DEFINIR,EVOQUE,Real,Desalmacenado real,2.0,0.0002471271469170888
2026-04,LEAPMOTOR,SUV,SIN DEFINIR,B10,Real,Desalmacenado real,3.0,0.00037069072037563324
2026-04,LEAPMOTOR,SUV,SIN DEFINIR,C10,Real,Desalmacenado real,3.0,0.00037069072037563324
2026-04,LEXUS,SUV,LARGE,GX,Real,Desalmacenado real,11.0,0.0013591993080439887
2026-04,LEXUS,SUV,LARGE,LX 700H,Real,Desalmacenado real,3.0,0.00037069072037563324
2026-04,LEXUS,SUV,LARGE,LX DSL,Real,Desalmacenado real,3.0,0.00037069072037563324
2026-04,LEXUS,SUV,SIN DEFINIR,LBX,Real,Desalmacenado real,8.0,0.0009885085876683553
2026-04,LEXUS,SUV,SIN DEFINIR,NX HEV,Real,Desalmacenado real,7.0,0.000864945014209811
2026-04,LEXUS,SUV,SIN DEFINIR,RX HEV,Real,Desalmacenado real,2.0,0.0002471271469170888
2026-04,LEXUS,SUV,SIN DEFINIR,UX HEV,Real,Desalmacenado real,1.0,0.0001235635734585444
2026-04,LI,SUV,MEDIUM,L6,Real,Desalmacenado real,4.0,0.0004942542938341777
2026-04,LUCID,AUTOMOVILES,SD,AIR,Real,Desalmacenado real,1.0,0.0001235635734585444
2026-04,LYNK & CO,SUV,LARGE,09,Real,Desalmacenado real,1.0,0.0001235635734585444
2026-04,M.G.,AUTOMOVILES,HB,MG 3 HB,Real,Desalmacenado real,1.0,0.0001235635734585444
2026-04,M.G.,SUV,SIN DEFINIR,RX,Real,Desalmacenado real,5.0,0.0006178178672927221
2026-04,M.G.,SUV,SIN DEFINIR,ZS,Real,Desalmacenado real,1.0,0.0001235635734585444
2026-04,MACK,CAMIONES,SIN DEFINIR,AN64TX,Real,Desalmacenado real,6.0,0.0007413814407512665
2026-04,MAHINDRA,SUV,SIN DEFINIR,XUV300,Real,Desalmacenado real,2.0,0.0002471271469170888
2026-04,MAXUS,MICROBUS,SIN DEFINIR,DELIVERY 9,Real,Desalmacenado real,18.0,0.0022241443222537995
2026-04,MAXUS,MICROBUS,SIN DEFINIR,V80,Real,Desalmacenado real,2.0,0.0002471271469170888
2026-04,MAXUS,MICROBUS,SIN DEFINIR,V90,Real,Desalmacenado real,8.0,0.0009885085876683553
2026-04,MAXUS,PICK-UP,MEDIUM,T60,Real,Desalmacenado real,13.0,0.0016063264549610774
2026-04,MAXUS,SUV,SIN DEFINIR,D60,Real,Desalmacenado real,3.0,0.00037069072037563324
2026-04,MAXUS,SUV,SIN DEFINIR,D90,Real,Desalmacenado real,3.0,0.00037069072037563324
2026-04,MAZDA,AUTOMOVILES,SD,MX5,Real,Desalmacenado real,1.0,0.0001235635734585444
2026-04,MAZDA,SUV,MEDIUM,CX-90,Real,Desalmacenado real,3.0,0.00037069072037563324
2026-04,MAZDA,SUV,SIN DEFINIR,CX-30,Real,Desalmacenado real,36.0,0.004448288644507599
2026-04,MAZDA,SUV,SIN DEFINIR,CX-5,Real,Desalmacenado real,88.0,0.01087359446435191
2026-04,MAZDA,SUV,SIN DEFINIR,CX-60,Real,Desalmacenado real,16.0,0.0019770171753367106
2026-04,MERCEDES BENZ,SUV,LARGE,GLS400,Real,Desalmacenado real,2.0,0.0002471271469170888
2026-04,MERCEDES BENZ,SUV,SIN DEFINIR,GLC200,Real,Desalmacenado real,15.0,0.0018534536018781664
2026-04,MERCEDES BENZ,SUV,SIN DEFINIR,GLC43,Real,Desalmacenado real,1.0,0.0001235635734585444
2026-04,MERCEDES BENZ,SUV,SIN DEFINIR,GLE300,Real,Desalmacenado real,1.0,0.0001235635734585444
2026-04,MERCEDES BENZ,SUV,SIN DEFINIR,GLE450,Real,Desalmacenado real,5.0,0.0006178178672927221
2026-04,MINI,AUTOMOVILES,HB,COOPER,Real,Desalmacenado real,1.0,0.0001235635734585444
2026-04,MINI,AUTOMOVILES,HB,COOPER BEV,Real,Desalmacenado real,1.0,0.0001235635734585444
2026-04,MINI,AUTOMOVILES,HB,JOHN COOPER WORKS,Real,Desalmacenado real,1.0,0.0001235635734585444
2026-04,MINI,SUV,SIN DEFINIR,ACEMAN,Real,Desalmacenado real,18.0,0.0022241443222537995
2026-04,MINI,SUV,SIN DEFINIR,COUNTRYMAN,Real,Desalmacenado real,1.0,0.0001235635734585444
2026-04,MITSUBISHI,BUSETAS,SIN DEFINIR,ROSA,Real,Desalmacenado real,4.0,0.0004942542938341777
2026-04,MITSUBISHI,PASAJEROS,SIN DEFINIR,XPANDER,Real,Desalmacenado real,3.0,0.00037069072037563324
2026-04,MITSUBISHI,PICK-UP,MEDIUM,L200,Real,Desalmacenado real,81.0,0.010008649450142099
2026-04,MITSUBISHI,SUV,SIN DEFINIR,DESTINATOR,Real,Desalmacenado real,95.0,0.01173853947856172
2026-04,MITSUBISHI,SUV,SIN DEFINIR,ECLIPSE CROSS,Real,Desalmacenado real,77.0,0.00951439515630792
2026-04,MITSUBISHI,SUV,SIN DEFINIR,OUTLANDER,Real,Desalmacenado real,44.0,0.005436797232175955
2026-04,MITSUBISHI,SUV,SIN DEFINIR,OUTLANDER SPORT,Real,Desalmacenado real,117.0,0.014456938094649697
2026-04,MITSUBISHI,SUV,SMALL,MONTERO SPORT,Real,Desalmacenado real,101.0,0.012479920919312987
2026-04,NETA,SUV,SIN DEFINIR,AYA (PREVIOUS V),Real,Desalmacenado real,1.0,0.0001235635734585444
2026-04,NIO,AUTOMOVILES,HB,FIREFLY,Real,Desalmacenado real,17.0,0.0021005807487952553
2026-04,NIO,SUV,LARGE,L90,Real,Desalmacenado real,2.0,0.0002471271469170888
2026-04,NIO,SUV,MEDIUM,L60,Real,Desalmacenado real,10.0,0.0012356357345854442
2026-04,NIO,SUV,SMALL,EL6,Real,Desalmacenado real,1.0,0.0001235635734585444
2026-04,NISSAN,AUTOMOVILES,SD,VERSA,Real,Desalmacenado real,7.0,0.000864945014209811
2026-04,NISSAN,MICROBUS,SIN DEFINIR,URVAN,Real,Desalmacenado real,18.0,0.0022241443222537995
2026-04,NISSAN,PICK-UP,MEDIUM,FRONTIER,Real,Desalmacenado real,175.0,0.021623625355245275
2026-04,NISSAN,SUV,LARGE,ARMADA,Real,Desalmacenado real,1.0,0.0001235635734585444
2026-04,NISSAN,SUV,MEDIUM,PATHFINDER,Real,Desalmacenado real,1.0,0.0001235635734585444
2026-04,NISSAN,SUV,SIN DEFINIR,KAIT,Real,Desalmacenado real,59.0,0.007290250834054121
2026-04,NISSAN,SUV,SIN DEFINIR,KICKS,Real,Desalmacenado real,154.0,0.01902879031261584
2026-04,NISSAN,SUV,SIN DEFINIR,MAGNITE,Real,Desalmacenado real,134.0,0.016557518843444953
2026-04,NISSAN,SUV,SIN DEFINIR,QASHQAI,Real,Desalmacenado real,40.0,0.004942542938341777
2026-04,NISSAN,SUV,SIN DEFINIR,X-TRAIL,Real,Desalmacenado real,66.0,0.008155195848263932
2026-04,NISSAN,SUV,SIN DEFINIR,X-TRAIL E-POWER,Real,Desalmacenado real,69.0,0.008525886568639566
2026-04,OMODA,SUV,SIN DEFINIR,C5,Real,Desalmacenado real,26.0,0.003212652909922155
2026-04,OMODA,SUV,SIN DEFINIR,C7,Real,Desalmacenado real,6.0,0.0007413814407512665
2026-04,PEUGEOT,PASAJEROS,SIN DEFINIR,RIFTER,Real,Desalmacenado real,1.0,0.0001235635734585444
2026-04,PEUGEOT,SUV,SIN DEFINIR,2008,Real,Desalmacenado real,5.0,0.0006178178672927221
2026-04,PEUGEOT,SUV,SIN DEFINIR,3008,Real,Desalmacenado real,8.0,0.0009885085876683553
2026-04,PORSCHE,AUTOMOVILES,SD,911,Real,Desalmacenado real,2.0,0.0002471271469170888
2026-04,PORSCHE,SUV,LARGE,CAYENNE,Real,Desalmacenado real,3.0,0.00037069072037563324
2026-04,PORSCHE,SUV,SIN DEFINIR,MACAN,Real,Desalmacenado real,2.0,0.0002471271469170888
2026-04,PORSCHE,SUV,SIN DEFINIR,MACAN EV,Real,Desalmacenado real,2.0,0.0002471271469170888
2026-04,RAM,PICK-UP,LARGE,RAM 1500,Real,Desalmacenado real,9.0,0.0011120721611268998
2026-04,RAM,PICK-UP,LARGE,RAM 2500,Real,Desalmacenado real,27.0,0.0033362164833806995
2026-04,RAM,PICK-UP,LARGE,RAM 3500,Real,Desalmacenado real,8.0,0.0009885085876683553
2026-04,RAM,PICK-UP,MEDIUM,RAM 1200 RAMPAGE,Real,Desalmacenado real,6.0,0.0007413814407512665
2026-04,RAM,PICK-UP,SMALL,RAM 700,Real,Desalmacenado real,3.0,0.00037069072037563324
2026-04,RENAULT,MICROBUS,SIN DEFINIR,MASTER,Real,Desalmacenado real,1.0,0.0001235635734585444
2026-04,SAGMOTO,CAMIONES,[4] PESADO [HD],SX5253GS,Real,Desalmacenado real,1.0,0.0001235635734585444
2026-04,SAGMOTO,CAMIONES,[4] PESADO [HD],X3S,Real,Desalmacenado real,7.0,0.000864945014209811
2026-04,SANY,CAMIONES,SIN DEFINIR,HQC42503S,Real,Desalmacenado real,2.0,0.0002471271469170888
2026-04,SANY,CAMIONES,[3] MEDIANO [MD],SYZ420C,Real,Desalmacenado real,7.0,0.000864945014209811
2026-04,SANY,CAMIONES,[4] PESADO [HD],SYP5312JSQSQ3,Real,Desalmacenado real,2.0,0.0002471271469170888
2026-04,SINOTRUK,CAMIONES,SIN DEFINIR,HOWO,Real,Desalmacenado real,2.0,0.0002471271469170888
2026-04,SINOTRUK,CAMIONES,SIN DEFINIR,SITRAK,Real,Desalmacenado real,4.0,0.0004942542938341777
2026-04,SINOTRUK,PANEL,SIN DEFINIR,V VANGUARD,Real,Desalmacenado real,2.0,0.0002471271469170888
2026-04,SINOTRUK,PICK-UP,MEDIUM,BOLDEN,Real,Desalmacenado real,6.0,0.0007413814407512665
2026-04,SMART,SUV,SIN DEFINIR,#1,Real,Desalmacenado real,3.0,0.00037069072037563324
2026-04,SMART,SUV,SIN DEFINIR,#3,Real,Desalmacenado real,6.0,0.0007413814407512665
2026-04,SOUEAST,SUV,SIN DEFINIR,S07,Real,Desalmacenado real,5.0,0.0006178178672927221
2026-04,SOUEAST,SUV,SMALL,S09,Real,Desalmacenado real,12.0,0.001482762881502533
2026-04,SSANG YONG,SUV,SIN DEFINIR,TORRES,Real,Desalmacenado real,9.0,0.0011120721611268998
2026-04,SSANG YONG,SUV,SMALL,REXTON,Real,Desalmacenado real,3.0,0.00037069072037563324
2026-04,SUBARU,SUV,SIN DEFINIR,CROSSTREK,Real,Desalmacenado real,6.0,0.0007413814407512665
2026-04,SUBARU,SUV,SIN DEFINIR,FORESTER,Real,Desalmacenado real,1.0,0.0001235635734585444
2026-04,SUBARU,SUV,SIN DEFINIR,OUTBACK,Real,Desalmacenado real,1.0,0.0001235635734585444
2026-04,SUZUKI,AUTOMOVILES,HB,ALTO,Real,Desalmacenado real,2.0,0.0002471271469170888
2026-04,SUZUKI,AUTOMOVILES,HB,BALENO,Real,Desalmacenado real,6.0,0.0007413814407512665
2026-04,SUZUKI,AUTOMOVILES,HB,CELERIO HB,Real,Desalmacenado real,6.0,0.0007413814407512665
2026-04,SUZUKI,AUTOMOVILES,HB,S-PRESSO,Real,Desalmacenado real,17.0,0.0021005807487952553
2026-04,SUZUKI,AUTOMOVILES,HB,SWIFT HB,Real,Desalmacenado real,69.0,0.008525886568639566
2026-04,SUZUKI,AUTOMOVILES,SD,SWIFT D-ZIRE,Real,Desalmacenado real,10.0,0.0012356357345854442
2026-04,SUZUKI,PANEL,SIN DEFINIR,APV,Real,Desalmacenado real,25.0,0.0030890893364636106
2026-04,SUZUKI,PANEL,SIN DEFINIR,EECO,Real,Desalmacenado real,2.0,0.0002471271469170888
2026-04,SUZUKI,PASAJEROS,SIN DEFINIR,XL7,Real,Desalmacenado real,14.0,0.001729890028419622
2026-04,SUZUKI,SUV,SIN DEFINIR,ACROSS,Real,Desalmacenado real,82.0,0.010132213023600643
2026-04,SUZUKI,SUV,SIN DEFINIR,E VITARA,Real,Desalmacenado real,2.0,0.0002471271469170888
2026-04,SUZUKI,SUV,SIN DEFINIR,FRONX,Real,Desalmacenado real,122.0,0.015074755961942419
2026-04,SUZUKI,SUV,SIN DEFINIR,GRAND VITARA,Real,Desalmacenado real,3.0,0.00037069072037563324
2026-04,SUZUKI,SUV,SIN DEFINIR,JIMNY,Real,Desalmacenado real,157.0,0.019399481032991474
2026-04,TESLA,SUV,SIN DEFINIR,MODEL Y,Real,Desalmacenado real,1.0,0.0001235635734585444
2026-04,TOYOTA,AUTOMOVILES,HB,AGYA,Real,Desalmacenado real,1.0,0.0001235635734585444
2026-04,TOYOTA,AUTOMOVILES,HB,YARIS GR,Real,Desalmacenado real,2.0,0.0002471271469170888
2026-04,TOYOTA,AUTOMOVILES,SD,BZ3,Real,Desalmacenado real,3.0,0.00037069072037563324
2026-04,TOYOTA,AUTOMOVILES,SD,YARIS SD,Real,Desalmacenado real,8.0,0.0009885085876683553
2026-04,TOYOTA,BUSETAS,SIN DEFINIR,COASTER,Real,Desalmacenado real,4.0,0.0004942542938341777
2026-04,TOYOTA,MICROBUS,SIN DEFINIR,HIACE,Real,Desalmacenado real,19.0,0.002347707895712344
2026-04,TOYOTA,PANEL,SIN DEFINIR,HIACE,Real,Desalmacenado real,3.0,0.00037069072037563324
2026-04,TOYOTA,PANEL,SIN DEFINIR,LITE ACE,Real,Desalmacenado real,11.0,0.0013591993080439887
2026-04,TOYOTA,PASAJEROS,SIN DEFINIR,AVANZA,Real,Desalmacenado real,2.0,0.0002471271469170888
2026-04,TOYOTA,PICK-UP,MEDIUM,HI-LUX,Real,Desalmacenado real,214.0,0.026442604720128507
2026-04,TOYOTA,PICK-UP,MEDIUM,LAND CRUISER PK,Real,Desalmacenado real,13.0,0.0016063264549610774
2026-04,TOYOTA,SUV,LARGE,LAND CRUISER,Real,Desalmacenado real,2.0,0.0002471271469170888
2026-04,TOYOTA,SUV,LARGE,LAND CRUISER 300,Real,Desalmacenado real,8.0,0.0009885085876683553
2026-04,TOYOTA,SUV,LARGE,SEQUOIA HEV,Real,Desalmacenado real,1.0,0.0001235635734585444
2026-04,TOYOTA,SUV,MEDIUM,4RUNNER,Real,Desalmacenado real,21.0,0.0025948350426294327
2026-04,TOYOTA,SUV,MEDIUM,4RUNNER HEV,Real,Desalmacenado real,1.0,0.0001235635734585444
2026-04,TOYOTA,SUV,MEDIUM,LAND CRUISER LX,Real,Desalmacenado real,7.0,0.000864945014209811
2026-04,TOYOTA,SUV,MEDIUM,PRADO,Real,Desalmacenado real,95.0,0.01173853947856172
2026-04,TOYOTA,SUV,SIN DEFINIR,BZ4X,Real,Desalmacenado real,6.0,0.0007413814407512665
2026-04,TOYOTA,SUV,SIN DEFINIR,COROLLA CROSS,Real,Desalmacenado real,19.0,0.002347707895712344
2026-04,TOYOTA,SUV,SIN DEFINIR,COROLLA CROSS HV,Real,Desalmacenado real,11.0,0.0013591993080439887
2026-04,TOYOTA,SUV,SIN DEFINIR,RAIZE,Real,Desalmacenado real,59.0,0.007290250834054121
2026-04,TOYOTA,SUV,SIN DEFINIR,RAV4,Real,Desalmacenado real,392.0,0.04843692079574941
2026-04,TOYOTA,SUV,SIN DEFINIR,RAV4 HV,Real,Desalmacenado real,28.0,0.003459780056839244
2026-04,TOYOTA,SUV,SIN DEFINIR,RUSH,Real,Desalmacenado real,8.0,0.0009885085876683553
2026-04,TOYOTA,SUV,SIN DEFINIR,YARIS CROSS,Real,Desalmacenado real,126.0,0.015569010255776597
2026-04,TOYOTA,SUV,SIN DEFINIR,YARIS CROSS HV,Real,Desalmacenado real,12.0,0.001482762881502533
2026-04,TOYOTA,SUV,SMALL,FORTUNER,Real,Desalmacenado real,84.0,0.010379340170517731
2026-04,UD,CAMIONES,SIN DEFINIR,CRONER,Real,Desalmacenado real,2.0,0.0002471271469170888
2026-04,VGV,SUV,SIN DEFINIR,U70-U75,Real,Desalmacenado real,9.0,0.0011120721611268998
2026-04,VOLKSWAGEN,BUS,SIN DEFINIR,17-260,Real,Desalmacenado real,1.0,0.0001235635734585444
2026-04,VOLKSWAGEN,CAMIONES,SIN DEFINIR,CONSTELLATION,Real,Desalmacenado real,2.0,0.0002471271469170888
2026-04,VOLKSWAGEN,CAMIONES,SIN DEFINIR,DELIVERY,Real,Desalmacenado real,6.0,0.0007413814407512665
2026-04,VOLKSWAGEN,CAMIONES,SIN DEFINIR,METEOR,Real,Desalmacenado real,1.0,0.0001235635734585444
2026-04,VOLKSWAGEN,PICK-UP,MEDIUM,AMAROK,Real,Desalmacenado real,1.0,0.0001235635734585444
2026-04,VOLKSWAGEN,PICK-UP,SMALL,SAVEIRO,Real,Desalmacenado real,6.0,0.0007413814407512665
2026-04,VOLKSWAGEN,SUV,SIN DEFINIR,ID.UNYX,Real,Desalmacenado real,3.0,0.00037069072037563324
2026-04,VOLKSWAGEN,SUV,SIN DEFINIR,NIVUS,Real,Desalmacenado real,2.0,0.0002471271469170888
2026-04,VOLKSWAGEN,SUV,SIN DEFINIR,T-CROSS,Real,Desalmacenado real,20.0,0.0024712714691708885
2026-04,VOLKSWAGEN,SUV,SIN DEFINIR,TAOS,Real,Desalmacenado real,6.0,0.0007413814407512665
2026-04,VOLKSWAGEN,SUV,SIN DEFINIR,TERA,Real,Desalmacenado real,24.0,0.002965525763005066
2026-04,VOLKSWAGEN,SUV,SIN DEFINIR,TIGUAN,Real,Desalmacenado real,5.0,0.0006178178672927221
2026-04,VOLVO,BUS,SIN DEFINIR,B450R,Real,Desalmacenado real,1.0,0.0001235635734585444
2026-04,VOLVO,SUV,SIN DEFINIR,EX30,Real,Desalmacenado real,20.0,0.0024712714691708885
2026-04,VOLVO,SUV,SIN DEFINIR,XC60 B5-B6,Real,Desalmacenado real,2.0,0.0002471271469170888
2026-04,WULING,AUTOMOVILES,HB,BINGO,Real,Desalmacenado real,10.0,0.0012356357345854442
2026-04,WULING,MICROBUS,SIN DEFINIR,LZW6500BEVA3,Real,Desalmacenado real,2.0,0.0002471271469170888
2026-04,XIAOMI,SUV,SIN DEFINIR,YU7,Real,Desalmacenado real,1.0,0.0001235635734585444
2026-04,ZEEKR,SUV,SIN DEFINIR,7X,Real,Desalmacenado real,30.0,0.0037069072037563327
2026-04,ZX,PICK-UP,MEDIUM,GRAND LION,Real,Desalmacenado real,2.0,0.0002471271469170888
2026-05,AION,SUV,SIN DEFINIR,I60,Real,Desalmacenado real,23.0,0.0038884192730346575
2026-05,AION,SUV,SIN DEFINIR,Y,Real,Desalmacenado real,11.0,0.0018596787827557058
2026-05,ARCFOX,AUTOMOVILES,SD,ALPHA S,Real,Desalmacenado real,2.0,0.000338123415046492
2026-05,AUDI,AUTOMOVILES,HB,A3,Real,Desalmacenado real,1.0,0.000169061707523246
2026-05,AUDI,AUTOMOVILES,SD,A6 E-TRON,Real,Desalmacenado real,1.0,0.000169061707523246
2026-05,AUDI,SUV,LARGE,Q7,Real,Desalmacenado real,5.0,0.0008453085376162299
2026-05,AUDI,SUV,SIN DEFINIR,Q2,Real,Desalmacenado real,1.0,0.000169061707523246
2026-05,AUDI,SUV,SIN DEFINIR,Q3,Real,Desalmacenado real,25.0,0.00422654268808115
2026-05,AUDI,SUV,SIN DEFINIR,Q4 E-TRON,Real,Desalmacenado real,1.0,0.000169061707523246
2026-05,AUDI,SUV,SIN DEFINIR,Q5,Real,Desalmacenado real,20.0,0.0033812341504649195
2026-05,AUDI,SUV,SIN DEFINIR,Q6 E-TRON,Real,Desalmacenado real,11.0,0.0018596787827557058
2026-05,AUDI,SUV,SIN DEFINIR,SQ5,Real,Desalmacenado real,2.0,0.000338123415046492
2026-05,AVATR,SUV,SIN DEFINIR,11,Real,Desalmacenado real,1.0,0.000169061707523246
2026-05,B.M.W.,AUTOMOVILES,SD,218,Real,Desalmacenado real,1.0,0.000169061707523246
2026-05,B.M.W.,AUTOMOVILES,SD,320,Real,Desalmacenado real,2.0,0.000338123415046492
2026-05,B.M.W.,AUTOMOVILES,SD,430,Real,Desalmacenado real,1.0,0.000169061707523246
2026-05,B.M.W.,AUTOMOVILES,SD,M2,Real,Desalmacenado real,1.0,0.000169061707523246
2026-05,B.M.W.,SUV,LARGE,X6,Real,Desalmacenado real,3.0,0.0005071851225697379
2026-05,B.M.W.,SUV,LARGE,X7,Real,Desalmacenado real,2.0,0.000338123415046492
2026-05,B.M.W.,SUV,SIN DEFINIR,IX,Real,Desalmacenado real,1.0,0.000169061707523246
2026-05,B.M.W.,SUV,SIN DEFINIR,IX1,Real,Desalmacenado real,5.0,0.0008453085376162299
2026-05,B.M.W.,SUV,SIN DEFINIR,IX2,Real,Desalmacenado real,4.0,0.000676246830092984
2026-05,B.M.W.,SUV,SIN DEFINIR,X1,Real,Desalmacenado real,6.0,0.0010143702451394759
2026-05,B.M.W.,SUV,SIN DEFINIR,X3,Real,Desalmacenado real,33.0,0.005579036348267117
2026-05,B.M.W.,SUV,SIN DEFINIR,X5,Real,Desalmacenado real,12.0,0.0020287404902789518
2026-05,B.M.W.,SUV,SIN DEFINIR,X5 PHV,Real,Desalmacenado real,3.0,0.0005071851225697379
2026-05,BAIC,SUV,SIN DEFINIR,BJ30,Real,Desalmacenado real,25.0,0.00422654268808115
2026-05,BAIC,SUV,SIN DEFINIR,X3,Real,Desalmacenado real,23.0,0.0038884192730346575
2026-05,BAIC,SUV,SIN DEFINIR,X5,Real,Desalmacenado real,13.0,0.002197802197802198
2026-05,BAIC,SUV,SMALL,BJ40,Real,Desalmacenado real,6.0,0.0010143702451394759
2026-05,BAIC,SUV,SMALL,BJ41,Real,Desalmacenado real,1.0,0.000169061707523246
2026-05,BYD,AUTOMOVILES,HB,E2 EV,Real,Desalmacenado real,8.0,0.001352493660185968
2026-05,BYD,PICK-UP,MEDIUM,SHARK,Real,Desalmacenado real,2.0,0.000338123415046492
2026-05,BYD,SUV,LARGE,ATTO8,Real,Desalmacenado real,3.0,0.0005071851225697379
2026-05,BYD,SUV,MEDIUM,SEALION,Real,Desalmacenado real,5.0,0.0008453085376162299
2026-05,BYD,SUV,SIN DEFINIR,S1 PRO EV,Real,Desalmacenado real,1.0,0.000169061707523246
2026-05,BYD,SUV,SIN DEFINIR,SONG PRO EV,Real,Desalmacenado real,2.0,0.000338123415046492
2026-05,CADILLAC,SUV,LARGE,ESCALADE,Real,Desalmacenado real,1.0,0.000169061707523246
2026-05,CHANGAN,AUTOMOVILES,SD,ALSVIN,Real,Desalmacenado real,6.0,0.0010143702451394759
2026-05,CHANGAN,PANEL,SIN DEFINIR,HONOR,Real,Desalmacenado real,4.0,0.000676246830092984
2026-05,CHANGAN,PASAJEROS,SIN DEFINIR,HONOR S,Real,Desalmacenado real,2.0,0.000338123415046492
2026-05,CHANGAN,PICK-UP,MEDIUM,HUNTER,Real,Desalmacenado real,9.0,0.001521555367709214
2026-05,CHANGAN,SUV,MEDIUM,CS 75,Real,Desalmacenado real,2.0,0.000338123415046492
2026-05,CHANGAN,SUV,SIN DEFINIR,CS 15,Real,Desalmacenado real,19.0,0.003212172442941674
2026-05,CHANGAN,SUV,SIN DEFINIR,CS 55,Real,Desalmacenado real,10.0,0.0016906170752324597
2026-05,CHANGAN,SUV,SIN DEFINIR,CS35,Real,Desalmacenado real,41.0,0.0069315300084530854
2026-05,CHANGAN,SUV,SIN DEFINIR,S05,Real,Desalmacenado real,4.0,0.000676246830092984
2026-05,CHANGAN,SUV,SIN DEFINIR,S07,Real,Desalmacenado real,4.0,0.000676246830092984
2026-05,CHANGAN,SUV,SIN DEFINIR,UNI-T,Real,Desalmacenado real,5.0,0.0008453085376162299
2026-05,CHERY,PICK-UP,MEDIUM,HIMLA,Real,Desalmacenado real,17.0,0.002874049027895182
2026-05,CHERY,SUV,SIN DEFINIR,TIGGO 2,Real,Desalmacenado real,104.0,0.017582417582417582
2026-05,CHERY,SUV,SIN DEFINIR,TIGGO 4,Real,Desalmacenado real,60.0,0.01014370245139476
2026-05,CHERY,SUV,SIN DEFINIR,TIGGO 7,Real,Desalmacenado real,43.0,0.0072696534234995775
2026-05,CHERY,SUV,SIN DEFINIR,TIGGO 8,Real,Desalmacenado real,26.0,0.004395604395604396
2026-05,CHEVROLET,AUTOMOVILES,HB,AVEO HB,Real,Desalmacenado real,19.0,0.003212172442941674
2026-05,CHEVROLET,PANEL,SIN DEFINIR,N400,Real,Desalmacenado real,14.0,0.002366863905325444
2026-05,CHEVROLET,PICK-UP,LARGE,SILVERADO,Real,Desalmacenado real,32.0,0.005409974640743872
2026-05,CHEVROLET,PICK-UP,MEDIUM,COLORADO,Real,Desalmacenado real,19.0,0.003212172442941674
2026-05,CHEVROLET,SUV,LARGE,SUBURBAN,Real,Desalmacenado real,1.0,0.000169061707523246
2026-05,CHEVROLET,SUV,LARGE,TAHOE,Real,Desalmacenado real,8.0,0.001352493660185968
2026-05,CHEVROLET,SUV,LARGE,TRAVERSE,Real,Desalmacenado real,5.0,0.0008453085376162299
2026-05,CHEVROLET,SUV,MEDIUM,TRAIL BLAZER,Real,Desalmacenado real,8.0,0.001352493660185968
2026-05,CHEVROLET,SUV,SIN DEFINIR,CAPTIVA,Real,Desalmacenado real,17.0,0.002874049027895182
2026-05,CHEVROLET,SUV,SIN DEFINIR,CAPTIVA PHEV,Real,Desalmacenado real,2.0,0.000338123415046492
2026-05,CHEVROLET,SUV,SIN DEFINIR,GROOVE,Real,Desalmacenado real,17.0,0.002874049027895182
2026-05,CHEVROLET,SUV,SIN DEFINIR,SPARK EUV,Real,Desalmacenado real,7.0,0.001183431952662722
2026-05,CHEVROLET,SUV,SIN DEFINIR,TRACKER,Real,Desalmacenado real,3.0,0.0005071851225697379
2026-05,CHEVROLET,SUV,SIN DEFINIR,TRAX,Real,Desalmacenado real,5.0,0.0008453085376162299
2026-05,CITROEN,PANEL,SIN DEFINIR,JUMPY,Real,Desalmacenado real,5.0,0.0008453085376162299
2026-05,CITROEN,SUV,SIN DEFINIR,C3 AIRCROSS,Real,Desalmacenado real,1.0,0.000169061707523246
2026-05,DFSK,MICROBUS,SIN DEFINIR,C37,Real,Desalmacenado real,2.0,0.000338123415046492
2026-05,DFSK,SUV,SIN DEFINIR,E5,Real,Desalmacenado real,4.0,0.000676246830092984
2026-05,DFSK,SUV,SIN DEFINIR,GLORY 500,Real,Desalmacenado real,5.0,0.0008453085376162299
2026-05,DFSK,SUV,SIN DEFINIR,GLORY 560,Real,Desalmacenado real,3.0,0.0005071851225697379
2026-05,DFSK,SUV,SIN DEFINIR,GLORY 580,Real,Desalmacenado real,3.0,0.0005071851225697379
2026-05,DONGFENG,AUTOMOVILES,HB,NAMMI 01,Real,Desalmacenado real,25.0,0.00422654268808115
2026-05,DONGFENG,PICK-UP,MEDIUM,RICH,Real,Desalmacenado real,9.0,0.001521555367709214
2026-05,DONGFENG,SUV,SIN DEFINIR,FRIDAY,Real,Desalmacenado real,24.0,0.0040574809805579036
2026-05,DONGFENG,SUV,SIN DEFINIR,NAMMI 06,Real,Desalmacenado real,205.0,0.034657650042265425
2026-05,DONGFENG I,CAMIONES,SIN DEFINIR,V92-711,Real,Desalmacenado real,2.0,0.000338123415046492
2026-05,DONGFENG I,CAMIONES,[3] MEDIANO [MD],DF310,Real,Desalmacenado real,4.0,0.000676246830092984
2026-05,FANGCHENGBAO,SUV,SIN DEFINIR,BAO 3,Real,Desalmacenado real,4.0,0.000676246830092984
2026-05,FAW,CAMIONES,SIN DEFINIR,TIGER,Real,Desalmacenado real,8.0,0.001352493660185968
2026-05,FIAT,PICK-UP,MEDIUM,TITANO,Real,Desalmacenado real,3.0,0.0005071851225697379
2026-05,FORD,PICK-UP,LARGE,F150,Real,Desalmacenado real,1.0,0.000169061707523246
2026-05,FORD,PICK-UP,LARGE,F250,Real,Desalmacenado real,1.0,0.000169061707523246
2026-05,FORD,PICK-UP,LARGE,F550,Real,Desalmacenado real,7.0,0.001183431952662722
2026-05,FORD,PICK-UP,MEDIUM,RANGER,Real,Desalmacenado real,22.0,0.0037193575655114115
2026-05,FORD,SUV,MEDIUM,BRONCO,Real,Desalmacenado real,3.0,0.0005071851225697379
2026-05,FORD,SUV,SIN DEFINIR,EDGE HV,Real,Desalmacenado real,7.0,0.001183431952662722
2026-05,FORD,SUV,SIN DEFINIR,TERRITORY,Real,Desalmacenado real,14.0,0.002366863905325444
2026-05,FORD,SUV,SMALL,EVEREST,Real,Desalmacenado real,11.0,0.0018596787827557058
2026-05,FOTON,MICROBUS,SIN DEFINIR,BJ6608,Real,Desalmacenado real,4.0,0.000676246830092984
2026-05,FOTON,MICROBUS,SIN DEFINIR,VIEW,Real,Desalmacenado real,13.0,0.002197802197802198
2026-05,FOTON,PICK-UP,MEDIUM,TUNLAND,Real,Desalmacenado real,5.0,0.0008453085376162299
2026-05,FOTON I,CAMIONES,SIN DEFINIR,AUMAN,Real,Desalmacenado real,3.0,0.0005071851225697379
2026-05,FOTON I,CAMIONES,SIN DEFINIR,AUMARK,Real,Desalmacenado real,5.0,0.0008453085376162299
2026-05,FOTON I,CAMIONES,SIN DEFINIR,BJ 1186,Real,Desalmacenado real,1.0,0.000169061707523246
2026-05,FOTON I,CAMIONES,SIN DEFINIR,MILER,Real,Desalmacenado real,3.0,0.0005071851225697379
2026-05,FOTON I,CAMIONES,SIN DEFINIR,TM,Real,Desalmacenado real,9.0,0.001521555367709214
2026-05,FOTON II,CAMIONES,[4] PESADO [HD],BJ 1108,Real,Desalmacenado real,40.0,0.006762468300929839
2026-05,FUSO,CAMIONES,SIN DEFINIR,CANTER,Real,Desalmacenado real,18.0,0.003043110735418428
2026-05,GAC,PICK-UP,MEDIUM,01,Real,Desalmacenado real,1.0,0.000169061707523246
2026-05,GAC,SUV,MEDIUM,GS8,Real,Desalmacenado real,2.0,0.000338123415046492
2026-05,GAC,SUV,SIN DEFINIR,EMKOO,Real,Desalmacenado real,1.0,0.000169061707523246
2026-05,GAC,SUV,SIN DEFINIR,EMZOOM,Real,Desalmacenado real,5.0,0.0008453085376162299
2026-05,GAC,SUV,SIN DEFINIR,GS4,Real,Desalmacenado real,8.0,0.001352493660185968
2026-05,GEELY,PICK-UP,MEDIUM,RIDDARA RD6,Real,Desalmacenado real,39.0,0.006593406593406593
2026-05,GEELY,SUV,SIN DEFINIR,COOLRAY,Real,Desalmacenado real,98.0,0.016568047337278107
2026-05,GEELY,SUV,SIN DEFINIR,EX5,Real,Desalmacenado real,94.0,0.01589180050718512
2026-05,GEELY,SUV,SIN DEFINIR,GEOME,Real,Desalmacenado real,89.0,0.015046491969568893
2026-05,GEELY,SUV,SIN DEFINIR,GX3,Real,Desalmacenado real,42.0,0.007100591715976331
2026-05,GEELY,SUV,SIN DEFINIR,STARRAY,Real,Desalmacenado real,15.0,0.00253592561284869
2026-05,GEELY,SUV,SMALL,OKAVANGO,Real,Desalmacenado real,10.0,0.0016906170752324597
2026-05,GREATWALL,PICK-UP,MEDIUM,POER,Real,Desalmacenado real,74.0,0.012510566356720203
2026-05,GREATWALL,PICK-UP,MEDIUM,WINGLE,Real,Desalmacenado real,8.0,0.001352493660185968
2026-05,GREATWALL I,SUV,SIN DEFINIR,ORA GOOD CAT,Real,Desalmacenado real,16.0,0.002704987320371936
2026-05,GREATWALL I,SUV,SMALL,TANK 300,Real,Desalmacenado real,6.0,0.0010143702451394759
2026-05,HAVAL,SUV,MEDIUM,H9,Real,Desalmacenado real,3.0,0.0005071851225697379
2026-05,HAVAL,SUV,SIN DEFINIR,H6,Real,Desalmacenado real,8.0,0.001352493660185968
2026-05,HAVAL,SUV,SIN DEFINIR,JOLION,Real,Desalmacenado real,11.0,0.0018596787827557058
2026-05,HAVAL,SUV,SMALL,H7,Real,Desalmacenado real,1.0,0.000169061707523246
2026-05,HIGER,BUSETAS,SIN DEFINIR,KLQ6540,Real,Desalmacenado real,3.0,0.0005071851225697379
2026-05,HIGER,BUSETAS,SIN DEFINIR,KLQ6600,Real,Desalmacenado real,4.0,0.000676246830092984
2026-05,HINO,CAMIONES,SIN DEFINIR,FC9JJSA,Real,Desalmacenado real,3.0,0.0005071851225697379
2026-05,HINO,CAMIONES,SIN DEFINIR,FG8JP7A,Real,Desalmacenado real,2.0,0.000338123415046492
2026-05,HINO,CAMIONES,SIN DEFINIR,LY230L,Real,Desalmacenado real,18.0,0.003043110735418428
2026-05,HINO,CAMIONES,SIN DEFINIR,XZU600L,Real,Desalmacenado real,10.0,0.0016906170752324597
2026-05,HINO,CAMIONES,SIN DEFINIR,XZU650L,Real,Desalmacenado real,5.0,0.0008453085376162299
2026-05,HINO,CAMIONES,SIN DEFINIR,XZU710L,Real,Desalmacenado real,8.0,0.001352493660185968
2026-05,HINO,CAMIONES,SIN DEFINIR,XZU730L,Real,Desalmacenado real,13.0,0.002197802197802198
2026-05,HONDA,SUV,MEDIUM,PILOT,Real,Desalmacenado real,10.0,0.0016906170752324597
2026-05,HONDA,SUV,SIN DEFINIR,CR-V,Real,Desalmacenado real,29.0,0.004902789518174133
2026-05,HONDA,SUV,SIN DEFINIR,HR-V,Real,Desalmacenado real,32.0,0.005409974640743872
2026-05,HYUNDAI,AUTOMOVILES,HB,I10 HB,Real,Desalmacenado real,18.0,0.003043110735418428
2026-05,HYUNDAI,AUTOMOVILES,SD,ACCENT,Real,Desalmacenado real,2.0,0.000338123415046492
2026-05,HYUNDAI,AUTOMOVILES,SD,I10 SD,Real,Desalmacenado real,16.0,0.002704987320371936
2026-05,HYUNDAI,BUSETAS,SIN DEFINIR,COUNTY,Real,Desalmacenado real,4.0,0.000676246830092984
2026-05,HYUNDAI,CAMIONES,SIN DEFINIR,EX6 MIGHTY,Real,Desalmacenado real,1.0,0.000169061707523246
2026-05,HYUNDAI,CAMIONES,SIN DEFINIR,EX9 MIGHTY,Real,Desalmacenado real,4.0,0.000676246830092984
2026-05,HYUNDAI,CAMIONES,SIN DEFINIR,H100,Real,Desalmacenado real,29.0,0.004902789518174133
2026-05,HYUNDAI,MICROBUS,SIN DEFINIR,STARIA,Real,Desalmacenado real,16.0,0.002704987320371936
2026-05,HYUNDAI,PANEL,SIN DEFINIR,STARIA,Real,Desalmacenado real,4.0,0.000676246830092984
2026-05,HYUNDAI,SUV,SIN DEFINIR,CRETA,Real,Desalmacenado real,48.0,0.008114961961115807
2026-05,HYUNDAI,SUV,SIN DEFINIR,CRETA GRAND,Real,Desalmacenado real,17.0,0.002874049027895182
2026-05,HYUNDAI,SUV,SIN DEFINIR,KONA,Real,Desalmacenado real,69.0,0.011665257819103972
2026-05,HYUNDAI,SUV,SIN DEFINIR,SANTA FE,Real,Desalmacenado real,1.0,0.000169061707523246
2026-05,HYUNDAI,SUV,SIN DEFINIR,TUCSON,Real,Desalmacenado real,87.0,0.014708368554522401
2026-05,HYUNDAI,SUV,SIN DEFINIR,VENUE,Real,Desalmacenado real,26.0,0.004395604395604396
2026-05,INTERNATIONAL,CAMIONES,SIN DEFINIR,SERIE HV,Real,Desalmacenado real,6.0,0.0010143702451394759
2026-05,ISUZU,CAMIONES,SIN DEFINIR,FRR,Real,Desalmacenado real,10.0,0.0016906170752324597
2026-05,ISUZU,CAMIONES,SIN DEFINIR,FTR,Real,Desalmacenado real,4.0,0.000676246830092984
2026-05,ISUZU,CAMIONES,SIN DEFINIR,GIGA,Real,Desalmacenado real,2.0,0.000338123415046492
2026-05,ISUZU,CAMIONES,SIN DEFINIR,KV100,Real,Desalmacenado real,1.0,0.000169061707523246
2026-05,ISUZU,CAMIONES,SIN DEFINIR,NLR,Real,Desalmacenado real,9.0,0.001521555367709214
2026-05,ISUZU,CAMIONES,SIN DEFINIR,NMR,Real,Desalmacenado real,7.0,0.001183431952662722
2026-05,ISUZU,CAMIONES,SIN DEFINIR,NPR,Real,Desalmacenado real,2.0,0.000338123415046492
2026-05,ISUZU,CAMIONES,SIN DEFINIR,NPS,Real,Desalmacenado real,14.0,0.002366863905325444
2026-05,ISUZU,CAMIONES,SIN DEFINIR,NQR,Real,Desalmacenado real,22.0,0.0037193575655114115
2026-05,ISUZU,CAMIONES,SIN DEFINIR,QLR77,Real,Desalmacenado real,15.0,0.00253592561284869
2026-05,ISUZU,PICK-UP,MEDIUM,D-MAX,Real,Desalmacenado real,134.0,0.022654268808114962
2026-05,ISUZU,SUV,SMALL,MU-X,Real,Desalmacenado real,19.0,0.003212172442941674
2026-05,IVECO,CAMIONES,SIN DEFINIR,T WAY,Real,Desalmacenado real,1.0,0.000169061707523246
2026-05,JAC,MICROBUS,SIN DEFINIR,M4,Real,Desalmacenado real,1.0,0.000169061707523246
2026-05,JAC,PICK-UP,MEDIUM,T8,Real,Desalmacenado real,4.0,0.000676246830092984
2026-05,JAC,PICK-UP,MEDIUM,T9,Real,Desalmacenado real,17.0,0.002874049027895182
2026-05,JAC,SUV,SIN DEFINIR,JS2,Real,Desalmacenado real,8.0,0.001352493660185968
2026-05,JAC I,CAMIONES,SIN DEFINIR,HFC1035K,Real,Desalmacenado real,26.0,0.004395604395604396
2026-05,JAC I,CAMIONES,SIN DEFINIR,HFC1042,Real,Desalmacenado real,19.0,0.003212172442941674
2026-05,JAC I,CAMIONES,SIN DEFINIR,N75,Real,Desalmacenado real,5.0,0.0008453085376162299
2026-05,JAC I,CAMIONES,SIN DEFINIR,N90,Real,Desalmacenado real,21.0,0.0035502958579881655
2026-05,JAC I,MICROBUS,SIN DEFINIR,SUNRAY,Real,Desalmacenado real,10.0,0.0016906170752324597
2026-05,JAECOO,SUV,SIN DEFINIR,J5,Real,Desalmacenado real,5.0,0.0008453085376162299
2026-05,JAECOO,SUV,SIN DEFINIR,J5 BEV,Real,Desalmacenado real,6.0,0.0010143702451394759
2026-05,JAECOO,SUV,SIN DEFINIR,J7,Real,Desalmacenado real,2.0,0.000338123415046492
2026-05,JAECOO,SUV,SMALL,J8,Real,Desalmacenado real,8.0,0.001352493660185968
2026-05,JEEP,SUV,SIN DEFINIR,AVENGER,Real,Desalmacenado real,1.0,0.000169061707523246
2026-05,JEEP,SUV,SIN DEFINIR,COMPASS,Real,Desalmacenado real,3.0,0.0005071851225697379
2026-05,JEEP,SUV,SMALL,COMMANDER,Real,Desalmacenado real,3.0,0.0005071851225697379
2026-05,JETOUR,SUV,LARGE,G700,Real,Desalmacenado real,6.0,0.0010143702451394759
2026-05,JETOUR,SUV,SIN DEFINIR,X50,Real,Desalmacenado real,3.0,0.0005071851225697379
2026-05,JETOUR,SUV,SIN DEFINIR,X70,Real,Desalmacenado real,3.0,0.0005071851225697379
2026-05,JETOUR,SUV,SMALL,T1,Real,Desalmacenado real,16.0,0.002704987320371936
2026-05,JMC,CAMIONES,SIN DEFINIR,N822,Real,Desalmacenado real,1.0,0.000169061707523246
2026-05,JMC,PICK-UP,MEDIUM,GRAND AVENUE,Real,Desalmacenado real,9.0,0.001521555367709214
2026-05,KAIYI,SUV,SIN DEFINIR,X7,Real,Desalmacenado real,36.0,0.006086221470836856
2026-05,KALMAR,CAMIONES,SIN DEFINIR,OTTAWA T2,Real,Desalmacenado real,2.0,0.000338123415046492
2026-05,KARRY,MICROBUS,SIN DEFINIR,Q22L,Real,Desalmacenado real,2.0,0.000338123415046492
2026-05,KENWORTH,CAMIONES,SIN DEFINIR,T800 - T880,Real,Desalmacenado real,1.0,0.000169061707523246
2026-05,KIA,AUTOMOVILES,HB,K3 HB,Real,Desalmacenado real,19.0,0.003212172442941674
2026-05,KIA,AUTOMOVILES,HB,PICANTO HB,Real,Desalmacenado real,12.0,0.0020287404902789518
2026-05,KIA,AUTOMOVILES,SD,K3 SD,Real,Desalmacenado real,1.0,0.000169061707523246
2026-05,KIA,AUTOMOVILES,SD,SOLUTO,Real,Desalmacenado real,7.0,0.001183431952662722
2026-05,KIA,CAMIONES,SIN DEFINIR,K2500,Real,Desalmacenado real,43.0,0.0072696534234995775
2026-05,KIA,PICK-UP,MEDIUM,TASMAN,Real,Desalmacenado real,1.0,0.000169061707523246
2026-05,KIA,SUV,LARGE,EV9,Real,Desalmacenado real,1.0,0.000169061707523246
2026-05,KIA,SUV,SIN DEFINIR,EV5,Real,Desalmacenado real,7.0,0.001183431952662722
2026-05,KIA,SUV,SIN DEFINIR,EV6,Real,Desalmacenado real,1.0,0.000169061707523246
2026-05,KIA,SUV,SIN DEFINIR,SELTOS,Real,Desalmacenado real,32.0,0.005409974640743872
2026-05,KIA,SUV,SIN DEFINIR,SONET,Real,Desalmacenado real,24.0,0.0040574809805579036
2026-05,KIA,SUV,SIN DEFINIR,SPORTAGE,Real,Desalmacenado real,17.0,0.002874049027895182
2026-05,LAND ROVER,SUV,LARGE,DEFENDER,Real,Desalmacenado real,5.0,0.0008453085376162299
2026-05,LAND ROVER,SUV,LARGE,DISCOVERY,Real,Desalmacenado real,5.0,0.0008453085376162299
2026-05,LAND ROVER,SUV,LARGE,RANGE ROVER SPORT,Real,Desalmacenado real,4.0,0.000676246830092984
2026-05,LAND ROVER,SUV,SIN DEFINIR,DISCOVERY SPORT,Real,Desalmacenado real,2.0,0.000338123415046492
2026-05,LEAPMOTOR,SUV,SIN DEFINIR,B10,Real,Desalmacenado real,2.0,0.000338123415046492
2026-05,LEAPMOTOR,SUV,SIN DEFINIR,C10,Real,Desalmacenado real,5.0,0.0008453085376162299
2026-05,LEXUS,SUV,LARGE,GX,Real,Desalmacenado real,5.0,0.0008453085376162299
2026-05,LEXUS,SUV,LARGE,LX 700H,Real,Desalmacenado real,1.0,0.000169061707523246
2026-05,LEXUS,SUV,LARGE,LX DSL,Real,Desalmacenado real,1.0,0.000169061707523246
2026-05,LEXUS,SUV,SIN DEFINIR,LBX,Real,Desalmacenado real,10.0,0.0016906170752324597
2026-05,LEXUS,SUV,SIN DEFINIR,NX HEV,Real,Desalmacenado real,6.0,0.0010143702451394759
2026-05,LEXUS,SUV,SIN DEFINIR,RX HEV,Real,Desalmacenado real,2.0,0.000338123415046492
2026-05,LEXUS,SUV,SIN DEFINIR,UX HEV,Real,Desalmacenado real,1.0,0.000169061707523246
2026-05,M.G.,AUTOMOVILES,HB,MG 4,Real,Desalmacenado real,12.0,0.0020287404902789518
2026-05,M.G.,SUV,SIN DEFINIR,HS,Real,Desalmacenado real,1.0,0.000169061707523246
2026-05,M.G.,SUV,SIN DEFINIR,MARVEL R,Real,Desalmacenado real,8.0,0.001352493660185968
2026-05,M.G.,SUV,SIN DEFINIR,ONE,Real,Desalmacenado real,53.0,0.008960270498732038
2026-05,M.G.,SUV,SIN DEFINIR,RX,Real,Desalmacenado real,22.0,0.0037193575655114115
2026-05,M.G.,SUV,SIN DEFINIR,ZS,Real,Desalmacenado real,1.0,0.000169061707523246
2026-05,M.G.,SUV,SIN DEFINIR,ZS EV,Real,Desalmacenado real,7.0,0.001183431952662722
2026-05,MACLAREN,AUTOMOVILES,SD,750S,Real,Desalmacenado real,1.0,0.000169061707523246
2026-05,MAHINDRA,SUV,SIN DEFINIR,XUV300,Real,Desalmacenado real,3.0,0.0005071851225697379
2026-05,MAXUS,MICROBUS,SIN DEFINIR,DELIVERY 9,Real,Desalmacenado real,14.0,0.002366863905325444
2026-05,MAXUS,MICROBUS,SIN DEFINIR,V80,Real,Desalmacenado real,2.0,0.000338123415046492
2026-05,MAXUS,MICROBUS,SIN DEFINIR,V90,Real,Desalmacenado real,3.0,0.0005071851225697379
2026-05,MAXUS,PICK-UP,MEDIUM,T60,Real,Desalmacenado real,5.0,0.0008453085376162299
2026-05,MAXUS,SUV,SIN DEFINIR,D60,Real,Desalmacenado real,2.0,0.000338123415046492
2026-05,MAZDA,SUV,SIN DEFINIR,CX-30,Real,Desalmacenado real,23.0,0.0038884192730346575
2026-05,MAZDA,SUV,SIN DEFINIR,CX-5,Real,Desalmacenado real,20.0,0.0033812341504649195
2026-05,MAZDA,SUV,SIN DEFINIR,CX-60,Real,Desalmacenado real,6.0,0.0010143702451394759
2026-05,MERCEDES BENZ,SUV,LARGE,G450,Real,Desalmacenado real,2.0,0.000338123415046492
2026-05,MERCEDES BENZ,SUV,SIN DEFINIR,EQA,Real,Desalmacenado real,1.0,0.000169061707523246
2026-05,MERCEDES BENZ,SUV,SIN DEFINIR,GLA200,Real,Desalmacenado real,2.0,0.000338123415046492
2026-05,MERCEDES BENZ,SUV,SIN DEFINIR,GLC200,Real,Desalmacenado real,13.0,0.002197802197802198
2026-05,MERCEDES BENZ,SUV,SIN DEFINIR,GLE300,Real,Desalmacenado real,5.0,0.0008453085376162299
2026-05,MERCEDES BENZ,SUV,SIN DEFINIR,GLE450,Real,Desalmacenado real,2.0,0.000338123415046492
2026-05,MINI,AUTOMOVILES,HB,COOPER,Real,Desalmacenado real,4.0,0.000676246830092984
2026-05,MINI,AUTOMOVILES,HB,COOPER BEV,Real,Desalmacenado real,2.0,0.000338123415046492
2026-05,MINI,SUV,SIN DEFINIR,ACEMAN,Real,Desalmacenado real,3.0,0.0005071851225697379
2026-05,MINI,SUV,SIN DEFINIR,COUNTRYMAN,Real,Desalmacenado real,2.0,0.000338123415046492
2026-05,MITSUBISHI,BUSETAS,SIN DEFINIR,ROSA,Real,Desalmacenado real,2.0,0.000338123415046492
2026-05,MITSUBISHI,PASAJEROS,SIN DEFINIR,XPANDER,Real,Desalmacenado real,1.0,0.000169061707523246
2026-05,MITSUBISHI,PICK-UP,MEDIUM,L200,Real,Desalmacenado real,151.0,0.025528317836010145
2026-05,MITSUBISHI,SUV,SIN DEFINIR,DESTINATOR,Real,Desalmacenado real,67.0,0.011327134404057481
2026-05,MITSUBISHI,SUV,SIN DEFINIR,ECLIPSE CROSS,Real,Desalmacenado real,28.0,0.004733727810650888
2026-05,MITSUBISHI,SUV,SIN DEFINIR,OUTLANDER,Real,Desalmacenado real,41.0,0.0069315300084530854
2026-05,MITSUBISHI,SUV,SIN DEFINIR,OUTLANDER SPORT,Real,Desalmacenado real,94.0,0.01589180050718512
2026-05,MITSUBISHI,SUV,SMALL,MONTERO SPORT,Real,Desalmacenado real,73.0,0.012341504649196956
2026-05,NIO,AUTOMOVILES,HB,FIREFLY,Real,Desalmacenado real,10.0,0.0016906170752324597
2026-05,NISSAN,MICROBUS,SIN DEFINIR,URVAN,Real,Desalmacenado real,3.0,0.0005071851225697379
2026-05,NISSAN,PANEL,SIN DEFINIR,URVAN,Real,Desalmacenado real,1.0,0.000169061707523246
2026-05,NISSAN,PICK-UP,MEDIUM,FRONTIER,Real,Desalmacenado real,78.0,0.013186813186813187
2026-05,NISSAN,SUV,MEDIUM,PATHFINDER,Real,Desalmacenado real,15.0,0.00253592561284869
2026-05,NISSAN,SUV,SIN DEFINIR,KAIT,Real,Desalmacenado real,40.0,0.006762468300929839
2026-05,NISSAN,SUV,SIN DEFINIR,KICKS,Real,Desalmacenado real,61.0,0.010312764158918006
2026-05,NISSAN,SUV,SIN DEFINIR,MAGNITE,Real,Desalmacenado real,141.0,0.023837700760777684
2026-05,NISSAN,SUV,SIN DEFINIR,QASHQAI,Real,Desalmacenado real,33.0,0.005579036348267117
2026-05,NISSAN,SUV,SIN DEFINIR,X-TRAIL,Real,Desalmacenado real,85.0,0.014370245139475908
2026-05,NISSAN,SUV,SIN DEFINIR,X-TRAIL E-POWER,Real,Desalmacenado real,80.0,0.013524936601859678
2026-05,OMODA,SUV,SIN DEFINIR,C5,Real,Desalmacenado real,10.0,0.0016906170752324597
2026-05,OMODA,SUV,SIN DEFINIR,C7,Real,Desalmacenado real,1.0,0.000169061707523246
2026-05,OSHKOSH,CAMIONES,[3] MEDIANO [MD],STRIKER 4X4,Real,Desalmacenado real,1.0,0.000169061707523246
2026-05,OSHKOSH,CAMIONES,[4] PESADO [HD],STRIKER 6X6,Real,Desalmacenado real,1.0,0.000169061707523246
2026-05,PEUGEOT,PASAJEROS,SIN DEFINIR,RIFTER,Real,Desalmacenado real,4.0,0.000676246830092984
2026-05,PEUGEOT,SUV,SIN DEFINIR,2008,Real,Desalmacenado real,5.0,0.0008453085376162299
2026-05,PEUGEOT,SUV,SIN DEFINIR,2008 BEV,Real,Desalmacenado real,7.0,0.001183431952662722
2026-05,PORSCHE,AUTOMOVILES,SD,911,Real,Desalmacenado real,1.0,0.000169061707523246
2026-05,PORSCHE,AUTOMOVILES,SD,TAYCAN,Real,Desalmacenado real,1.0,0.000169061707523246
2026-05,PORSCHE,SUV,LARGE,CAYENNE,Real,Desalmacenado real,3.0,0.0005071851225697379
2026-05,PORSCHE,SUV,SIN DEFINIR,MACAN EV,Real,Desalmacenado real,2.0,0.000338123415046492
2026-05,RAM,PICK-UP,LARGE,RAM 1500,Real,Desalmacenado real,10.0,0.0016906170752324597
2026-05,RAM,PICK-UP,LARGE,RAM 2500,Real,Desalmacenado real,2.0,0.000338123415046492
2026-05,RAM,PICK-UP,LARGE,RAM 3500,Real,Desalmacenado real,2.0,0.000338123415046492
2026-05,RAM,PICK-UP,SMALL,RAM 700,Real,Desalmacenado real,2.0,0.000338123415046492
2026-05,ROLLS-ROYCE,AUTOMOVILES,SD,GHOST,Real,Desalmacenado real,1.0,0.000169061707523246
2026-05,SANY,CAMIONES,[4] PESADO [HD],SYP5312JSQSQ3,Real,Desalmacenado real,1.0,0.000169061707523246
2026-05,SHACMAN,CAMIONES,SIN DEFINIR,X3000,Real,Desalmacenado real,1.0,0.000169061707523246
2026-05,SINOTRUK,CAMIONES,SIN DEFINIR,HOMAN,Real,Desalmacenado real,5.0,0.0008453085376162299
2026-05,SINOTRUK,PICK-UP,MEDIUM,BOLDEN,Real,Desalmacenado real,36.0,0.006086221470836856
2026-05,SMART,SUV,SIN DEFINIR,#1,Real,Desalmacenado real,1.0,0.000169061707523246
2026-05,SOUEAST,SUV,SMALL,S08,Real,Desalmacenado real,2.0,0.000338123415046492
2026-05,SOUEAST,SUV,SMALL,S09,Real,Desalmacenado real,3.0,0.0005071851225697379
2026-05,SSANG YONG,SUV,SMALL,REXTON,Real,Desalmacenado real,5.0,0.0008453085376162299
2026-05,SUBARU,SUV,SIN DEFINIR,CROSSTREK,Real,Desalmacenado real,2.0,0.000338123415046492
2026-05,SUBARU,SUV,SIN DEFINIR,FORESTER,Real,Desalmacenado real,1.0,0.000169061707523246
2026-05,SUZUKI,AUTOMOVILES,HB,BALENO,Real,Desalmacenado real,4.0,0.000676246830092984
2026-05,SUZUKI,AUTOMOVILES,HB,CELERIO HB,Real,Desalmacenado real,10.0,0.0016906170752324597
2026-05,SUZUKI,AUTOMOVILES,HB,S-PRESSO,Real,Desalmacenado real,35.0,0.005917159763313609
2026-05,SUZUKI,AUTOMOVILES,HB,SWIFT HB,Real,Desalmacenado real,56.0,0.009467455621301775
2026-05,SUZUKI,AUTOMOVILES,SD,SWIFT D-ZIRE,Real,Desalmacenado real,22.0,0.0037193575655114115
2026-05,SUZUKI,PANEL,SIN DEFINIR,APV,Real,Desalmacenado real,23.0,0.0038884192730346575
2026-05,SUZUKI,PANEL,SIN DEFINIR,EECO,Real,Desalmacenado real,5.0,0.0008453085376162299
2026-05,SUZUKI,PASAJEROS,SIN DEFINIR,XL7,Real,Desalmacenado real,10.0,0.0016906170752324597
2026-05,SUZUKI,SUV,SIN DEFINIR,ACROSS,Real,Desalmacenado real,84.0,0.014201183431952662
2026-05,SUZUKI,SUV,SIN DEFINIR,E VITARA,Real,Desalmacenado real,1.0,0.000169061707523246
2026-05,SUZUKI,SUV,SIN DEFINIR,FRONX,Real,Desalmacenado real,182.0,0.03076923076923077
2026-05,SUZUKI,SUV,SIN DEFINIR,GRAND VITARA,Real,Desalmacenado real,2.0,0.000338123415046492
2026-05,SUZUKI,SUV,SIN DEFINIR,JIMNY,Real,Desalmacenado real,198.0,0.03347421808960271
2026-05,TESLA,PICK-UP,LARGE,CYBERTRUCK,Real,Desalmacenado real,1.0,0.000169061707523246
2026-05,TOYOTA,AUTOMOVILES,HB,AGYA,Real,Desalmacenado real,7.0,0.001183431952662722
2026-05,TOYOTA,AUTOMOVILES,SD,BZ3,Real,Desalmacenado real,7.0,0.001183431952662722
2026-05,TOYOTA,AUTOMOVILES,SD,COROLLA HV,Real,Desalmacenado real,5.0,0.0008453085376162299
2026-05,TOYOTA,AUTOMOVILES,SD,YARIS SD,Real,Desalmacenado real,21.0,0.0035502958579881655
2026-05,TOYOTA,BUSETAS,SIN DEFINIR,COASTER,Real,Desalmacenado real,2.0,0.000338123415046492
2026-05,TOYOTA,MICROBUS,SIN DEFINIR,HIACE,Real,Desalmacenado real,22.0,0.0037193575655114115
2026-05,TOYOTA,PANEL,SIN DEFINIR,HIACE,Real,Desalmacenado real,1.0,0.000169061707523246
2026-05,TOYOTA,PANEL,SIN DEFINIR,LITE ACE,Real,Desalmacenado real,23.0,0.0038884192730346575
2026-05,TOYOTA,PASAJEROS,SIN DEFINIR,AVANZA,Real,Desalmacenado real,4.0,0.000676246830092984
2026-05,TOYOTA,PICK-UP,MEDIUM,HI-LUX,Real,Desalmacenado real,79.0,0.013355874894336433
2026-05,TOYOTA,PICK-UP,MEDIUM,LAND CRUISER PK,Real,Desalmacenado real,12.0,0.0020287404902789518
2026-05,TOYOTA,PICK-UP,MEDIUM,TACOMA,Real,Desalmacenado real,1.0,0.000169061707523246
2026-05,TOYOTA,SUV,LARGE,LAND CRUISER,Real,Desalmacenado real,12.0,0.0020287404902789518
2026-05,TOYOTA,SUV,LARGE,LAND CRUISER 300,Real,Desalmacenado real,14.0,0.002366863905325444
2026-05,TOYOTA,SUV,LARGE,SEQUOIA HEV,Real,Desalmacenado real,1.0,0.000169061707523246
2026-05,TOYOTA,SUV,MEDIUM,4RUNNER,Real,Desalmacenado real,11.0,0.0018596787827557058
2026-05,TOYOTA,SUV,MEDIUM,LAND CRUISER LX,Real,Desalmacenado real,1.0,0.000169061707523246
2026-05,TOYOTA,SUV,MEDIUM,PRADO,Real,Desalmacenado real,73.0,0.012341504649196956
2026-05,TOYOTA,SUV,SIN DEFINIR,BZ4X,Real,Desalmacenado real,3.0,0.0005071851225697379
2026-05,TOYOTA,SUV,SIN DEFINIR,COROLLA CROSS,Real,Desalmacenado real,25.0,0.00422654268808115
2026-05,TOYOTA,SUV,SIN DEFINIR,COROLLA CROSS HV,Real,Desalmacenado real,3.0,0.0005071851225697379
2026-05,TOYOTA,SUV,SIN DEFINIR,RAIZE,Real,Desalmacenado real,110.0,0.018596787827557058
2026-05,TOYOTA,SUV,SIN DEFINIR,RAV4,Real,Desalmacenado real,137.0,0.0231614539306847
2026-05,TOYOTA,SUV,SIN DEFINIR,RAV4 HV,Real,Desalmacenado real,13.0,0.002197802197802198
2026-05,TOYOTA,SUV,SIN DEFINIR,RUSH,Real,Desalmacenado real,8.0,0.001352493660185968
2026-05,TOYOTA,SUV,SIN DEFINIR,YARIS CROSS,Real,Desalmacenado real,160.0,0.027049873203719356
2026-05,TOYOTA,SUV,SIN DEFINIR,YARIS CROSS HV,Real,Desalmacenado real,10.0,0.0016906170752324597
2026-05,TOYOTA,SUV,SMALL,FORTUNER,Real,Desalmacenado real,38.0,0.006424344885883348
2026-05,UD,CAMIONES,SIN DEFINIR,QUESTER,Real,Desalmacenado real,1.0,0.000169061707523246
2026-05,VGV,PICK-UP,MEDIUM,VX7,Real,Desalmacenado real,6.0,0.0010143702451394759
2026-05,VGV,SUV,SIN DEFINIR,U70-U75,Real,Desalmacenado real,6.0,0.0010143702451394759
2026-05,VOLKSWAGEN,CAMIONES,SIN DEFINIR,CONSTELLATION,Real,Desalmacenado real,4.0,0.000676246830092984
2026-05,VOLKSWAGEN,CAMIONES,SIN DEFINIR,DELIVERY,Real,Desalmacenado real,3.0,0.0005071851225697379
2026-05,VOLKSWAGEN,CAMIONES,SIN DEFINIR,METEOR,Real,Desalmacenado real,1.0,0.000169061707523246
2026-05,VOLKSWAGEN,PICK-UP,MEDIUM,AMAROK,Real,Desalmacenado real,5.0,0.0008453085376162299
2026-05,VOLKSWAGEN,PICK-UP,SMALL,SAVEIRO,Real,Desalmacenado real,2.0,0.000338123415046492
2026-05,VOLKSWAGEN,SUV,SIN DEFINIR,ID.4,Real,Desalmacenado real,1.0,0.000169061707523246
2026-05,VOLKSWAGEN,SUV,SIN DEFINIR,ID.6,Real,Desalmacenado real,4.0,0.000676246830092984
2026-05,VOLKSWAGEN,SUV,SIN DEFINIR,ID.UNYX,Real,Desalmacenado real,2.0,0.000338123415046492
2026-05,VOLKSWAGEN,SUV,SIN DEFINIR,NIVUS,Real,Desalmacenado real,1.0,0.000169061707523246
2026-05,VOLKSWAGEN,SUV,SIN DEFINIR,T-CROSS,Real,Desalmacenado real,12.0,0.0020287404902789518
2026-05,VOLKSWAGEN,SUV,SIN DEFINIR,TAOS,Real,Desalmacenado real,2.0,0.000338123415046492
2026-05,VOLKSWAGEN,SUV,SIN DEFINIR,TERA,Real,Desalmacenado real,24.0,0.0040574809805579036
2026-05,VOLKSWAGEN,SUV,SIN DEFINIR,TIGUAN,Real,Desalmacenado real,11.0,0.0018596787827557058
2026-05,VOLVO,SUV,SIN DEFINIR,EX30,Real,Desalmacenado real,13.0,0.002197802197802198
2026-05,VOLVO,SUV,SIN DEFINIR,EX40,Real,Desalmacenado real,1.0,0.000169061707523246
2026-05,VOLVO,SUV,SIN DEFINIR,XC60 T8,Real,Desalmacenado real,2.0,0.000338123415046492
2026-05,XCMG,CAMIONES,SIN DEFINIR,SLM2600S,Real,Desalmacenado real,1.0,0.000169061707523246
2026-05,ZEEKR,SUV,SIN DEFINIR,7X,Real,Desalmacenado real,37.0,0.006255283178360101
2026-05,ZEEKR,SUV,SIN DEFINIR,X,Real,Desalmacenado real,64.0,0.010819949281487743
2026-06,AION,AUTOMOVILES,HB,UT,Real,Desalmacenado real,12.0,0.001889168765743073
2026-06,AION,SUV,SIN DEFINIR,I60,Real,Desalmacenado real,2.0,0.00031486146095717883
2026-06,AION,SUV,SIN DEFINIR,V,Real,Desalmacenado real,23.0,0.003620906801007557
2026-06,AION,SUV,SIN DEFINIR,Y,Real,Desalmacenado real,3.0,0.00047229219143576825
2026-06,ARCFOX,AUTOMOVILES,SD,ALPHA S,Real,Desalmacenado real,1.0,0.00015743073047858942
2026-06,AUDI,AUTOMOVILES,SD,A5,Real,Desalmacenado real,1.0,0.00015743073047858942
2026-06,AUDI,AUTOMOVILES,SD,E-TRON GT,Real,Desalmacenado real,1.0,0.00015743073047858942
2026-06,AUDI,SUV,LARGE,Q8,Real,Desalmacenado real,1.0,0.00015743073047858942
2026-06,AUDI,SUV,SIN DEFINIR,Q2,Real,Desalmacenado real,1.0,0.00015743073047858942
2026-06,AUDI,SUV,SIN DEFINIR,Q3,Real,Desalmacenado real,15.0,0.0023614609571788415
2026-06,AUDI,SUV,SIN DEFINIR,Q5,Real,Desalmacenado real,3.0,0.00047229219143576825
2026-06,AUDI,SUV,SIN DEFINIR,Q6 E-TRON,Real,Desalmacenado real,3.0,0.00047229219143576825
2026-06,AVATR,SUV,SIN DEFINIR,11,Real,Desalmacenado real,1.0,0.00015743073047858942
2026-06,B.M.W.,AUTOMOVILES,HB,I3 EV,Real,Desalmacenado real,1.0,0.00015743073047858942
2026-06,B.M.W.,AUTOMOVILES,SD,420,Real,Desalmacenado real,1.0,0.00015743073047858942
2026-06,B.M.W.,AUTOMOVILES,SD,425,Real,Desalmacenado real,1.0,0.00015743073047858942
2026-06,B.M.W.,SUV,LARGE,X6,Real,Desalmacenado real,2.0,0.00031486146095717883
2026-06,B.M.W.,SUV,LARGE,X7,Real,Desalmacenado real,5.0,0.0007871536523929471
2026-06,B.M.W.,SUV,SIN DEFINIR,IX,Real,Desalmacenado real,1.0,0.00015743073047858942
2026-06,B.M.W.,SUV,SIN DEFINIR,IX1,Real,Desalmacenado real,9.0,0.0014168765743073047
2026-06,B.M.W.,SUV,SIN DEFINIR,IX3,Real,Desalmacenado real,1.0,0.00015743073047858942
2026-06,B.M.W.,SUV,SIN DEFINIR,X1,Real,Desalmacenado real,9.0,0.0014168765743073047
2026-06,B.M.W.,SUV,SIN DEFINIR,X3,Real,Desalmacenado real,12.0,0.001889168765743073
2026-06,B.M.W.,SUV,SIN DEFINIR,X5,Real,Desalmacenado real,14.0,0.002204030226700252
2026-06,B.M.W.,SUV,SIN DEFINIR,X5 PHV,Real,Desalmacenado real,2.0,0.00031486146095717883
2026-06,BAIC,SUV,LARGE,BJ60 EV,Real,Desalmacenado real,16.0,0.0025188916876574307
2026-06,BAIC,SUV,SIN DEFINIR,BJ30,Real,Desalmacenado real,6.0,0.0009445843828715365
2026-06,BAIC,SUV,SIN DEFINIR,X3,Real,Desalmacenado real,17.0,0.0026763224181360202
2026-06,BAIC,SUV,SIN DEFINIR,X5,Real,Desalmacenado real,2.0,0.00031486146095717883
2026-06,BAIC,SUV,SMALL,BJ40,Real,Desalmacenado real,7.0,0.001102015113350126
2026-06,BAIC,SUV,SMALL,BJ40 EV,Real,Desalmacenado real,10.0,0.0015743073047858943
2026-06,BAIC,SUV,SMALL,BJ41,Real,Desalmacenado real,2.0,0.00031486146095717883
2026-06,BYD,AUTOMOVILES,HB,DOLPHIN,Real,Desalmacenado real,30.0,0.004722921914357683
2026-06,BYD,AUTOMOVILES,HB,E2 EV,Real,Desalmacenado real,4.0,0.0006297229219143577
2026-06,BYD,PICK-UP,MEDIUM,SHARK,Real,Desalmacenado real,1.0,0.00015743073047858942
2026-06,BYD,SUV,SIN DEFINIR,S1 PRO EV,Real,Desalmacenado real,171.0,0.02692065491183879
2026-06,BYD,SUV,SIN DEFINIR,YUAN PLUS EV,Real,Desalmacenado real,63.0,0.009918136020151134
2026-06,CHANGAN,AUTOMOVILES,HB,LUMIN,Real,Desalmacenado real,6.0,0.0009445843828715365
2026-06,CHANGAN,AUTOMOVILES,SD,ALSVIN,Real,Desalmacenado real,10.0,0.0015743073047858943
2026-06,CHANGAN,PANEL,SIN DEFINIR,HONOR,Real,Desalmacenado real,16.0,0.0025188916876574307
2026-06,CHANGAN,PASAJEROS,SIN DEFINIR,HONOR S,Real,Desalmacenado real,2.0,0.00031486146095717883
2026-06,CHANGAN,PICK-UP,MEDIUM,HUNTER,Real,Desalmacenado real,14.0,0.002204030226700252
2026-06,CHANGAN,PICK-UP,MEDIUM,HUNTER EV,Real,Desalmacenado real,14.0,0.002204030226700252
2026-06,CHANGAN,SUV,MEDIUM,CS 75,Real,Desalmacenado real,10.0,0.0015743073047858943
2026-06,CHANGAN,SUV,SIN DEFINIR,CS 15,Real,Desalmacenado real,19.0,0.002991183879093199
2026-06,CHANGAN,SUV,SIN DEFINIR,CS 55,Real,Desalmacenado real,50.0,0.007871536523929471
2026-06,CHANGAN,SUV,SIN DEFINIR,CS35,Real,Desalmacenado real,65.0,0.010232997481108312
2026-06,CHANGAN,SUV,SIN DEFINIR,Q05,Real,Desalmacenado real,1.0,0.00015743073047858942
2026-06,CHANGAN,SUV,SIN DEFINIR,S05,Real,Desalmacenado real,10.0,0.0015743073047858943
2026-06,CHANGAN,SUV,SIN DEFINIR,S07,Real,Desalmacenado real,1.0,0.00015743073047858942
2026-06,CHANGAN,SUV,SIN DEFINIR,UNI-T,Real,Desalmacenado real,1.0,0.00015743073047858942
2026-06,CHERY,PICK-UP,MEDIUM,HIMLA,Real,Desalmacenado real,20.0,0.0031486146095717885
2026-06,CHERY,SUV,SIN DEFINIR,ICAR 03,Real,Desalmacenado real,124.0,0.01952141057934509
2026-06,CHERY,SUV,SIN DEFINIR,TIGGO 2,Real,Desalmacenado real,45.0,0.007084382871536524
2026-06,CHERY,SUV,SIN DEFINIR,TIGGO 4,Real,Desalmacenado real,18.0,0.0028337531486146094
2026-06,CHERY,SUV,SIN DEFINIR,TIGGO 7,Real,Desalmacenado real,25.0,0.003935768261964736
2026-06,CHERY,SUV,SIN DEFINIR,TIGGO 8,Real,Desalmacenado real,23.0,0.003620906801007557
2026-06,CHEVROLET,AUTOMOVILES,SD,AVEO,Real,Desalmacenado real,2.0,0.00031486146095717883
2026-06,CHEVROLET,AUTOMOVILES,SD,CORVETTE,Real,Desalmacenado real,1.0,0.00015743073047858942
2026-06,CHEVROLET,PANEL,SIN DEFINIR,N400,Real,Desalmacenado real,23.0,0.003620906801007557
2026-06,CHEVROLET,PICK-UP,LARGE,SILVERADO,Real,Desalmacenado real,13.0,0.0020465994962216624
2026-06,CHEVROLET,PICK-UP,LARGE,SILVERADO EV,Real,Desalmacenado real,1.0,0.00015743073047858942
2026-06,CHEVROLET,PICK-UP,MEDIUM,COLORADO,Real,Desalmacenado real,9.0,0.0014168765743073047
2026-06,CHEVROLET,SUV,LARGE,SUBURBAN,Real,Desalmacenado real,3.0,0.00047229219143576825
2026-06,CHEVROLET,SUV,LARGE,TAHOE,Real,Desalmacenado real,7.0,0.001102015113350126
2026-06,CHEVROLET,SUV,LARGE,TRAVERSE,Real,Desalmacenado real,4.0,0.0006297229219143577
2026-06,CHEVROLET,SUV,MEDIUM,TRAIL BLAZER,Real,Desalmacenado real,4.0,0.0006297229219143577
2026-06,CHEVROLET,SUV,SIN DEFINIR,CAPTIVA,Real,Desalmacenado real,5.0,0.0007871536523929471
2026-06,CHEVROLET,SUV,SIN DEFINIR,CAPTIVA PHEV,Real,Desalmacenado real,1.0,0.00015743073047858942
2026-06,CHEVROLET,SUV,SIN DEFINIR,GROOVE,Real,Desalmacenado real,11.0,0.0017317380352644836
2026-06,CHEVROLET,SUV,SIN DEFINIR,SPARK EUV,Real,Desalmacenado real,17.0,0.0026763224181360202
2026-06,CHEVROLET,SUV,SIN DEFINIR,TRACKER,Real,Desalmacenado real,7.0,0.001102015113350126
2026-06,CHEVROLET,SUV,SIN DEFINIR,TRAX,Real,Desalmacenado real,2.0,0.00031486146095717883
2026-06,CITROEN,PANEL,SIN DEFINIR,BERLINGO,Real,Desalmacenado real,1.0,0.00015743073047858942
2026-06,DENZA,SUV,SIN DEFINIR,B3,Real,Desalmacenado real,100.0,0.015743073047858942
2026-06,DFSK,SUV,SIN DEFINIR,E5,Real,Desalmacenado real,1.0,0.00015743073047858942
2026-06,DFSK,SUV,SIN DEFINIR,GLORY 500,Real,Desalmacenado real,7.0,0.001102015113350126
2026-06,DFSK,SUV,SIN DEFINIR,GLORY 560,Real,Desalmacenado real,3.0,0.00047229219143576825
2026-06,DFSK,SUV,SIN DEFINIR,SERES 5,Real,Desalmacenado real,15.0,0.0023614609571788415
2026-06,DONGFENG,AUTOMOVILES,HB,NAMMI 01,Real,Desalmacenado real,10.0,0.0015743073047858943
2026-06,DONGFENG,PICK-UP,MEDIUM,RICH,Real,Desalmacenado real,9.0,0.0014168765743073047
2026-06,DONGFENG,SUV,SIN DEFINIR,FRIDAY,Real,Desalmacenado real,16.0,0.0025188916876574307
2026-06,DONGFENG,SUV,SIN DEFINIR,NAMMI 06,Real,Desalmacenado real,90.0,0.014168765743073047
2026-06,DONGFENG I,CAMIONES,SIN DEFINIR,DF116,Real,Desalmacenado real,2.0,0.00031486146095717883
2026-06,DONGFENG I,MICROBUS,SIN DEFINIR,DF3050P,Real,Desalmacenado real,1.0,0.00015743073047858942
2026-06,FANGCHENGBAO,SUV,SIN DEFINIR,BAO 3,Real,Desalmacenado real,1.0,0.00015743073047858942
2026-06,FAW,CAMIONES,SIN DEFINIR,CA1081,Real,Desalmacenado real,2.0,0.00031486146095717883
2026-06,FAW,CAMIONES,SIN DEFINIR,CA1160,Real,Desalmacenado real,2.0,0.00031486146095717883
2026-06,FAW,CAMIONES,SIN DEFINIR,TIGER,Real,Desalmacenado real,9.0,0.0014168765743073047
2026-06,FIAT,PICK-UP,MEDIUM,TITANO,Real,Desalmacenado real,3.0,0.00047229219143576825
2026-06,FORD,AUTOMOVILES,SD,MUSTANG,Real,Desalmacenado real,1.0,0.00015743073047858942
2026-06,FORD,PICK-UP,LARGE,F150,Real,Desalmacenado real,3.0,0.00047229219143576825
2026-06,FORD,PICK-UP,LARGE,F550,Real,Desalmacenado real,5.0,0.0007871536523929471
2026-06,FORD,PICK-UP,MEDIUM,RANGER,Real,Desalmacenado real,17.0,0.0026763224181360202
2026-06,FORD,SUV,LARGE,EXPLORER,Real,Desalmacenado real,3.0,0.00047229219143576825
2026-06,FORD,SUV,MEDIUM,BRONCO,Real,Desalmacenado real,2.0,0.00031486146095717883
2026-06,FORD,SUV,SIN DEFINIR,BRONCO SPORT,Real,Desalmacenado real,2.0,0.00031486146095717883
2026-06,FORD,SUV,SIN DEFINIR,EDGE HV,Real,Desalmacenado real,8.0,0.0012594458438287153
2026-06,FORD,SUV,SIN DEFINIR,TERRITORY,Real,Desalmacenado real,16.0,0.0025188916876574307
2026-06,FORD,SUV,SMALL,EVEREST,Real,Desalmacenado real,6.0,0.0009445843828715365
2026-06,FORLAND,CAMIONES,SIN DEFINIR,F200 PRO,Real,Desalmacenado real,2.0,0.00031486146095717883
2026-06,FORLAND,CAMIONES,SIN DEFINIR,F2500,Real,Desalmacenado real,14.0,0.002204030226700252
2026-06,FORLAND,CAMIONES,SIN DEFINIR,F300 PRO,Real,Desalmacenado real,6.0,0.0009445843828715365
2026-06,FORLAND,CAMIONES,SIN DEFINIR,F4000,Real,Desalmacenado real,6.0,0.0009445843828715365
2026-06,FORLAND,CAMIONES,SIN DEFINIR,F5000,Real,Desalmacenado real,8.0,0.0012594458438287153
2026-06,FORLAND,CAMIONES,SIN DEFINIR,F6000,Real,Desalmacenado real,6.0,0.0009445843828715365
2026-06,FORLAND,CAMIONES,SIN DEFINIR,X4000,Real,Desalmacenado real,2.0,0.00031486146095717883
2026-06,FORLAND,CAMIONES,[3] MEDIANO [MD],V3000 L5E D90,Real,Desalmacenado real,4.0,0.0006297229219143577
2026-06,FORLAND,CAMIONES,[4] PESADO [HD],V6000 L7 D120,Real,Desalmacenado real,10.0,0.0015743073047858943
2026-06,FOTON,MICROBUS,SIN DEFINIR,VIEW,Real,Desalmacenado real,17.0,0.0026763224181360202
2026-06,FOTON,PICK-UP,MEDIUM,TUNLAND,Real,Desalmacenado real,27.0,0.004250629722921915
2026-06,FOTON I,CAMIONES,SIN DEFINIR,AUMARK,Real,Desalmacenado real,8.0,0.0012594458438287153
2026-06,FOTON I,CAMIONES,SIN DEFINIR,TM,Real,Desalmacenado real,8.0,0.0012594458438287153
2026-06,FREIGHTLINER,CAMIONES,SIN DEFINIR,M2 106,Real,Desalmacenado real,2.0,0.00031486146095717883
2026-06,FUSO,CAMIONES,SIN DEFINIR,CANTER,Real,Desalmacenado real,28.0,0.004408060453400504
2026-06,GAC,SUV,SIN DEFINIR,EMZOOM,Real,Desalmacenado real,1.0,0.00015743073047858942
2026-06,GEELY,CAMIONES,SIN DEFINIR,FARIZON LE17,Real,Desalmacenado real,4.0,0.0006297229219143577
2026-06,GEELY,PANEL,SIN DEFINIR,FARIZON V7E,Real,Desalmacenado real,1.0,0.00015743073047858942
2026-06,GEELY,PICK-UP,MEDIUM,RIDDARA RD6,Real,Desalmacenado real,12.0,0.001889168765743073
2026-06,GEELY,SUV,SIN DEFINIR,COOLRAY,Real,Desalmacenado real,54.0,0.00850125944584383
2026-06,GEELY,SUV,SIN DEFINIR,EX5,Real,Desalmacenado real,291.0,0.04581234256926952
2026-06,GEELY,SUV,SIN DEFINIR,GEOME,Real,Desalmacenado real,77.0,0.012122166246851385
2026-06,GEELY,SUV,SIN DEFINIR,GX3,Real,Desalmacenado real,38.0,0.005982367758186398
2026-06,GEELY,SUV,SIN DEFINIR,STARRAY,Real,Desalmacenado real,7.0,0.001102015113350126
2026-06,GEELY,SUV,SMALL,OKAVANGO,Real,Desalmacenado real,25.0,0.003935768261964736
2026-06,GREATWALL,AUTOMOVILES,HB,ORA3,Real,Desalmacenado real,10.0,0.0015743073047858943
2026-06,GREATWALL,PICK-UP,MEDIUM,POER,Real,Desalmacenado real,91.0,0.014326196473551637
2026-06,GREATWALL,PICK-UP,MEDIUM,WINGLE,Real,Desalmacenado real,9.0,0.0014168765743073047
2026-06,GREATWALL I,SUV,LARGE,TANK 500,Real,Desalmacenado real,2.0,0.00031486146095717883
2026-06,GREATWALL I,SUV,SMALL,TANK 300,Real,Desalmacenado real,3.0,0.00047229219143576825
2026-06,HAVAL,SUV,MEDIUM,H9,Real,Desalmacenado real,3.0,0.00047229219143576825
2026-06,HAVAL,SUV,SIN DEFINIR,H6,Real,Desalmacenado real,7.0,0.001102015113350126
2026-06,HAVAL,SUV,SIN DEFINIR,JOLION,Real,Desalmacenado real,2.0,0.00031486146095717883
2026-06,HIGER,BUS,SIN DEFINIR,KLQ6126G,Real,Desalmacenado real,2.0,0.00031486146095717883
2026-06,HIGER,BUS,SIN DEFINIR,KLQ6136G,Real,Desalmacenado real,2.0,0.00031486146095717883
2026-06,HIGER,BUSETAS,SIN DEFINIR,KLQ6600,Real,Desalmacenado real,1.0,0.00015743073047858942
2026-06,HINO,CAMIONES,SIN DEFINIR,FC9JJSA,Real,Desalmacenado real,2.0,0.00031486146095717883
2026-06,HINO,CAMIONES,SIN DEFINIR,FM8JR7A,Real,Desalmacenado real,2.0,0.00031486146095717883
2026-06,HINO,CAMIONES,SIN DEFINIR,LY230L,Real,Desalmacenado real,6.0,0.0009445843828715365
2026-06,HINO,CAMIONES,SIN DEFINIR,XZU600L,Real,Desalmacenado real,23.0,0.003620906801007557
2026-06,HINO,CAMIONES,SIN DEFINIR,XZU650L,Real,Desalmacenado real,2.0,0.00031486146095717883
2026-06,HINO,CAMIONES,SIN DEFINIR,XZU710L,Real,Desalmacenado real,4.0,0.0006297229219143577
2026-06,HINO,CAMIONES,SIN DEFINIR,XZU720L,Real,Desalmacenado real,2.0,0.00031486146095717883
2026-06,HINO,CAMIONES,SIN DEFINIR,XZU730L,Real,Desalmacenado real,8.0,0.0012594458438287153
2026-06,HONDA,SUV,MEDIUM,PILOT,Real,Desalmacenado real,5.0,0.0007871536523929471
2026-06,HONDA,SUV,SIN DEFINIR,BR-V,Real,Desalmacenado real,2.0,0.00031486146095717883
2026-06,HONDA,SUV,SIN DEFINIR,CR-V,Real,Desalmacenado real,27.0,0.004250629722921915
2026-06,HONDA,SUV,SIN DEFINIR,CR-V HEV,Real,Desalmacenado real,7.0,0.001102015113350126
2026-06,HONDA,SUV,SIN DEFINIR,HR-V,Real,Desalmacenado real,8.0,0.0012594458438287153
2026-06,HONDA,SUV,SIN DEFINIR,NS-1,Real,Desalmacenado real,1.0,0.00015743073047858942
2026-06,HUANGHAI,PICK-UP,LARGE,N7,Real,Desalmacenado real,1.0,0.00015743073047858942
2026-06,HUANGHAI,PICK-UP,MEDIUM,N2,Real,Desalmacenado real,5.0,0.0007871536523929471
2026-06,HYPER,SUV,MEDIUM,HT,Real,Desalmacenado real,4.0,0.0006297229219143577
2026-06,HYUNDAI,AUTOMOVILES,HB,I10 HB,Real,Desalmacenado real,11.0,0.0017317380352644836
2026-06,HYUNDAI,AUTOMOVILES,SD,ACCENT,Real,Desalmacenado real,3.0,0.00047229219143576825
2026-06,HYUNDAI,AUTOMOVILES,SD,I10 SD,Real,Desalmacenado real,5.0,0.0007871536523929471
2026-06,HYUNDAI,BUSETAS,SIN DEFINIR,COUNTY,Real,Desalmacenado real,2.0,0.00031486146095717883
2026-06,HYUNDAI,CAMIONES,SIN DEFINIR,EX6 MIGHTY,Real,Desalmacenado real,2.0,0.00031486146095717883
2026-06,HYUNDAI,MICROBUS,SIN DEFINIR,STARIA,Real,Desalmacenado real,17.0,0.0026763224181360202
2026-06,HYUNDAI,PANEL,SIN DEFINIR,STARIA,Real,Desalmacenado real,1.0,0.00015743073047858942
2026-06,HYUNDAI,SUV,MEDIUM,PALISADE HV,Real,Desalmacenado real,1.0,0.00015743073047858942
2026-06,HYUNDAI,SUV,SIN DEFINIR,CRETA,Real,Desalmacenado real,43.0,0.006769521410579345
2026-06,HYUNDAI,SUV,SIN DEFINIR,CRETA GRAND,Real,Desalmacenado real,3.0,0.00047229219143576825
2026-06,HYUNDAI,SUV,SIN DEFINIR,SANTA FE,Real,Desalmacenado real,2.0,0.00031486146095717883
2026-06,HYUNDAI,SUV,SIN DEFINIR,TUCSON,Real,Desalmacenado real,142.0,0.022355163727959697
2026-06,HYUNDAI,SUV,SIN DEFINIR,VENUE,Real,Desalmacenado real,41.0,0.006454659949622166
2026-06,INTERNATIONAL,CAMIONES,SIN DEFINIR,SERIE HV,Real,Desalmacenado real,1.0,0.00015743073047858942
2026-06,ISUZU,CAMIONES,SIN DEFINIR,ELF,Real,Desalmacenado real,2.0,0.00031486146095717883
2026-06,ISUZU,CAMIONES,SIN DEFINIR,FRR,Real,Desalmacenado real,1.0,0.00015743073047858942
2026-06,ISUZU,CAMIONES,SIN DEFINIR,FTR,Real,Desalmacenado real,2.0,0.00031486146095717883
2026-06,ISUZU,CAMIONES,SIN DEFINIR,FVR,Real,Desalmacenado real,4.0,0.0006297229219143577
2026-06,ISUZU,CAMIONES,SIN DEFINIR,FVZ,Real,Desalmacenado real,2.0,0.00031486146095717883
2026-06,ISUZU,CAMIONES,SIN DEFINIR,FXR,Real,Desalmacenado real,1.0,0.00015743073047858942
2026-06,ISUZU,CAMIONES,SIN DEFINIR,M600,Real,Desalmacenado real,3.0,0.00047229219143576825
2026-06,ISUZU,CAMIONES,SIN DEFINIR,NLR,Real,Desalmacenado real,19.0,0.002991183879093199
2026-06,ISUZU,CAMIONES,SIN DEFINIR,NMR,Real,Desalmacenado real,12.0,0.001889168765743073
2026-06,ISUZU,CAMIONES,SIN DEFINIR,NPR,Real,Desalmacenado real,3.0,0.00047229219143576825
2026-06,ISUZU,CAMIONES,SIN DEFINIR,NPS,Real,Desalmacenado real,10.0,0.0015743073047858943
2026-06,ISUZU,CAMIONES,SIN DEFINIR,NQR,Real,Desalmacenado real,17.0,0.0026763224181360202
2026-06,ISUZU,CAMIONES,SIN DEFINIR,NZR,Real,Desalmacenado real,6.0,0.0009445843828715365
2026-06,ISUZU,CAMIONES,SIN DEFINIR,NZS,Real,Desalmacenado real,1.0,0.00015743073047858942
2026-06,ISUZU,CAMIONES,SIN DEFINIR,QLR77,Real,Desalmacenado real,26.0,0.004093198992443325
2026-06,ISUZU,PICK-UP,MEDIUM,D-MAX,Real,Desalmacenado real,34.0,0.0053526448362720405
2026-06,ISUZU,SUV,SMALL,MU-X,Real,Desalmacenado real,2.0,0.00031486146095717883
2026-06,JAC,MICROBUS,SIN DEFINIR,M4,Real,Desalmacenado real,3.0,0.00047229219143576825
2026-06,JAC,PICK-UP,MEDIUM,T8,Real,Desalmacenado real,7.0,0.001102015113350126
2026-06,JAC,PICK-UP,MEDIUM,T9,Real,Desalmacenado real,2.0,0.00031486146095717883
2026-06,JAC,SUV,MEDIUM,JS8,Real,Desalmacenado real,1.0,0.00015743073047858942
2026-06,JAC,SUV,SIN DEFINIR,JS2,Real,Desalmacenado real,8.0,0.0012594458438287153
2026-06,JAC I,CAMIONES,SIN DEFINIR,HFC1012K,Real,Desalmacenado real,11.0,0.0017317380352644836
2026-06,JAC I,CAMIONES,SIN DEFINIR,HFC1035K,Real,Desalmacenado real,21.0,0.0033060453400503777
2026-06,JAC I,CAMIONES,SIN DEFINIR,HFC1042,Real,Desalmacenado real,19.0,0.002991183879093199
2026-06,JAC I,CAMIONES,SIN DEFINIR,HFC1171K,Real,Desalmacenado real,2.0,0.00031486146095717883
2026-06,JAC I,CAMIONES,SIN DEFINIR,N75,Real,Desalmacenado real,1.0,0.00015743073047858942
2026-06,JAC I,MICROBUS,SIN DEFINIR,SUNRAY,Real,Desalmacenado real,11.0,0.0017317380352644836
2026-06,JAECOO,SUV,SIN DEFINIR,J5,Real,Desalmacenado real,1.0,0.00015743073047858942
2026-06,JAECOO,SUV,SIN DEFINIR,J7,Real,Desalmacenado real,4.0,0.0006297229219143577
2026-06,JEEP,SUV,SIN DEFINIR,AVENGER,Real,Desalmacenado real,1.0,0.00015743073047858942
2026-06,JEEP,SUV,SIN DEFINIR,COMPASS,Real,Desalmacenado real,1.0,0.00015743073047858942
2026-06,JEEP,SUV,SMALL,WRANGLER,Real,Desalmacenado real,1.0,0.00015743073047858942
2026-06,JETOUR,SUV,LARGE,G700,Real,Desalmacenado real,1.0,0.00015743073047858942
2026-06,JETOUR,SUV,SIN DEFINIR,X50,Real,Desalmacenado real,13.0,0.0020465994962216624
2026-06,JETOUR,SUV,SIN DEFINIR,X70,Real,Desalmacenado real,1.0,0.00015743073047858942
2026-06,JETOUR,SUV,SMALL,T1,Real,Desalmacenado real,3.0,0.00047229219143576825
2026-06,JETOUR,SUV,SMALL,T2,Real,Desalmacenado real,1.0,0.00015743073047858942
2026-06,JMC,CAMIONES,SIN DEFINIR,N822,Real,Desalmacenado real,39.0,0.006139798488664987
2026-06,JMC,PANEL,SIN DEFINIR,TOURING VAN,Real,Desalmacenado real,1.0,0.00015743073047858942
2026-06,JMC,PICK-UP,MEDIUM,GRAND AVENUE,Real,Desalmacenado real,18.0,0.0028337531486146094
2026-06,JOYLONG,MICROBUS,SIN DEFINIR,A6,Real,Desalmacenado real,1.0,0.00015743073047858942
2026-06,KAIYI,SUV,SIN DEFINIR,X7,Real,Desalmacenado real,5.0,0.0007871536523929471
2026-06,KARRY,MICROBUS,SIN DEFINIR,Q22L,Real,Desalmacenado real,9.0,0.0014168765743073047
2026-06,KARRY,MICROBUS,SIN DEFINIR,YOYO,Real,Desalmacenado real,1.0,0.00015743073047858942
2026-06,KARRY,PANEL,SIN DEFINIR,YOYO,Real,Desalmacenado real,12.0,0.001889168765743073
2026-06,KAVRED,MICROBUS,SIN DEFINIR,KA14,Real,Desalmacenado real,1.0,0.00015743073047858942
2026-06,KIA,AUTOMOVILES,HB,K3 HB,Real,Desalmacenado real,4.0,0.0006297229219143577
2026-06,KIA,AUTOMOVILES,HB,PICANTO HB,Real,Desalmacenado real,28.0,0.004408060453400504
2026-06,KIA,AUTOMOVILES,SD,SOLUTO,Real,Desalmacenado real,12.0,0.001889168765743073
2026-06,KIA,CAMIONES,SIN DEFINIR,K2500,Real,Desalmacenado real,60.0,0.009445843828715366
2026-06,KIA,SUV,SIN DEFINIR,EV3,Real,Desalmacenado real,6.0,0.0009445843828715365
2026-06,KIA,SUV,SIN DEFINIR,EV5,Real,Desalmacenado real,10.0,0.0015743073047858943
2026-06,KIA,SUV,SIN DEFINIR,SELTOS,Real,Desalmacenado real,146.0,0.022984886649874057
2026-06,KIA,SUV,SIN DEFINIR,SONET,Real,Desalmacenado real,14.0,0.002204030226700252
2026-06,KIA,SUV,SIN DEFINIR,SPORTAGE,Real,Desalmacenado real,9.0,0.0014168765743073047
2026-06,KIA,SUV,SMALL,SORENTO,Real,Desalmacenado real,2.0,0.00031486146095717883
2026-06,LAND ROVER,SUV,LARGE,DEFENDER,Real,Desalmacenado real,3.0,0.00047229219143576825
2026-06,LAND ROVER,SUV,LARGE,DISCOVERY,Real,Desalmacenado real,1.0,0.00015743073047858942
2026-06,LAND ROVER,SUV,LARGE,RANGE ROVER,Real,Desalmacenado real,1.0,0.00015743073047858942
2026-06,LAND ROVER,SUV,LARGE,RANGE ROVER SPORT,Real,Desalmacenado real,4.0,0.0006297229219143577
2026-06,LAND ROVER,SUV,SIN DEFINIR,EVOQUE,Real,Desalmacenado real,2.0,0.00031486146095717883
2026-06,LEAPMOTOR,SUV,SIN DEFINIR,B10,Real,Desalmacenado real,3.0,0.00047229219143576825
2026-06,LEAPMOTOR,SUV,SIN DEFINIR,C10,Real,Desalmacenado real,6.0,0.0009445843828715365
2026-06,LEXUS,SUV,LARGE,GX,Real,Desalmacenado real,3.0,0.00047229219143576825
2026-06,LEXUS,SUV,LARGE,LX 700H,Real,Desalmacenado real,1.0,0.00015743073047858942
2026-06,LEXUS,SUV,SIN DEFINIR,LBX,Real,Desalmacenado real,8.0,0.0012594458438287153
2026-06,LEXUS,SUV,SIN DEFINIR,NX HEV,Real,Desalmacenado real,8.0,0.0012594458438287153
2026-06,LEXUS,SUV,SIN DEFINIR,RX HEV,Real,Desalmacenado real,1.0,0.00015743073047858942
2026-06,LEXUS,SUV,SIN DEFINIR,UX HEV,Real,Desalmacenado real,1.0,0.00015743073047858942
2026-06,LYNK & CO,SUV,LARGE,09,Real,Desalmacenado real,10.0,0.0015743073047858943
2026-06,M.G.,AUTOMOVILES,HB,MG 4,Real,Desalmacenado real,1.0,0.00015743073047858942
2026-06,M.G.,SUV,SIN DEFINIR,HS,Real,Desalmacenado real,1.0,0.00015743073047858942
2026-06,M.G.,SUV,SIN DEFINIR,RX,Real,Desalmacenado real,7.0,0.001102015113350126
2026-06,M.G.,SUV,SIN DEFINIR,ZS,Real,Desalmacenado real,2.0,0.00031486146095717883
2026-06,M.G.,SUV,SIN DEFINIR,ZS EV,Real,Desalmacenado real,4.0,0.0006297229219143577
2026-06,MACK,CAMIONES,SIN DEFINIR,GR84BX,Real,Desalmacenado real,1.0,0.00015743073047858942
2026-06,MAHINDRA,PICK-UP,MEDIUM,PIK UP,Real,Desalmacenado real,2.0,0.00031486146095717883
2026-06,MAHINDRA,SUV,SIN DEFINIR,XUV300,Real,Desalmacenado real,24.0,0.003778337531486146
2026-06,MAXUS,MICROBUS,SIN DEFINIR,DELIVERY 9,Real,Desalmacenado real,5.0,0.0007871536523929471
2026-06,MAXUS,MICROBUS,SIN DEFINIR,V80,Real,Desalmacenado real,5.0,0.0007871536523929471
2026-06,MAXUS,PANEL,SIN DEFINIR,DELIVERY 9,Real,Desalmacenado real,3.0,0.00047229219143576825
2026-06,MAXUS,PICK-UP,MEDIUM,T60,Real,Desalmacenado real,3.0,0.00047229219143576825
2026-06,MAXUS,SUV,SIN DEFINIR,D60,Real,Desalmacenado real,2.0,0.00031486146095717883
2026-06,MAXUS,SUV,SIN DEFINIR,D90,Real,Desalmacenado real,4.0,0.0006297229219143577
2026-06,MAZDA,AUTOMOVILES,SD,MX5,Real,Desalmacenado real,1.0,0.00015743073047858942
2026-06,MAZDA,SUV,MEDIUM,CX-90,Real,Desalmacenado real,3.0,0.00047229219143576825
2026-06,MAZDA,SUV,SIN DEFINIR,CX-30,Real,Desalmacenado real,8.0,0.0012594458438287153
2026-06,MAZDA,SUV,SIN DEFINIR,CX-5,Real,Desalmacenado real,43.0,0.006769521410579345
2026-06,MAZDA,SUV,SIN DEFINIR,CX-60,Real,Desalmacenado real,9.0,0.0014168765743073047
2026-06,MERCEDES BENZ,CAMIONES,SIN DEFINIR,ACTROS,Real,Desalmacenado real,1.0,0.00015743073047858942
2026-06,MERCEDES BENZ,CAMIONES,SIN DEFINIR,ATEGO,Real,Desalmacenado real,2.0,0.00031486146095717883
2026-06,MERCEDES BENZ,PANEL,SIN DEFINIR,SPRINTER,Real,Desalmacenado real,1.0,0.00015743073047858942
2026-06,MERCEDES BENZ,SUV,LARGE,G450,Real,Desalmacenado real,1.0,0.00015743073047858942
2026-06,MERCEDES BENZ,SUV,LARGE,G580,Real,Desalmacenado real,1.0,0.00015743073047858942
2026-06,MERCEDES BENZ,SUV,LARGE,GLS400,Real,Desalmacenado real,1.0,0.00015743073047858942
2026-06,MERCEDES BENZ,SUV,SIN DEFINIR,EQA,Real,Desalmacenado real,1.0,0.00015743073047858942
2026-06,MERCEDES BENZ,SUV,SIN DEFINIR,GLA200,Real,Desalmacenado real,9.0,0.0014168765743073047
2026-06,MERCEDES BENZ,SUV,SIN DEFINIR,GLB35,Real,Desalmacenado real,1.0,0.00015743073047858942
2026-06,MERCEDES BENZ,SUV,SIN DEFINIR,GLC200,Real,Desalmacenado real,2.0,0.00031486146095717883
2026-06,MERCEDES BENZ,SUV,SIN DEFINIR,GLE300,Real,Desalmacenado real,3.0,0.00047229219143576825
2026-06,MERCEDES BENZ,SUV,SIN DEFINIR,GLE450,Real,Desalmacenado real,2.0,0.00031486146095717883
2026-06,MINI,SUV,SIN DEFINIR,ACEMAN,Real,Desalmacenado real,2.0,0.00031486146095717883
2026-06,MINI,SUV,SIN DEFINIR,COUNTRYMAN,Real,Desalmacenado real,5.0,0.0007871536523929471
2026-06,MITSUBISHI,BUSETAS,SIN DEFINIR,ROSA,Real,Desalmacenado real,1.0,0.00015743073047858942
2026-06,MITSUBISHI,PASAJEROS,SIN DEFINIR,XPANDER,Real,Desalmacenado real,1.0,0.00015743073047858942
2026-06,MITSUBISHI,PICK-UP,MEDIUM,L200,Real,Desalmacenado real,86.0,0.01353904282115869
2026-06,MITSUBISHI,SUV,SIN DEFINIR,DESTINATOR,Real,Desalmacenado real,27.0,0.004250629722921915
2026-06,MITSUBISHI,SUV,SIN DEFINIR,ECLIPSE CROSS,Real,Desalmacenado real,77.0,0.012122166246851385
2026-06,MITSUBISHI,SUV,SIN DEFINIR,OUTLANDER,Real,Desalmacenado real,23.0,0.003620906801007557
2026-06,MITSUBISHI,SUV,SIN DEFINIR,OUTLANDER SPORT,Real,Desalmacenado real,126.0,0.019836272040302267
2026-06,MITSUBISHI,SUV,SMALL,MONTERO SPORT,Real,Desalmacenado real,137.0,0.02156801007556675
2026-06,NISSAN,AUTOMOVILES,SD,VERSA,Real,Desalmacenado real,15.0,0.0023614609571788415
2026-06,NISSAN,MICROBUS,SIN DEFINIR,URVAN,Real,Desalmacenado real,7.0,0.001102015113350126
2026-06,NISSAN,PICK-UP,MEDIUM,FRONTIER,Real,Desalmacenado real,184.0,0.028967254408060455
2026-06,NISSAN,SUV,MEDIUM,PATHFINDER,Real,Desalmacenado real,5.0,0.0007871536523929471
2026-06,NISSAN,SUV,SIN DEFINIR,KAIT,Real,Desalmacenado real,85.0,0.0133816120906801
2026-06,NISSAN,SUV,SIN DEFINIR,KICKS,Real,Desalmacenado real,82.0,0.012909319899244332
2026-06,NISSAN,SUV,SIN DEFINIR,MAGNITE,Real,Desalmacenado real,113.0,0.017789672544080603
2026-06,NISSAN,SUV,SIN DEFINIR,QASHQAI,Real,Desalmacenado real,12.0,0.001889168765743073
2026-06,NISSAN,SUV,SIN DEFINIR,X-TRAIL,Real,Desalmacenado real,62.0,0.009760705289672544
2026-06,NISSAN,SUV,SIN DEFINIR,X-TRAIL E-POWER,Real,Desalmacenado real,42.0,0.006612090680100755
2026-06,OMODA,SUV,SIN DEFINIR,C5,Real,Desalmacenado real,51.0,0.00802896725440806
2026-06,OMODA,SUV,SIN DEFINIR,C7,Real,Desalmacenado real,3.0,0.00047229219143576825
2026-06,PEUGEOT,PASAJEROS,SIN DEFINIR,RIFTER,Real,Desalmacenado real,4.0,0.0006297229219143577
2026-06,PEUGEOT,SUV,SIN DEFINIR,2008,Real,Desalmacenado real,1.0,0.00015743073047858942
2026-06,PEUGEOT,SUV,SIN DEFINIR,3008,Real,Desalmacenado real,3.0,0.00047229219143576825
2026-06,PORSCHE,AUTOMOVILES,SD,911,Real,Desalmacenado real,1.0,0.00015743073047858942
2026-06,PORSCHE,AUTOMOVILES,SD,TAYCAN,Real,Desalmacenado real,1.0,0.00015743073047858942
2026-06,PORSCHE,SUV,LARGE,CAYENNE,Real,Desalmacenado real,1.0,0.00015743073047858942
2026-06,PORSCHE,SUV,SIN DEFINIR,MACAN,Real,Desalmacenado real,4.0,0.0006297229219143577
2026-06,PORSCHE,SUV,SIN DEFINIR,MACAN EV,Real,Desalmacenado real,1.0,0.00015743073047858942
2026-06,RAM,PICK-UP,LARGE,RAM 1500,Real,Desalmacenado real,12.0,0.001889168765743073
2026-06,RAM,PICK-UP,LARGE,RAM 2500,Real,Desalmacenado real,8.0,0.0012594458438287153
2026-06,RAM,PICK-UP,MEDIUM,RAM 1200 RAMPAGE,Real,Desalmacenado real,1.0,0.00015743073047858942
2026-06,RAM,PICK-UP,SMALL,RAM 700,Real,Desalmacenado real,3.0,0.00047229219143576825
2026-06,SAGMOTO,CAMIONES,SIN DEFINIR,X6S,Real,Desalmacenado real,1.0,0.00015743073047858942
2026-06,SAGMOTO,CAMIONES,SIN DEFINIR,X9,Real,Desalmacenado real,1.0,0.00015743073047858942
2026-06,SANY,CAMIONES,[4] PESADO [HD],SY410C,Real,Desalmacenado real,5.0,0.0007871536523929471
2026-06,SHACMAN,CAMIONES,SIN DEFINIR,F3000,Real,Desalmacenado real,4.0,0.0006297229219143577
2026-06,SHACMAN,CAMIONES,SIN DEFINIR,H3000,Real,Desalmacenado real,2.0,0.00031486146095717883
2026-06,SINOTRUK,CAMIONES,SIN DEFINIR,HOMAN,Real,Desalmacenado real,16.0,0.0025188916876574307
2026-06,SINOTRUK,CAMIONES,SIN DEFINIR,HOWO,Real,Desalmacenado real,2.0,0.00031486146095717883
2026-06,SINOTRUK,PANEL,SIN DEFINIR,V VANGUARD,Real,Desalmacenado real,1.0,0.00015743073047858942
2026-06,SINOTRUK,PICK-UP,MEDIUM,BOLDEN,Real,Desalmacenado real,10.0,0.0015743073047858943
2026-06,SMART,SUV,SIN DEFINIR,#1,Real,Desalmacenado real,1.0,0.00015743073047858942
2026-06,SOUEAST,SUV,SMALL,S09,Real,Desalmacenado real,3.0,0.00047229219143576825
2026-06,SSANG YONG,SUV,SMALL,REXTON,Real,Desalmacenado real,4.0,0.0006297229219143577
2026-06,SUBARU,SUV,MEDIUM,EVOLTIS,Real,Desalmacenado real,1.0,0.00015743073047858942
2026-06,SUBARU,SUV,SIN DEFINIR,CROSSTREK,Real,Desalmacenado real,4.0,0.0006297229219143577
2026-06,SUBARU,SUV,SIN DEFINIR,FORESTER,Real,Desalmacenado real,1.0,0.00015743073047858942
2026-06,SUZUKI,AUTOMOVILES,HB,ALTO,Real,Desalmacenado real,4.0,0.0006297229219143577
2026-06,SUZUKI,AUTOMOVILES,HB,BALENO,Real,Desalmacenado real,1.0,0.00015743073047858942
2026-06,SUZUKI,AUTOMOVILES,HB,CELERIO HB,Real,Desalmacenado real,3.0,0.00047229219143576825
2026-06,SUZUKI,AUTOMOVILES,HB,S-PRESSO,Real,Desalmacenado real,17.0,0.0026763224181360202
2026-06,SUZUKI,AUTOMOVILES,HB,SWIFT HB,Real,Desalmacenado real,31.0,0.004880352644836272
2026-06,SUZUKI,AUTOMOVILES,SD,SWIFT D-ZIRE,Real,Desalmacenado real,18.0,0.0028337531486146094
2026-06,SUZUKI,PANEL,SIN DEFINIR,APV,Real,Desalmacenado real,32.0,0.005037783375314861
2026-06,SUZUKI,PANEL,SIN DEFINIR,EECO,Real,Desalmacenado real,4.0,0.0006297229219143577
2026-06,SUZUKI,PASAJEROS,SIN DEFINIR,XL7,Real,Desalmacenado real,3.0,0.00047229219143576825
2026-06,SUZUKI,SUV,SIN DEFINIR,ACROSS,Real,Desalmacenado real,25.0,0.003935768261964736
2026-06,SUZUKI,SUV,SIN DEFINIR,FRONX,Real,Desalmacenado real,79.0,0.012437027707808565
2026-06,SUZUKI,SUV,SIN DEFINIR,GRAND VITARA,Real,Desalmacenado real,1.0,0.00015743073047858942
2026-06,SUZUKI,SUV,SIN DEFINIR,JIMNY,Real,Desalmacenado real,178.0,0.028022670025188916
2026-06,TOYOTA,AUTOMOVILES,HB,AGYA,Real,Desalmacenado real,8.0,0.0012594458438287153
2026-06,TOYOTA,AUTOMOVILES,SD,BZ3,Real,Desalmacenado real,7.0,0.001102015113350126
2026-06,TOYOTA,AUTOMOVILES,SD,YARIS SD,Real,Desalmacenado real,32.0,0.005037783375314861
2026-06,TOYOTA,BUSETAS,SIN DEFINIR,COASTER,Real,Desalmacenado real,2.0,0.00031486146095717883
2026-06,TOYOTA,MICROBUS,SIN DEFINIR,HIACE,Real,Desalmacenado real,30.0,0.004722921914357683
2026-06,TOYOTA,PANEL,SIN DEFINIR,HIACE,Real,Desalmacenado real,3.0,0.00047229219143576825
2026-06,TOYOTA,PANEL,SIN DEFINIR,LITE ACE,Real,Desalmacenado real,36.0,0.005667506297229219
2026-06,TOYOTA,PASAJEROS,SIN DEFINIR,AVANZA,Real,Desalmacenado real,5.0,0.0007871536523929471
2026-06,TOYOTA,PICK-UP,LARGE,TUNDRA HEV,Real,Desalmacenado real,1.0,0.00015743073047858942
2026-06,TOYOTA,PICK-UP,MEDIUM,HI-LUX,Real,Desalmacenado real,126.0,0.019836272040302267
2026-06,TOYOTA,PICK-UP,MEDIUM,LAND CRUISER PK,Real,Desalmacenado real,7.0,0.001102015113350126
2026-06,TOYOTA,PICK-UP,MEDIUM,TACOMA,Real,Desalmacenado real,2.0,0.00031486146095717883
2026-06,TOYOTA,SUV,LARGE,LAND CRUISER 300,Real,Desalmacenado real,14.0,0.002204030226700252
2026-06,TOYOTA,SUV,MEDIUM,4RUNNER,Real,Desalmacenado real,19.0,0.002991183879093199
2026-06,TOYOTA,SUV,MEDIUM,LAND CRUISER LX,Real,Desalmacenado real,15.0,0.0023614609571788415
2026-06,TOYOTA,SUV,MEDIUM,PRADO,Real,Desalmacenado real,138.0,0.02172544080604534
2026-06,TOYOTA,SUV,SIN DEFINIR,BZ4X,Real,Desalmacenado real,4.0,0.0006297229219143577
2026-06,TOYOTA,SUV,SIN DEFINIR,COROLLA CROSS,Real,Desalmacenado real,11.0,0.0017317380352644836
2026-06,TOYOTA,SUV,SIN DEFINIR,COROLLA CROSS HV,Real,Desalmacenado real,1.0,0.00015743073047858942
2026-06,TOYOTA,SUV,SIN DEFINIR,RAIZE,Real,Desalmacenado real,88.0,0.013853904282115869
2026-06,TOYOTA,SUV,SIN DEFINIR,RAV4,Real,Desalmacenado real,323.0,0.050850125944584386
2026-06,TOYOTA,SUV,SIN DEFINIR,RAV4 HV,Real,Desalmacenado real,31.0,0.004880352644836272
2026-06,TOYOTA,SUV,SIN DEFINIR,RUSH,Real,Desalmacenado real,4.0,0.0006297229219143577
2026-06,TOYOTA,SUV,SIN DEFINIR,YARIS CROSS,Real,Desalmacenado real,251.0,0.03951511335012595
2026-06,TOYOTA,SUV,SIN DEFINIR,YARIS CROSS HV,Real,Desalmacenado real,25.0,0.003935768261964736
2026-06,TOYOTA,SUV,SMALL,FORTUNER,Real,Desalmacenado real,42.0,0.006612090680100755
2026-06,VGV,SUV,SIN DEFINIR,U70-U75,Real,Desalmacenado real,9.0,0.0014168765743073047
2026-06,VOLKSWAGEN,BUS,SIN DEFINIR,17-260,Real,Desalmacenado real,2.0,0.00031486146095717883
2026-06,VOLKSWAGEN,CAMIONES,SIN DEFINIR,CONSTELLATION,Real,Desalmacenado real,2.0,0.00031486146095717883
2026-06,VOLKSWAGEN,PICK-UP,MEDIUM,AMAROK,Real,Desalmacenado real,4.0,0.0006297229219143577
2026-06,VOLKSWAGEN,PICK-UP,SMALL,SAVEIRO,Real,Desalmacenado real,1.0,0.00015743073047858942
2026-06,VOLKSWAGEN,SUV,SIN DEFINIR,ID.UNYX,Real,Desalmacenado real,4.0,0.0006297229219143577
2026-06,VOLKSWAGEN,SUV,SIN DEFINIR,NIVUS,Real,Desalmacenado real,3.0,0.00047229219143576825
2026-06,VOLKSWAGEN,SUV,SIN DEFINIR,T-CROSS,Real,Desalmacenado real,13.0,0.0020465994962216624
2026-06,VOLKSWAGEN,SUV,SIN DEFINIR,TERA,Real,Desalmacenado real,31.0,0.004880352644836272
2026-06,VOLKSWAGEN,SUV,SIN DEFINIR,TIGUAN,Real,Desalmacenado real,2.0,0.00031486146095717883
2026-06,VOLVO,SUV,MEDIUM,EX90,Real,Desalmacenado real,1.0,0.00015743073047858942
2026-06,VOLVO,SUV,SIN DEFINIR,C40 P8,Real,Desalmacenado real,2.0,0.00031486146095717883
2026-06,VOLVO,SUV,SIN DEFINIR,EX30,Real,Desalmacenado real,12.0,0.001889168765743073
2026-06,VOLVO,SUV,SIN DEFINIR,EX40,Real,Desalmacenado real,1.0,0.00015743073047858942
2026-06,VOLVO,SUV,SIN DEFINIR,XC60 B5-B6,Real,Desalmacenado real,2.0,0.00031486146095717883
2026-06,YUTONG,MICROBUS,SIN DEFINIR,ZK6600DQ,Real,Desalmacenado real,5.0,0.0007871536523929471
2026-06,ZX,PICK-UP,MEDIUM,GRAND LION,Real,Desalmacenado real,4.0,0.0006297229219143577
2026-06,ZX,PICK-UP,MEDIUM,TERRALORD,Real,Desalmacenado real,4.0,0.0006297229219143577
2026-07,AION,AUTOMOVILES,HB,UT,Real,Desalmacenado real,8.0,0.0013838436256702993
2026-07,AION,SUV,SIN DEFINIR,I60,Real,Desalmacenado real,17.0,0.002940667704549386
2026-07,AION,SUV,SIN DEFINIR,V,Real,Desalmacenado real,7.0,0.0012108631724615118
2026-07,AION,SUV,SIN DEFINIR,Y,Real,Desalmacenado real,10.0,0.0017298045320878741
2026-07,ANKAI,BUSETAS,SIN DEFINIR,HFF,Real,Desalmacenado real,1.0,0.0001729804532087874
2026-07,AUDI,AUTOMOVILES,HB,A3,Real,Desalmacenado real,1.0,0.0001729804532087874
2026-07,AUDI,AUTOMOVILES,SD,A6 E-TRON,Real,Desalmacenado real,3.0,0.0005189413596263622
2026-07,AUDI,AUTOMOVILES,SD,S3,Real,Desalmacenado real,1.0,0.0001729804532087874
2026-07,AUDI,SUV,LARGE,Q7,Real,Desalmacenado real,4.0,0.0006919218128351496
2026-07,AUDI,SUV,SIN DEFINIR,Q3,Real,Desalmacenado real,15.0,0.002594706798131811
2026-07,AUDI,SUV,SIN DEFINIR,Q4 E-TRON,Real,Desalmacenado real,3.0,0.0005189413596263622
2026-07,AUDI,SUV,SIN DEFINIR,Q5,Real,Desalmacenado real,10.0,0.0017298045320878741
2026-07,AUDI,SUV,SIN DEFINIR,Q6 E-TRON,Real,Desalmacenado real,4.0,0.0006919218128351496
2026-07,AVATR,SUV,MEDIUM,07,Real,Desalmacenado real,2.0,0.0003459609064175748
2026-07,B.M.W.,AUTOMOVILES,SD,218,Real,Desalmacenado real,1.0,0.0001729804532087874
2026-07,B.M.W.,AUTOMOVILES,SD,420,Real,Desalmacenado real,1.0,0.0001729804532087874
2026-07,B.M.W.,AUTOMOVILES,SD,430,Real,Desalmacenado real,1.0,0.0001729804532087874
2026-07,B.M.W.,SUV,LARGE,X6,Real,Desalmacenado real,6.0,0.0010378827192527244
2026-07,B.M.W.,SUV,SIN DEFINIR,IX,Real,Desalmacenado real,3.0,0.0005189413596263622
2026-07,B.M.W.,SUV,SIN DEFINIR,IX1,Real,Desalmacenado real,2.0,0.0003459609064175748
2026-07,B.M.W.,SUV,SIN DEFINIR,IX2,Real,Desalmacenado real,1.0,0.0001729804532087874
2026-07,B.M.W.,SUV,SIN DEFINIR,IX3,Real,Desalmacenado real,20.0,0.0034596090641757483
2026-07,B.M.W.,SUV,SIN DEFINIR,X1,Real,Desalmacenado real,13.0,0.002248745891714236
2026-07,B.M.W.,SUV,SIN DEFINIR,X3,Real,Desalmacenado real,23.0,0.0039785504238021106
2026-07,B.M.W.,SUV,SIN DEFINIR,X5,Real,Desalmacenado real,7.0,0.0012108631724615118
2026-07,BAIC,SUV,LARGE,BJ60 EV,Real,Desalmacenado real,14.0,0.0024217263449230237
2026-07,BAIC,SUV,SIN DEFINIR,BJ30,Real,Desalmacenado real,4.0,0.0006919218128351496
2026-07,BAIC,SUV,SMALL,BJ40,Real,Desalmacenado real,7.0,0.0012108631724615118
2026-07,BAIC,SUV,SMALL,BJ41,Real,Desalmacenado real,1.0,0.0001729804532087874
2026-07,BAIC,SUV,SMALL,BJ41 EV,Real,Desalmacenado real,10.0,0.0017298045320878741
2026-07,BAOJUN,SUV,SIN DEFINIR,YUNHAI,Real,Desalmacenado real,20.0,0.0034596090641757483
2026-07,BYD,AUTOMOVILES,HB,DOLPHIN,Real,Desalmacenado real,30.0,0.005189413596263622
2026-07,BYD,AUTOMOVILES,HB,SEAGULL,Real,Desalmacenado real,3.0,0.0005189413596263622
2026-07,BYD,PICK-UP,MEDIUM,SHARK,Real,Desalmacenado real,1.0,0.0001729804532087874
2026-07,BYD,SUV,LARGE,ATTO8,Real,Desalmacenado real,2.0,0.0003459609064175748
2026-07,BYD,SUV,MEDIUM,SEALION,Real,Desalmacenado real,8.0,0.0013838436256702993
2026-07,BYD,SUV,MEDIUM,TI7,Real,Desalmacenado real,10.0,0.0017298045320878741
2026-07,BYD,SUV,SIN DEFINIR,S1 PRO EV,Real,Desalmacenado real,3.0,0.0005189413596263622
2026-07,BYD,SUV,SIN DEFINIR,SONG PRO EV,Real,Desalmacenado real,2.0,0.0003459609064175748
2026-07,CADILLAC,SUV,LARGE,ESCALADE,Real,Desalmacenado real,2.0,0.0003459609064175748
2026-07,CHANGAN,AUTOMOVILES,SD,ALSVIN,Real,Desalmacenado real,9.0,0.0015568240788790867
2026-07,CHANGAN,PANEL,SIN DEFINIR,HONOR,Real,Desalmacenado real,9.0,0.0015568240788790867
2026-07,CHANGAN,PASAJEROS,SIN DEFINIR,HONOR S,Real,Desalmacenado real,12.0,0.0020757654385054488
2026-07,CHANGAN,PICK-UP,MEDIUM,HUNTER,Real,Desalmacenado real,8.0,0.0013838436256702993
2026-07,CHANGAN,PICK-UP,MEDIUM,HUNTER EV,Real,Desalmacenado real,4.0,0.0006919218128351496
2026-07,CHANGAN,SUV,MEDIUM,CS 75,Real,Desalmacenado real,9.0,0.0015568240788790867
2026-07,CHANGAN,SUV,SIN DEFINIR,CS 15,Real,Desalmacenado real,13.0,0.002248745891714236
2026-07,CHANGAN,SUV,SIN DEFINIR,CS 55,Real,Desalmacenado real,28.0,0.004843452689846047
2026-07,CHANGAN,SUV,SIN DEFINIR,CS35,Real,Desalmacenado real,56.0,0.009686905379692095
2026-07,CHANGAN,SUV,SIN DEFINIR,S05,Real,Desalmacenado real,14.0,0.0024217263449230237
2026-07,CHANGAN,SUV,SIN DEFINIR,S07,Real,Desalmacenado real,3.0,0.0005189413596263622
2026-07,CHERY,PICK-UP,MEDIUM,HIMLA,Real,Desalmacenado real,24.0,0.0041515308770108976
2026-07,CHERY,SUV,LARGE,ICAR V27,Real,Desalmacenado real,86.0,0.014876318975955717
2026-07,CHERY,SUV,SIN DEFINIR,ICAR 03,Real,Desalmacenado real,164.0,0.028368794326241134
2026-07,CHERY,SUV,SIN DEFINIR,ICAR V23,Real,Desalmacenado real,38.0,0.006573257221933922
2026-07,CHERY,SUV,SIN DEFINIR,TIGGO 2,Real,Desalmacenado real,33.0,0.005708354955889984
2026-07,CHERY,SUV,SIN DEFINIR,TIGGO 4,Real,Desalmacenado real,27.0,0.00467047223663726
2026-07,CHERY,SUV,SIN DEFINIR,TIGGO 7,Real,Desalmacenado real,47.0,0.008130081300813009
2026-07,CHERY,SUV,SIN DEFINIR,TIGGO 8,Real,Desalmacenado real,10.0,0.0017298045320878741
2026-07,CHEVROLET,AUTOMOVILES,HB,AVEO HB,Real,Desalmacenado real,14.0,0.0024217263449230237
2026-07,CHEVROLET,PANEL,SIN DEFINIR,N400,Real,Desalmacenado real,40.0,0.0069192181283514965
2026-07,CHEVROLET,PICK-UP,LARGE,SILVERADO,Real,Desalmacenado real,11.0,0.0019027849852966616
2026-07,CHEVROLET,PICK-UP,MEDIUM,COLORADO,Real,Desalmacenado real,8.0,0.0013838436256702993
2026-07,CHEVROLET,SUV,LARGE,SUBURBAN,Real,Desalmacenado real,2.0,0.0003459609064175748
2026-07,CHEVROLET,SUV,LARGE,TAHOE,Real,Desalmacenado real,10.0,0.0017298045320878741
2026-07,CHEVROLET,SUV,LARGE,TRAVERSE,Real,Desalmacenado real,1.0,0.0001729804532087874
2026-07,CHEVROLET,SUV,MEDIUM,TRAIL BLAZER,Real,Desalmacenado real,6.0,0.0010378827192527244
2026-07,CHEVROLET,SUV,SIN DEFINIR,CAPTIVA,Real,Desalmacenado real,4.0,0.0006919218128351496
2026-07,CHEVROLET,SUV,SIN DEFINIR,CAPTIVA PHEV,Real,Desalmacenado real,1.0,0.0001729804532087874
2026-07,CHEVROLET,SUV,SIN DEFINIR,GROOVE,Real,Desalmacenado real,69.0,0.011935651271406332
2026-07,CHEVROLET,SUV,SIN DEFINIR,SPARK EUV,Real,Desalmacenado real,7.0,0.0012108631724615118
2026-07,CHEVROLET,SUV,SIN DEFINIR,TRACKER,Real,Desalmacenado real,7.0,0.0012108631724615118
2026-07,CHEVROLET,SUV,SIN DEFINIR,TRAX,Real,Desalmacenado real,1.0,0.0001729804532087874
2026-07,CITROEN,PANEL,SIN DEFINIR,BERLINGO,Real,Desalmacenado real,5.0,0.0008649022660439371
2026-07,DAGANG,CAMIONES,[3] MEDIANO [MD],SS6000,Real,Desalmacenado real,1.0,0.0001729804532087874
2026-07,DAYUN,CAMIONES,[4] PESADO [HD],CGC4251,Real,Desalmacenado real,3.0,0.0005189413596263622
2026-07,DENZA,SUV,LARGE,N9,Real,Desalmacenado real,1.0,0.0001729804532087874
2026-07,DFSK,CAMIONES,[1] ULTRA LIVIANO [ULD],C31,Real,Desalmacenado real,1.0,0.0001729804532087874
2026-07,DFSK,PANEL,SIN DEFINIR,C35,Real,Desalmacenado real,1.0,0.0001729804532087874
2026-07,DFSK,SUV,SIN DEFINIR,E5,Real,Desalmacenado real,4.0,0.0006919218128351496
2026-07,DFSK,SUV,SIN DEFINIR,GLORY 500,Real,Desalmacenado real,10.0,0.0017298045320878741
2026-07,DFSK,SUV,SIN DEFINIR,GLORY 560,Real,Desalmacenado real,5.0,0.0008649022660439371
2026-07,DFSK,SUV,SIN DEFINIR,GLORY 580,Real,Desalmacenado real,4.0,0.0006919218128351496
2026-07,DONGFENG,PICK-UP,MEDIUM,RICH,Real,Desalmacenado real,14.0,0.0024217263449230237
2026-07,DONGFENG,SUV,SIN DEFINIR,FRIDAY,Real,Desalmacenado real,22.0,0.003805569970593323
2026-07,DONGFENG,SUV,SIN DEFINIR,NAMMI 06,Real,Desalmacenado real,130.0,0.022487458917142364
2026-07,DONGFENG I,CAMIONES,SIN DEFINIR,CAPTAIN E 3.5T,Real,Desalmacenado real,2.0,0.0003459609064175748
2026-07,DONGFENG I,CAMIONES,SIN DEFINIR,DF116,Real,Desalmacenado real,2.0,0.0003459609064175748
2026-07,DONGFENG I,MICROBUS,SIN DEFINIR,DF3050P,Real,Desalmacenado real,2.0,0.0003459609064175748
2026-07,DONGFENG I,MICROBUS,SIN DEFINIR,DFA6768,Real,Desalmacenado real,1.0,0.0001729804532087874
2026-07,FANGCHENGBAO,SUV,MEDIUM,BAO 5,Real,Desalmacenado real,1.0,0.0001729804532087874
2026-07,FANGCHENGBAO,SUV,SIN DEFINIR,BAO 3,Real,Desalmacenado real,1.0,0.0001729804532087874
2026-07,FAW,CAMIONES,SIN DEFINIR,TIGER,Real,Desalmacenado real,13.0,0.002248745891714236
2026-07,FORD,PICK-UP,LARGE,F150,Real,Desalmacenado real,5.0,0.0008649022660439371
2026-07,FORD,PICK-UP,MEDIUM,RANGER,Real,Desalmacenado real,19.0,0.003286628610966961
2026-07,FORD,SUV,LARGE,EXPLORER,Real,Desalmacenado real,1.0,0.0001729804532087874
2026-07,FORD,SUV,MEDIUM,BRONCO,Real,Desalmacenado real,3.0,0.0005189413596263622
2026-07,FORD,SUV,SIN DEFINIR,EDGE HV,Real,Desalmacenado real,3.0,0.0005189413596263622
2026-07,FORD,SUV,SIN DEFINIR,TERRITORY,Real,Desalmacenado real,4.0,0.0006919218128351496
2026-07,FORD,SUV,SMALL,EVEREST,Real,Desalmacenado real,3.0,0.0005189413596263622
2026-07,FORLAND,CAMIONES,SIN DEFINIR,F2500,Real,Desalmacenado real,10.0,0.0017298045320878741
2026-07,FORLAND,CAMIONES,SIN DEFINIR,F4000,Real,Desalmacenado real,13.0,0.002248745891714236
2026-07,FOTON,BUSETAS,SIN DEFINIR,BJ6750,Real,Desalmacenado real,1.0,0.0001729804532087874
2026-07,FOTON,MICROBUS,SIN DEFINIR,VIEW,Real,Desalmacenado real,9.0,0.0015568240788790867
2026-07,FOTON,PANEL,SIN DEFINIR,VIEW I7,Real,Desalmacenado real,14.0,0.0024217263449230237
2026-07,FOTON,PICK-UP,MEDIUM,TUNLAND,Real,Desalmacenado real,23.0,0.0039785504238021106
2026-07,FOTON I,CAMIONES,SIN DEFINIR,TM,Real,Desalmacenado real,9.0,0.0015568240788790867
2026-07,FOTON I,MICROBUS,SIN DEFINIR,BJ6816,Real,Desalmacenado real,1.0,0.0001729804532087874
2026-07,FOTON II,CAMIONES,SIN DEFINIR,AUMARK,Real,Desalmacenado real,5.0,0.0008649022660439371
2026-07,FREIGHTLINER,CAMIONES,SIN DEFINIR,M2 106,Real,Desalmacenado real,3.0,0.0005189413596263622
2026-07,FUSO,CAMIONES,SIN DEFINIR,CANTER,Real,Desalmacenado real,22.0,0.003805569970593323
2026-07,GEELY,CAMIONES,SIN DEFINIR,FARIZON LE17,Real,Desalmacenado real,8.0,0.0013838436256702993
2026-07,GEELY,PANEL,SIN DEFINIR,FARIZON V6E,Real,Desalmacenado real,4.0,0.0006919218128351496
2026-07,GEELY,PANEL,SIN DEFINIR,FARIZON V7E,Real,Desalmacenado real,1.0,0.0001729804532087874
2026-07,GEELY,PICK-UP,MEDIUM,RIDDARA RD6,Real,Desalmacenado real,43.0,0.007438159487977858
2026-07,GEELY,SUV,SIN DEFINIR,CITRAY,Real,Desalmacenado real,5.0,0.0008649022660439371
2026-07,GEELY,SUV,SIN DEFINIR,COOLRAY,Real,Desalmacenado real,85.0,0.014703338522746929
2026-07,GEELY,SUV,SIN DEFINIR,EX5,Real,Desalmacenado real,218.0,0.037709738799515655
2026-07,GEELY,SUV,SIN DEFINIR,GX3,Real,Desalmacenado real,41.0,0.0070921985815602835
2026-07,GEELY,SUV,SIN DEFINIR,STARRAY,Real,Desalmacenado real,13.0,0.002248745891714236
2026-07,GEELY,SUV,SMALL,OKAVANGO,Real,Desalmacenado real,6.0,0.0010378827192527244
2026-07,GMC,PICK-UP,LARGE,SIERRA,Real,Desalmacenado real,1.0,0.0001729804532087874
2026-07,GOLDEN DRAGON,BUSETAS,SIN DEFINIR,XML SERIES,Real,Desalmacenado real,5.0,0.0008649022660439371
2026-07,GREATWALL,PICK-UP,MEDIUM,POER,Real,Desalmacenado real,124.0,0.02144957619788964
2026-07,GREATWALL,PICK-UP,MEDIUM,WINGLE,Real,Desalmacenado real,5.0,0.0008649022660439371
2026-07,GREATWALL I,SUV,LARGE,TANK 500,Real,Desalmacenado real,4.0,0.0006919218128351496
2026-07,GREATWALL I,SUV,SMALL,TANK 300,Real,Desalmacenado real,3.0,0.0005189413596263622
2026-07,HAVAL,SUV,MEDIUM,H9,Real,Desalmacenado real,2.0,0.0003459609064175748
2026-07,HAVAL,SUV,SIN DEFINIR,H6,Real,Desalmacenado real,7.0,0.0012108631724615118
2026-07,HAVAL,SUV,SIN DEFINIR,JOLION,Real,Desalmacenado real,10.0,0.0017298045320878741
2026-07,HAVAL,SUV,SMALL,H7,Real,Desalmacenado real,18.0,0.0031136481577581734
2026-07,HENGWANG,CAMIONES,[4] PESADO [HD],HWQY16T-3,Real,Desalmacenado real,1.0,0.0001729804532087874
2026-07,HINO,CAMIONES,SIN DEFINIR,FC9JJSA,Real,Desalmacenado real,1.0,0.0001729804532087874
2026-07,HINO,CAMIONES,SIN DEFINIR,FG8JP7A,Real,Desalmacenado real,16.0,0.0027676872513405985
2026-07,HINO,CAMIONES,SIN DEFINIR,FM8JR7A,Real,Desalmacenado real,6.0,0.0010378827192527244
2026-07,HINO,CAMIONES,SIN DEFINIR,GH8JM7A,Real,Desalmacenado real,2.0,0.0003459609064175748
2026-07,HINO,CAMIONES,SIN DEFINIR,LY230L,Real,Desalmacenado real,19.0,0.003286628610966961
2026-07,HINO,CAMIONES,SIN DEFINIR,XZU600L,Real,Desalmacenado real,18.0,0.0031136481577581734
2026-07,HINO,CAMIONES,SIN DEFINIR,XZU650L,Real,Desalmacenado real,1.0,0.0001729804532087874
2026-07,HINO,CAMIONES,SIN DEFINIR,XZU710L,Real,Desalmacenado real,7.0,0.0012108631724615118
2026-07,HINO,CAMIONES,SIN DEFINIR,XZU730L,Real,Desalmacenado real,4.0,0.0006919218128351496
2026-07,HONDA,AUTOMOVILES,HB,CIVIC,Real,Desalmacenado real,2.0,0.0003459609064175748
2026-07,HONDA,PICK-UP,MEDIUM,RIDGELINE,Real,Desalmacenado real,2.0,0.0003459609064175748
2026-07,HONDA,SUV,MEDIUM,PILOT,Real,Desalmacenado real,7.0,0.0012108631724615118
2026-07,HONDA,SUV,SIN DEFINIR,BR-V,Real,Desalmacenado real,2.0,0.0003459609064175748
2026-07,HONDA,SUV,SIN DEFINIR,CR-V,Real,Desalmacenado real,21.0,0.0036325895173845357
2026-07,HONDA,SUV,SIN DEFINIR,CR-V HEV,Real,Desalmacenado real,2.0,0.0003459609064175748
2026-07,HONDA,SUV,SIN DEFINIR,HR-V,Real,Desalmacenado real,3.0,0.0005189413596263622
2026-07,HYPER,SUV,MEDIUM,HT,Real,Desalmacenado real,1.0,0.0001729804532087874
2026-07,HYUNDAI,AUTOMOVILES,HB,I10 HB,Real,Desalmacenado real,21.0,0.0036325895173845357
2026-07,HYUNDAI,AUTOMOVILES,SD,ACCENT,Real,Desalmacenado real,10.0,0.0017298045320878741
2026-07,HYUNDAI,AUTOMOVILES,SD,I10 SD,Real,Desalmacenado real,10.0,0.0017298045320878741
2026-07,HYUNDAI,BUSETAS,SIN DEFINIR,COUNTY,Real,Desalmacenado real,6.0,0.0010378827192527244
2026-07,HYUNDAI,CAMIONES,SIN DEFINIR,EX6 MIGHTY,Real,Desalmacenado real,1.0,0.0001729804532087874
2026-07,HYUNDAI,CAMIONES,SIN DEFINIR,EX9 MIGHTY,Real,Desalmacenado real,1.0,0.0001729804532087874
2026-07,HYUNDAI,MICROBUS,SIN DEFINIR,STARIA,Real,Desalmacenado real,17.0,0.002940667704549386
2026-07,HYUNDAI,PANEL,SIN DEFINIR,STARIA,Real,Desalmacenado real,3.0,0.0005189413596263622
2026-07,HYUNDAI,SUV,SIN DEFINIR,CRETA,Real,Desalmacenado real,42.0,0.007265179034769071
2026-07,HYUNDAI,SUV,SIN DEFINIR,CRETA GRAND,Real,Desalmacenado real,7.0,0.0012108631724615118
2026-07,HYUNDAI,SUV,SIN DEFINIR,KONA,Real,Desalmacenado real,4.0,0.0006919218128351496
2026-07,HYUNDAI,SUV,SIN DEFINIR,SANTA FE,Real,Desalmacenado real,7.0,0.0012108631724615118
2026-07,HYUNDAI,SUV,SIN DEFINIR,TUCSON,Real,Desalmacenado real,47.0,0.008130081300813009
2026-07,HYUNDAI,SUV,SIN DEFINIR,VENUE,Real,Desalmacenado real,58.0,0.01003286628610967
2026-07,INTERNATIONAL,CAMIONES,SIN DEFINIR,SERIE HV,Real,Desalmacenado real,8.0,0.0013838436256702993
2026-07,ISUZU,CAMIONES,SIN DEFINIR,ELF,Real,Desalmacenado real,1.0,0.0001729804532087874
2026-07,ISUZU,CAMIONES,SIN DEFINIR,FRR,Real,Desalmacenado real,2.0,0.0003459609064175748
2026-07,ISUZU,CAMIONES,SIN DEFINIR,FTR,Real,Desalmacenado real,3.0,0.0005189413596263622
2026-07,ISUZU,CAMIONES,SIN DEFINIR,FVR,Real,Desalmacenado real,1.0,0.0001729804532087874
2026-07,ISUZU,CAMIONES,SIN DEFINIR,FVZ,Real,Desalmacenado real,4.0,0.0006919218128351496
2026-07,ISUZU,CAMIONES,SIN DEFINIR,NLR,Real,Desalmacenado real,14.0,0.0024217263449230237
2026-07,ISUZU,CAMIONES,SIN DEFINIR,NMR,Real,Desalmacenado real,12.0,0.0020757654385054488
2026-07,ISUZU,CAMIONES,SIN DEFINIR,NPR,Real,Desalmacenado real,3.0,0.0005189413596263622
2026-07,ISUZU,CAMIONES,SIN DEFINIR,NQR,Real,Desalmacenado real,18.0,0.0031136481577581734
2026-07,ISUZU,CAMIONES,SIN DEFINIR,NZR,Real,Desalmacenado real,5.0,0.0008649022660439371
2026-07,ISUZU,CAMIONES,SIN DEFINIR,QLR77,Real,Desalmacenado real,21.0,0.0036325895173845357
2026-07,ISUZU,PICK-UP,MEDIUM,D-MAX,Real,Desalmacenado real,69.0,0.011935651271406332
2026-07,IVECO,CAMIONES,SIN DEFINIR,T WAY,Real,Desalmacenado real,1.0,0.0001729804532087874
2026-07,IVECO,MICROBUS,SIN DEFINIR,DAILY,Real,Desalmacenado real,1.0,0.0001729804532087874
2026-07,IVECO,PANEL,SIN DEFINIR,DAILY,Real,Desalmacenado real,1.0,0.0001729804532087874
2026-07,JAC,PICK-UP,MEDIUM,T8,Real,Desalmacenado real,11.0,0.0019027849852966616
2026-07,JAC,PICK-UP,MEDIUM,T9,Real,Desalmacenado real,16.0,0.0027676872513405985
2026-07,JAC,SUV,SIN DEFINIR,JS2,Real,Desalmacenado real,10.0,0.0017298045320878741
2026-07,JAC I,CAMIONES,SIN DEFINIR,HFC1012K,Real,Desalmacenado real,5.0,0.0008649022660439371
2026-07,JAC I,CAMIONES,SIN DEFINIR,HFC1035K,Real,Desalmacenado real,4.0,0.0006919218128351496
2026-07,JAC I,CAMIONES,SIN DEFINIR,HFC1042,Real,Desalmacenado real,3.0,0.0005189413596263622
2026-07,JAC I,CAMIONES,SIN DEFINIR,N75,Real,Desalmacenado real,15.0,0.002594706798131811
2026-07,JAC I,CAMIONES,SIN DEFINIR,N90,Real,Desalmacenado real,10.0,0.0017298045320878741
2026-07,JAC I,CAMIONES,[2] LIVIANO [LD],N45,Real,Desalmacenado real,1.0,0.0001729804532087874
2026-07,JAC I,MICROBUS,SIN DEFINIR,SUNRAY,Real,Desalmacenado real,7.0,0.0012108631724615118
2026-07,JAECOO,SUV,SIN DEFINIR,J7,Real,Desalmacenado real,2.0,0.0003459609064175748
2026-07,JAECOO,SUV,SMALL,J8,Real,Desalmacenado real,1.0,0.0001729804532087874
2026-07,JEEP,SUV,SIN DEFINIR,AVENGER,Real,Desalmacenado real,7.0,0.0012108631724615118
2026-07,JEEP,SUV,SIN DEFINIR,COMPASS,Real,Desalmacenado real,5.0,0.0008649022660439371
2026-07,JETOUR,SUV,LARGE,G700,Real,Desalmacenado real,5.0,0.0008649022660439371
2026-07,JETOUR,SUV,SIN DEFINIR,DASHING,Real,Desalmacenado real,15.0,0.002594706798131811
2026-07,JETOUR,SUV,SIN DEFINIR,X50,Real,Desalmacenado real,49.0,0.008476042207230583
2026-07,JETOUR,SUV,SIN DEFINIR,X70,Real,Desalmacenado real,3.0,0.0005189413596263622
2026-07,JETOUR,SUV,SMALL,T1,Real,Desalmacenado real,5.0,0.0008649022660439371
2026-07,JETOUR,SUV,SMALL,T2,Real,Desalmacenado real,1.0,0.0001729804532087874
2026-07,JMC,CAMIONES,SIN DEFINIR,N822,Real,Desalmacenado real,46.0,0.007957100847604221
2026-07,JMC,MICROBUS,SIN DEFINIR,TOURING BUS,Real,Desalmacenado real,4.0,0.0006919218128351496
2026-07,JMC,PANEL,SIN DEFINIR,TOURING VAN,Real,Desalmacenado real,5.0,0.0008649022660439371
2026-07,JMC,PICK-UP,MEDIUM,GRAND AVENUE,Real,Desalmacenado real,24.0,0.0041515308770108976
2026-07,JMC,SUV,SIN DEFINIR,EWIND,Real,Desalmacenado real,1.0,0.0001729804532087874
2026-07,JMEV,AUTOMOVILES,HB,EV2-EV3,Real,Desalmacenado real,1.0,0.0001729804532087874
2026-07,KAIYI,SUV,SIN DEFINIR,X3,Real,Desalmacenado real,17.0,0.002940667704549386
2026-07,KAIYI,SUV,SIN DEFINIR,X7,Real,Desalmacenado real,14.0,0.0024217263449230237
2026-07,KARRY,PANEL,SIN DEFINIR,YOYO,Real,Desalmacenado real,3.0,0.0005189413596263622
2026-07,KIA,AUTOMOVILES,HB,K3 HB,Real,Desalmacenado real,7.0,0.0012108631724615118
2026-07,KIA,AUTOMOVILES,HB,PICANTO HB,Real,Desalmacenado real,7.0,0.0012108631724615118
2026-07,KIA,AUTOMOVILES,SD,K3 SD,Real,Desalmacenado real,4.0,0.0006919218128351496
2026-07,KIA,AUTOMOVILES,SD,SOLUTO,Real,Desalmacenado real,14.0,0.0024217263449230237
2026-07,KIA,CAMIONES,SIN DEFINIR,K2500,Real,Desalmacenado real,49.0,0.008476042207230583
2026-07,KIA,PICK-UP,MEDIUM,TASMAN,Real,Desalmacenado real,1.0,0.0001729804532087874
2026-07,KIA,SUV,SIN DEFINIR,EV5,Real,Desalmacenado real,11.0,0.0019027849852966616
2026-07,KIA,SUV,SIN DEFINIR,EV6,Real,Desalmacenado real,4.0,0.0006919218128351496
2026-07,KIA,SUV,SIN DEFINIR,SELTOS,Real,Desalmacenado real,25.0,0.004324511330219685
2026-07,KIA,SUV,SIN DEFINIR,SONET,Real,Desalmacenado real,25.0,0.004324511330219685
2026-07,KIA,SUV,SIN DEFINIR,SPORTAGE,Real,Desalmacenado real,12.0,0.0020757654385054488
2026-07,LAND ROVER,SUV,LARGE,DEFENDER,Real,Desalmacenado real,4.0,0.0006919218128351496
2026-07,LAND ROVER,SUV,LARGE,DISCOVERY,Real,Desalmacenado real,2.0,0.0003459609064175748
2026-07,LAND ROVER,SUV,LARGE,RANGE ROVER,Real,Desalmacenado real,2.0,0.0003459609064175748
2026-07,LAND ROVER,SUV,LARGE,RANGE ROVER SPORT,Real,Desalmacenado real,4.0,0.0006919218128351496
2026-07,LAND ROVER,SUV,SIN DEFINIR,DISCOVERY SPORT,Real,Desalmacenado real,1.0,0.0001729804532087874
2026-07,LAND ROVER,SUV,SIN DEFINIR,EVOQUE,Real,Desalmacenado real,1.0,0.0001729804532087874
2026-07,LEAPMOTOR,SUV,SIN DEFINIR,B10,Real,Desalmacenado real,5.0,0.0008649022660439371
2026-07,LEAPMOTOR,SUV,SIN DEFINIR,C10,Real,Desalmacenado real,4.0,0.0006919218128351496
2026-07,LEXUS,SUV,LARGE,GX,Real,Desalmacenado real,2.0,0.0003459609064175748
2026-07,LEXUS,SUV,LARGE,LX 700H,Real,Desalmacenado real,2.0,0.0003459609064175748
2026-07,LEXUS,SUV,SIN DEFINIR,LBX,Real,Desalmacenado real,4.0,0.0006919218128351496
2026-07,LEXUS,SUV,SIN DEFINIR,NX HEV,Real,Desalmacenado real,4.0,0.0006919218128351496
2026-07,LEXUS,SUV,SIN DEFINIR,RX HEV,Real,Desalmacenado real,3.0,0.0005189413596263622
2026-07,LEXUS,SUV,SIN DEFINIR,UX HEV,Real,Desalmacenado real,1.0,0.0001729804532087874
2026-07,LOTUS,AUTOMOVILES,SD,ELISE,Real,Desalmacenado real,1.0,0.0001729804532087874
2026-07,M.G.,SUV,SIN DEFINIR,RX,Real,Desalmacenado real,4.0,0.0006919218128351496
2026-07,M.G.,SUV,SIN DEFINIR,ZS,Real,Desalmacenado real,2.0,0.0003459609064175748
2026-07,MAHINDRA,PICK-UP,MEDIUM,PIK UP,Real,Desalmacenado real,7.0,0.0012108631724615118
2026-07,MAHINDRA,SUV,SIN DEFINIR,XUV300,Real,Desalmacenado real,3.0,0.0005189413596263622
2026-07,MAXUS,MICROBUS,SIN DEFINIR,DELIVERY 9,Real,Desalmacenado real,1.0,0.0001729804532087874
2026-07,MAXUS,PANEL,SIN DEFINIR,DELIVERY 9,Real,Desalmacenado real,1.0,0.0001729804532087874
2026-07,MAXUS,PANEL,SIN DEFINIR,G 10,Real,Desalmacenado real,1.0,0.0001729804532087874
2026-07,MAXUS,PICK-UP,MEDIUM,T60,Real,Desalmacenado real,2.0,0.0003459609064175748
2026-07,MAXUS,PICK-UP,MEDIUM,T90,Real,Desalmacenado real,5.0,0.0008649022660439371
2026-07,MAXUS,SUV,SIN DEFINIR,D60,Real,Desalmacenado real,1.0,0.0001729804532087874
2026-07,MAZDA,SUV,MEDIUM,CX-90,Real,Desalmacenado real,2.0,0.0003459609064175748
2026-07,MAZDA,SUV,SIN DEFINIR,CX-30,Real,Desalmacenado real,30.0,0.005189413596263622
2026-07,MAZDA,SUV,SIN DEFINIR,CX-5,Real,Desalmacenado real,44.0,0.007611139941186646
2026-07,MAZDA,SUV,SIN DEFINIR,CX-60,Real,Desalmacenado real,4.0,0.0006919218128351496
2026-07,MERCEDES BENZ,CAMIONES,SIN DEFINIR,ATEGO,Real,Desalmacenado real,1.0,0.0001729804532087874
2026-07,MERCEDES BENZ,SUV,LARGE,G450,Real,Desalmacenado real,1.0,0.0001729804532087874
2026-07,MERCEDES BENZ,SUV,SIN DEFINIR,GLA200,Real,Desalmacenado real,3.0,0.0005189413596263622
2026-07,MERCEDES BENZ,SUV,SIN DEFINIR,GLC200,Real,Desalmacenado real,3.0,0.0005189413596263622
2026-07,MERCEDES BENZ,SUV,SIN DEFINIR,GLE300,Real,Desalmacenado real,2.0,0.0003459609064175748
2026-07,MINI,SUV,SIN DEFINIR,ACEMAN,Real,Desalmacenado real,5.0,0.0008649022660439371
2026-07,MINI,SUV,SIN DEFINIR,COUNTRYMAN,Real,Desalmacenado real,3.0,0.0005189413596263622
2026-07,MITSUBISHI,BUSETAS,SIN DEFINIR,ROSA,Real,Desalmacenado real,5.0,0.0008649022660439371
2026-07,MITSUBISHI,PASAJEROS,SIN DEFINIR,XPANDER,Real,Desalmacenado real,3.0,0.0005189413596263622
2026-07,MITSUBISHI,PICK-UP,MEDIUM,L200,Real,Desalmacenado real,83.0,0.014357377616329355
2026-07,MITSUBISHI,SUV,SIN DEFINIR,DESTINATOR,Real,Desalmacenado real,28.0,0.004843452689846047
2026-07,MITSUBISHI,SUV,SIN DEFINIR,ECLIPSE CROSS,Real,Desalmacenado real,22.0,0.003805569970593323
2026-07,MITSUBISHI,SUV,SIN DEFINIR,OUTLANDER,Real,Desalmacenado real,38.0,0.006573257221933922
2026-07,MITSUBISHI,SUV,SIN DEFINIR,OUTLANDER SPORT,Real,Desalmacenado real,128.0,0.022141498010724788
2026-07,MITSUBISHI,SUV,SMALL,MONTERO SPORT,Real,Desalmacenado real,59.0,0.010205846739318456
2026-07,NIO,AUTOMOVILES,HB,FIREFLY,Real,Desalmacenado real,44.0,0.007611139941186646
2026-07,NIO,SUV,MEDIUM,L60,Real,Desalmacenado real,20.0,0.0034596090641757483
2026-07,NIO,SUV,SMALL,EL6,Real,Desalmacenado real,2.0,0.0003459609064175748
2026-07,NISSAN,MICROBUS,SIN DEFINIR,URVAN,Real,Desalmacenado real,8.0,0.0013838436256702993
2026-07,NISSAN,PICK-UP,MEDIUM,FRONTIER,Real,Desalmacenado real,139.0,0.02404428299602145
2026-07,NISSAN,SUV,MEDIUM,PATHFINDER,Real,Desalmacenado real,8.0,0.0013838436256702993
2026-07,NISSAN,SUV,SIN DEFINIR,KAIT,Real,Desalmacenado real,27.0,0.00467047223663726
2026-07,NISSAN,SUV,SIN DEFINIR,KICKS,Real,Desalmacenado real,55.0,0.009513924926483307
2026-07,NISSAN,SUV,SIN DEFINIR,MAGNITE,Real,Desalmacenado real,48.0,0.008303061754021795
2026-07,NISSAN,SUV,SIN DEFINIR,QASHQAI,Real,Desalmacenado real,29.0,0.005016433143054835
2026-07,NISSAN,SUV,SIN DEFINIR,QASHQAI E-POWER,Real,Desalmacenado real,62.0,0.01072478809894482
2026-07,NISSAN,SUV,SIN DEFINIR,X-TRAIL,Real,Desalmacenado real,34.0,0.005881335409098772
2026-07,NISSAN,SUV,SIN DEFINIR,X-TRAIL E-POWER,Real,Desalmacenado real,50.0,0.00864902266043937
2026-07,OMODA,SUV,SIN DEFINIR,C5,Real,Desalmacenado real,2.0,0.0003459609064175748
2026-07,OMODA,SUV,SIN DEFINIR,C7,Real,Desalmacenado real,19.0,0.003286628610966961
2026-07,PEUGEOT,PASAJEROS,SIN DEFINIR,RIFTER,Real,Desalmacenado real,2.0,0.0003459609064175748
2026-07,PEUGEOT,PICK-UP,MEDIUM,LANDTREK,Real,Desalmacenado real,8.0,0.0013838436256702993
2026-07,PEUGEOT,SUV,SIN DEFINIR,2008,Real,Desalmacenado real,6.0,0.0010378827192527244
2026-07,PEUGEOT,SUV,SIN DEFINIR,2008 BEV,Real,Desalmacenado real,1.0,0.0001729804532087874
2026-07,PEUGEOT,SUV,SIN DEFINIR,3008,Real,Desalmacenado real,4.0,0.0006919218128351496
2026-07,PORSCHE,SUV,LARGE,CAYENNE,Real,Desalmacenado real,3.0,0.0005189413596263622
2026-07,PORSCHE,SUV,SIN DEFINIR,MACAN,Real,Desalmacenado real,2.0,0.0003459609064175748
2026-07,RAM,PICK-UP,LARGE,RAM 1500,Real,Desalmacenado real,4.0,0.0006919218128351496
2026-07,RAM,PICK-UP,LARGE,RAM 2500,Real,Desalmacenado real,4.0,0.0006919218128351496
2026-07,RAM,PICK-UP,LARGE,RAM 3500,Real,Desalmacenado real,1.0,0.0001729804532087874
2026-07,RAM,PICK-UP,MEDIUM,RAM 1200 RAMPAGE,Real,Desalmacenado real,2.0,0.0003459609064175748
2026-07,RAM,PICK-UP,SMALL,RAM 700,Real,Desalmacenado real,7.0,0.0012108631724615118
2026-07,SANY,CAMIONES,[3] MEDIANO [MD],SYZ420C,Real,Desalmacenado real,1.0,0.0001729804532087874
2026-07,SCANIA,CAMIONES,[4] PESADO [HD],G500,Real,Desalmacenado real,5.0,0.0008649022660439371
2026-07,SHACMAN,CAMIONES,SIN DEFINIR,H3000,Real,Desalmacenado real,3.0,0.0005189413596263622
2026-07,SHACMAN,CAMIONES,SIN DEFINIR,X3000,Real,Desalmacenado real,6.0,0.0010378827192527244
2026-07,SINOTRUK,CAMIONES,SIN DEFINIR,HOWO,Real,Desalmacenado real,15.0,0.002594706798131811
2026-07,SINOTRUK,CAMIONES,SIN DEFINIR,SITRAK,Real,Desalmacenado real,1.0,0.0001729804532087874
2026-07,SINOTRUK,PICK-UP,MEDIUM,BOLDEN,Real,Desalmacenado real,1.0,0.0001729804532087874
2026-07,SOUEAST,SUV,SIN DEFINIR,S06,Real,Desalmacenado real,2.0,0.0003459609064175748
2026-07,SOUEAST,SUV,SIN DEFINIR,S07,Real,Desalmacenado real,20.0,0.0034596090641757483
2026-07,SOUEAST,SUV,SMALL,S09,Real,Desalmacenado real,3.0,0.0005189413596263622
2026-07,SSANG YONG,SUV,SMALL,REXTON,Real,Desalmacenado real,1.0,0.0001729804532087874
2026-07,SUBARU,SUV,SIN DEFINIR,CROSSTREK,Real,Desalmacenado real,3.0,0.0005189413596263622
2026-07,SUBARU,SUV,SIN DEFINIR,FORESTER,Real,Desalmacenado real,1.0,0.0001729804532087874
2026-07,SUZUKI,AUTOMOVILES,HB,ALTO,Real,Desalmacenado real,5.0,0.0008649022660439371
2026-07,SUZUKI,AUTOMOVILES,HB,CELERIO HB,Real,Desalmacenado real,3.0,0.0005189413596263622
2026-07,SUZUKI,AUTOMOVILES,HB,S-PRESSO,Real,Desalmacenado real,22.0,0.003805569970593323
2026-07,SUZUKI,AUTOMOVILES,HB,SWIFT HB,Real,Desalmacenado real,31.0,0.00536239404947241
2026-07,SUZUKI,AUTOMOVILES,SD,SWIFT D-ZIRE,Real,Desalmacenado real,8.0,0.0013838436256702993
2026-07,SUZUKI,PANEL,SIN DEFINIR,APV,Real,Desalmacenado real,7.0,0.0012108631724615118
2026-07,SUZUKI,PANEL,SIN DEFINIR,EECO,Real,Desalmacenado real,3.0,0.0005189413596263622
2026-07,SUZUKI,PASAJEROS,SIN DEFINIR,XL7,Real,Desalmacenado real,7.0,0.0012108631724615118
2026-07,SUZUKI,SUV,SIN DEFINIR,ACROSS,Real,Desalmacenado real,77.0,0.013319494897076631
2026-07,SUZUKI,SUV,SIN DEFINIR,E VITARA,Real,Desalmacenado real,1.0,0.0001729804532087874
2026-07,SUZUKI,SUV,SIN DEFINIR,FRONX,Real,Desalmacenado real,83.0,0.014357377616329355
2026-07,SUZUKI,SUV,SIN DEFINIR,GRAND VITARA,Real,Desalmacenado real,2.0,0.0003459609064175748
2026-07,SUZUKI,SUV,SIN DEFINIR,JIMNY,Real,Desalmacenado real,161.0,0.027849852966614772
2026-07,TESLA,AUTOMOVILES,SD,MODEL S EV,Real,Desalmacenado real,1.0,0.0001729804532087874
2026-07,TESLA,SUV,SIN DEFINIR,MODEL Y,Real,Desalmacenado real,1.0,0.0001729804532087874
2026-07,TOYOTA,AUTOMOVILES,HB,AGYA,Real,Desalmacenado real,1.0,0.0001729804532087874
2026-07,TOYOTA,AUTOMOVILES,SD,COROLLA HV,Real,Desalmacenado real,1.0,0.0001729804532087874
2026-07,TOYOTA,AUTOMOVILES,SD,YARIS SD,Real,Desalmacenado real,23.0,0.0039785504238021106
2026-07,TOYOTA,BUSETAS,SIN DEFINIR,COASTER,Real,Desalmacenado real,4.0,0.0006919218128351496
2026-07,TOYOTA,MICROBUS,SIN DEFINIR,HIACE,Real,Desalmacenado real,19.0,0.003286628610966961
2026-07,TOYOTA,PANEL,SIN DEFINIR,HIACE,Real,Desalmacenado real,2.0,0.0003459609064175748
2026-07,TOYOTA,PANEL,SIN DEFINIR,LITE ACE,Real,Desalmacenado real,19.0,0.003286628610966961
2026-07,TOYOTA,PASAJEROS,SIN DEFINIR,AVANZA,Real,Desalmacenado real,1.0,0.0001729804532087874
2026-07,TOYOTA,PICK-UP,MEDIUM,HI-LUX,Real,Desalmacenado real,143.0,0.024736204808856598
2026-07,TOYOTA,PICK-UP,MEDIUM,LAND CRUISER PK,Real,Desalmacenado real,4.0,0.0006919218128351496
2026-07,TOYOTA,PICK-UP,MEDIUM,TACOMA,Real,Desalmacenado real,6.0,0.0010378827192527244
2026-07,TOYOTA,SUV,LARGE,LAND CRUISER,Real,Desalmacenado real,9.0,0.0015568240788790867
2026-07,TOYOTA,SUV,LARGE,LAND CRUISER 300,Real,Desalmacenado real,6.0,0.0010378827192527244
2026-07,TOYOTA,SUV,LARGE,LAND CRUISER 300 HEV,Real,Desalmacenado real,3.0,0.0005189413596263622
2026-07,TOYOTA,SUV,MEDIUM,4RUNNER,Real,Desalmacenado real,18.0,0.0031136481577581734
2026-07,TOYOTA,SUV,MEDIUM,4RUNNER HEV,Real,Desalmacenado real,1.0,0.0001729804532087874
2026-07,TOYOTA,SUV,MEDIUM,PRADO,Real,Desalmacenado real,45.0,0.007784120394395433
2026-07,TOYOTA,SUV,SIN DEFINIR,COROLLA CROSS,Real,Desalmacenado real,29.0,0.005016433143054835
2026-07,TOYOTA,SUV,SIN DEFINIR,RAIZE,Real,Desalmacenado real,53.0,0.009167964020065733
2026-07,TOYOTA,SUV,SIN DEFINIR,RAV4,Real,Desalmacenado real,302.0,0.052240096869053794
2026-07,TOYOTA,SUV,SIN DEFINIR,RAV4 HV,Real,Desalmacenado real,36.0,0.006227296315516347
2026-07,TOYOTA,SUV,SIN DEFINIR,RUSH,Real,Desalmacenado real,7.0,0.0012108631724615118
2026-07,TOYOTA,SUV,SIN DEFINIR,YARIS CROSS,Real,Desalmacenado real,144.0,0.024909185262065387
2026-07,TOYOTA,SUV,SIN DEFINIR,YARIS CROSS HV,Real,Desalmacenado real,14.0,0.0024217263449230237
2026-07,TOYOTA,SUV,SMALL,FORTUNER,Real,Desalmacenado real,38.0,0.006573257221933922
2026-07,UD,CAMIONES,SIN DEFINIR,QUESTER,Real,Desalmacenado real,1.0,0.0001729804532087874
2026-07,VGV,SUV,SIN DEFINIR,U70-U75,Real,Desalmacenado real,5.0,0.0008649022660439371
2026-07,VOLKSWAGEN,CAMIONES,SIN DEFINIR,CONSTELLATION,Real,Desalmacenado real,6.0,0.0010378827192527244
2026-07,VOLKSWAGEN,CAMIONES,SIN DEFINIR,DELIVERY,Real,Desalmacenado real,10.0,0.0017298045320878741
2026-07,VOLKSWAGEN,PICK-UP,MEDIUM,AMAROK,Real,Desalmacenado real,7.0,0.0012108631724615118
2026-07,VOLKSWAGEN,SUV,SIN DEFINIR,ID.UNYX,Real,Desalmacenado real,1.0,0.0001729804532087874
2026-07,VOLKSWAGEN,SUV,SIN DEFINIR,NIVUS,Real,Desalmacenado real,2.0,0.0003459609064175748
2026-07,VOLKSWAGEN,SUV,SIN DEFINIR,T-CROSS,Real,Desalmacenado real,5.0,0.0008649022660439371
2026-07,VOLKSWAGEN,SUV,SIN DEFINIR,TAOS,Real,Desalmacenado real,1.0,0.0001729804532087874
2026-07,VOLKSWAGEN,SUV,SIN DEFINIR,TERA,Real,Desalmacenado real,23.0,0.0039785504238021106
2026-07,VOLKSWAGEN,SUV,SIN DEFINIR,TIGUAN,Real,Desalmacenado real,10.0,0.0017298045320878741
2026-07,VOLVO,BUS,SIN DEFINIR,B450R,Real,Desalmacenado real,1.0,0.0001729804532087874
2026-07,VOLVO,SUV,SIN DEFINIR,C40 P8,Real,Desalmacenado real,7.0,0.0012108631724615118
2026-07,VOLVO,SUV,SIN DEFINIR,EX30,Real,Desalmacenado real,88.0,0.015222279882373293
2026-07,VOLVO,SUV,SIN DEFINIR,EX40,Real,Desalmacenado real,38.0,0.006573257221933922
2026-07,WULING,AUTOMOVILES,HB,BINGO,Real,Desalmacenado real,15.0,0.002594706798131811
2026-07,WULING,PANEL,SIN DEFINIR,YANGGUANG,Real,Desalmacenado real,7.0,0.0012108631724615118
2026-07,XPENG,PASAJEROS,SIN DEFINIR,X9,Real,Desalmacenado real,6.0,0.0010378827192527244
2026-07,YAXING,BUS,SIN DEFINIR,YBL6125H,Real,Desalmacenado real,1.0,0.0001729804532087874
2026-07,YUTONG,BUS,SIN DEFINIR,ZK6132H,Real,Desalmacenado real,1.0,0.0001729804532087874
2026-07,YUTONG,BUSETAS,SIN DEFINIR,ZK6729D2,Real,Desalmacenado real,2.0,0.0003459609064175748
2026-07,YUTONG,BUSETAS,SIN DEFINIR,ZK6860D D9,Real,Desalmacenado real,2.0,0.0003459609064175748
2026-07,YUTONG,BUSETAS,SIN DEFINIR,ZK6907H C9,Real,Desalmacenado real,2.0,0.0003459609064175748
2026-07,ZEEKR,AUTOMOVILES,SD,001,Real,Desalmacenado real,4.0,0.0006919218128351496
2026-07,ZEEKR,SUV,LARGE,9X,Real,Desalmacenado real,12.0,0.0020757654385054488
2026-07,ZEEKR,SUV,SIN DEFINIR,7X,Real,Desalmacenado real,3.0,0.0005189413596263622
2026-07,ZX,PICK-UP,MEDIUM,GRAND LION,Real,Desalmacenado real,5.0,0.0008649022660439371
2026-08,AIMA,AUTOMOVILES,HB,A05,Estimado,Modelo estadístico,0.04583871703085401,9.079506674703806e-06
2026-08,AION,AUTOMOVILES,HB,UT,Estimado,Modelo estadístico,3.0301767200199263,0.0006002024388342797
2026-08,AION,AUTOMOVILES,SD,S,Estimado,Modelo estadístico,0.020868047293388512,4.133439741797802e-06
2026-08,AION,SUV,SIN DEFINIR,I60,Estimado,Modelo estadístico,2.3554495533847635,0.0004665558141055724
2026-08,AION,SUV,SIN DEFINIR,LX,Estimado,Modelo estadístico,0.1739632462727171,3.4457780627305e-05
2026-08,AION,SUV,SIN DEFINIR,V,Estimado,Modelo estadístico,9.586289484523812,0.0018988048749660929
2026-08,AION,SUV,SIN DEFINIR,Y,Estimado,Modelo estadístico,6.725866402549375,0.00133222639835248
2026-08,ANKAI,BUS,SIN DEFINIR,HFF6130GZ-5,Estimado,Modelo estadístico,0.7851582224096776,0.00015552026284393648
2026-08,ANKAI,BUSETAS,SIN DEFINIR,HFF,Estimado,Modelo estadístico,0.13161611820740263,2.6069870650139648e-05
2026-08,ARCFOX,AUTOMOVILES,SD,ALPHA S,Estimado,Modelo estadístico,0.49692112755761586,9.842768268195259e-05
2026-08,ARCFOX,PASAJEROS,SIN DEFINIR,KAOLA S,Estimado,Modelo estadístico,0.38813049708256714,7.687897190807609e-05
2026-08,ARCFOX,SUV,SIN DEFINIR,ALPHA T,Estimado,Modelo estadístico,0.5553327830241749,0.00010999757490498633
2026-08,ASTON MARTIN,AUTOMOVILES,SD,VANTAGE,Estimado,Modelo estadístico,0.36295523950604486,7.18923812264572e-05
2026-08,AUDI,AUTOMOVILES,HB,A3,Estimado,Modelo estadístico,0.5619838612950522,0.00011131498763959145
2026-08,AUDI,AUTOMOVILES,SD,A3,Estimado,Modelo estadístico,0.013959954098028433,2.76511876033295e-06
2026-08,AUDI,AUTOMOVILES,SD,A4,Estimado,Modelo estadístico,0.09432808194650731,1.8684040591032318e-05
2026-08,AUDI,AUTOMOVILES,SD,A5,Estimado,Modelo estadístico,0.5619838612950522,0.00011131498763959145
2026-08,AUDI,AUTOMOVILES,SD,A6,Estimado,Modelo estadístico,0.05414401802226787,1.0724579675682634e-05
2026-08,AUDI,AUTOMOVILES,SD,A6 E-TRON,Estimado,Modelo estadístico,0.8285433630935327,0.0001641137772338982
2026-08,AUDI,AUTOMOVILES,SD,A8,Estimado,Modelo estadístico,0.11337543115407332,2.245684544831276e-05
2026-08,AUDI,AUTOMOVILES,SD,E-TRON GT,Estimado,Modelo estadístico,0.20864846260261521,4.1328056969657244e-05
2026-08,AUDI,AUTOMOVILES,SD,RS3,Estimado,Modelo estadístico,0.14091991491622455,2.7912720751310163e-05
2026-08,AUDI,AUTOMOVILES,SD,S3,Estimado,Modelo estadístico,0.33975086902831436,6.72961741272698e-05
2026-08,AUDI,SUV,LARGE,Q7,Estimado,Modelo estadístico,1.6004651413872435,0.0003170122306013746
2026-08,AUDI,SUV,LARGE,Q8,Estimado,Modelo estadístico,0.3122063852661631,6.184029882427239e-05
2026-08,AUDI,SUV,LARGE,RSQ8,Estimado,Modelo estadístico,0.0690489216223309,1.367686936632775e-05
2026-08,AUDI,SUV,LARGE,SQ7,Estimado,Modelo estadístico,0.21279090821011823,4.214857213629258e-05
2026-08,AUDI,SUV,SIN DEFINIR,E-TRON,Estimado,Modelo estadístico,0.013959954098028433,2.76511876033295e-06
2026-08,AUDI,SUV,SIN DEFINIR,Q2,Estimado,Modelo estadístico,2.0746012606026905,0.00041092677136474653
2026-08,AUDI,SUV,SIN DEFINIR,Q2 E-TRON,Estimado,Modelo estadístico,0.013959954098028433,2.76511876033295e-06
2026-08,AUDI,SUV,SIN DEFINIR,Q3,Estimado,Modelo estadístico,16.394890284328344,0.0032474188941064796
2026-08,AUDI,SUV,SIN DEFINIR,Q4 E-TRON,Estimado,Modelo estadístico,1.4420304945389724,0.00028563027825321093
2026-08,AUDI,SUV,SIN DEFINIR,Q5,Estimado,Modelo estadístico,7.610745205568863,0.0015074988212894374
2026-08,AUDI,SUV,SIN DEFINIR,Q5 E-TRON,Estimado,Modelo estadístico,0.15355949507831276,3.0416306363662447e-05
2026-08,AUDI,SUV,SIN DEFINIR,Q6 E-TRON,Estimado,Modelo estadístico,4.019324409318027,0.000796127927787316
2026-08,AUDI,SUV,SIN DEFINIR,Q8 E-TRON,Estimado,Modelo estadístico,2.826844428794789,0.0005599273828348108
2026-08,AUDI,SUV,SIN DEFINIR,RSQ3,Estimado,Modelo estadístico,0.013959954098028433,2.76511876033295e-06
2026-08,AUDI,SUV,SIN DEFINIR,SQ5,Estimado,Modelo estadístico,0.21279090821011823,4.214857213629258e-05
2026-08,AUDI,SUV,SIN DEFINIR,SQ8 E-TRON,Estimado,Modelo estadístico,0.013959954098028433,2.76511876033295e-06
2026-08,AVATR,AUTOMOVILES,SD,12,Estimado,Modelo estadístico,0.12739279256024666,2.5233335164711686e-05
2026-08,AVATR,SUV,MEDIUM,07,Estimado,Modelo estadístico,0.17584264750021675,3.483004314019435e-05
2026-08,AVATR,SUV,SIN DEFINIR,11,Estimado,Modelo estadístico,1.0592107764549994,0.0002098032392195466
2026-08,B.M.W.,AUTOMOVILES,HB,118,Estimado,Modelo estadístico,0.1004009069931331,1.988691578293688e-05
2026-08,B.M.W.,AUTOMOVILES,HB,128,Estimado,Modelo estadístico,0.06769312539374496,1.3408319945568473e-05
2026-08,B.M.W.,AUTOMOVILES,HB,I3 EV,Estimado,Modelo estadístico,0.15408619635463827,3.052063275112991e-05
2026-08,B.M.W.,AUTOMOVILES,SD,218,Estimado,Modelo estadístico,1.1217562994287111,0.000222191947501465
2026-08,B.M.W.,AUTOMOVILES,SD,220,Estimado,Modelo estadístico,0.014007836032239838,2.774602977375446e-06
2026-08,B.M.W.,AUTOMOVILES,SD,320,Estimado,Modelo estadístico,1.1823964756486618,0.00023420325410879566
2026-08,B.M.W.,AUTOMOVILES,SD,330,Estimado,Modelo estadístico,0.014007836032239838,2.774602977375446e-06
2026-08,B.M.W.,AUTOMOVILES,SD,340,Estimado,Modelo estadístico,0.014007836032239838,2.774602977375446e-06
2026-08,B.M.W.,AUTOMOVILES,SD,420,Estimado,Modelo estadístico,0.27318704891491963,5.411154139405974e-05
2026-08,B.M.W.,AUTOMOVILES,SD,425,Estimado,Modelo estadístico,0.1004009069931331,1.988691578293688e-05
2026-08,B.M.W.,AUTOMOVILES,SD,430,Estimado,Modelo estadístico,0.18679397795402636,3.6999228588498305e-05
2026-08,B.M.W.,AUTOMOVILES,SD,520I,Estimado,Modelo estadístico,0.1004009069931331,1.988691578293688e-05
2026-08,B.M.W.,AUTOMOVILES,SD,530,Estimado,Modelo estadístico,0.014007836032239838,2.774602977375446e-06
2026-08,B.M.W.,AUTOMOVILES,SD,540I,Estimado,Modelo estadístico,0.014007836032239838,2.774602977375446e-06
2026-08,B.M.W.,AUTOMOVILES,SD,I4,Estimado,Modelo estadístico,0.06769312539374496,1.3408319945568473e-05
2026-08,B.M.W.,AUTOMOVILES,SD,I5,Estimado,Modelo estadístico,0.06769312539374496,1.3408319945568473e-05
2026-08,B.M.W.,AUTOMOVILES,SD,I7,Estimado,Modelo estadístico,0.014007836032239838,2.774602977375446e-06
2026-08,B.M.W.,AUTOMOVILES,SD,M135,Estimado,Modelo estadístico,0.014007836032239838,2.774602977375446e-06
2026-08,B.M.W.,AUTOMOVILES,SD,M2,Estimado,Modelo estadístico,0.2853376535962659,5.6518273158208235e-05
2026-08,B.M.W.,AUTOMOVILES,SD,M240,Estimado,Modelo estadístico,0.1004009069931331,1.988691578293688e-05
2026-08,B.M.W.,AUTOMOVILES,SD,M3,Estimado,Modelo estadístico,0.014007836032239838,2.774602977375446e-06
2026-08,B.M.W.,AUTOMOVILES,SD,M4,Estimado,Modelo estadístico,0.06769312539374496,1.3408319945568473e-05
2026-08,B.M.W.,AUTOMOVILES,SD,M440,Estimado,Modelo estadístico,0.18679397795402636,3.6999228588498305e-05
2026-08,B.M.W.,AUTOMOVILES,SD,M5,Estimado,Modelo estadístico,0.03643702917260704,7.217266778133894e-06
2026-08,B.M.W.,AUTOMOVILES,SD,Z4,Estimado,Modelo estadístico,0.014007836032239838,2.774602977375446e-06
2026-08,B.M.W.,SUV,LARGE,X6,Estimado,Modelo estadístico,4.349781715576461,0.0008615832789014962
2026-08,B.M.W.,SUV,LARGE,X7,Estimado,Modelo estadístico,2.409245791605415,0.00047721150727581517
2026-08,B.M.W.,SUV,LARGE,XM,Estimado,Modelo estadístico,0.014007836032239838,2.774602977375446e-06
2026-08,B.M.W.,SUV,SIN DEFINIR,IX,Estimado,Modelo estadístico,4.1365390759096945,0.0008193452300293461
2026-08,B.M.W.,SUV,SIN DEFINIR,IX1,Estimado,Modelo estadístico,11.233030402946579,0.0022249831829292822
2026-08,B.M.W.,SUV,SIN DEFINIR,IX2,Estimado,Modelo estadístico,2.7555458899503575,0.0005458049203998585
2026-08,B.M.W.,SUV,SIN DEFINIR,IX3,Estimado,Modelo estadístico,3.3592660321424352,0.0006653868244264594
2026-08,B.M.W.,SUV,SIN DEFINIR,X1,Estimado,Modelo estadístico,10.942665052253027,0.0021674690483615483
2026-08,B.M.W.,SUV,SIN DEFINIR,X2,Estimado,Modelo estadístico,0.09012231853411218,1.7850983746326922e-05
2026-08,B.M.W.,SUV,SIN DEFINIR,X3,Estimado,Modelo estadístico,17.869503246122676,0.003539502946550714
2026-08,B.M.W.,SUV,SIN DEFINIR,X4,Estimado,Modelo estadístico,2.635830070075487,0.0005220922020685428
2026-08,B.M.W.,SUV,SIN DEFINIR,X5,Estimado,Modelo estadístico,9.833694541476358,0.0019478096467280103
2026-08,B.M.W.,SUV,SIN DEFINIR,X5 PHV,Estimado,Modelo estadístico,0.4459731908367061,8.83361670051826e-05
2026-08,BAIC,AUTOMOVILES,HB,EC3 EV,Estimado,Modelo estadístico,0.018296420851130146,3.624064677229276e-06
2026-08,BAIC,AUTOMOVILES,SD,U5,Estimado,Modelo estadístico,0.018296420851130146,3.624064677229276e-06
2026-08,BAIC,SUV,LARGE,BJ60,Estimado,Modelo estadístico,0.09114918888469427,1.8054381153717055e-05
2026-08,BAIC,SUV,LARGE,BJ60 EV,Estimado,Modelo estadístico,2.7393504757941813,0.0005425970127520154
2026-08,BAIC,SUV,SIN DEFINIR,BJ30,Estimado,Modelo estadístico,5.062203088861664,0.0010026961859139405
2026-08,BAIC,SUV,SIN DEFINIR,X3,Estimado,Modelo estadístico,16.159410482425077,0.0032007762179665795
2026-08,BAIC,SUV,SIN DEFINIR,X5,Estimado,Modelo estadístico,4.125217645286681,0.0008171027369674296
2026-08,BAIC,SUV,SIN DEFINIR,X55,Estimado,Modelo estadístico,0.018296420851130146,3.624064677229276e-06
2026-08,BAIC,SUV,SIN DEFINIR,X7,Estimado,Modelo estadístico,0.12840786132886747,2.5434394973034257e-05
2026-08,BAIC,SUV,SMALL,BJ40,Estimado,Modelo estadístico,3.4000272016337436,0.0006734605955622432
2026-08,BAIC,SUV,SMALL,BJ40 EV,Estimado,Modelo estadístico,1.6939100856231046,0.0003355213436364481
2026-08,BAIC,SUV,SMALL,BJ41,Estimado,Modelo estadístico,1.4042443381837328,0.0002781457830260022
2026-08,BAIC,SUV,SMALL,BJ41 EV,Estimado,Modelo estadístico,1.092575685406089,0.00021641199559722612
2026-08,BAOJUN,AUTOMOVILES,HB,E300,Estimado,Modelo estadístico,0.12567087052623874,2.4892265352688564e-05
2026-08,BAOJUN,SUV,SIN DEFINIR,YEP,Estimado,Modelo estadístico,0.12567087052623874,2.4892265352688564e-05
2026-08,BAOJUN,SUV,SIN DEFINIR,YUNHAI,Estimado,Modelo estadístico,1.5526555996734417,0.0003075423527072614
2026-08,BAW,PANEL,SIN DEFINIR,M7,Estimado,Modelo estadístico,0.01078020585420442,2.1352899327886474e-06
2026-08,BAW,PASAJEROS,SIN DEFINIR,M7,Estimado,Modelo estadístico,0.02837133674600242,5.61965425825966e-06
2026-08,BYD,AUTOMOVILES,HB,D1,Estimado,Modelo estadístico,0.024265712846903577,4.80643255376474e-06
2026-08,BYD,AUTOMOVILES,HB,DOLPHIN,Estimado,Modelo estadístico,12.877296821870715,0.0025506713542531923
2026-08,BYD,AUTOMOVILES,HB,E2 EV,Estimado,Modelo estadístico,1.3193379531127194,0.0002613279456188527
2026-08,BYD,AUTOMOVILES,HB,SEAGULL,Estimado,Modelo estadístico,27.091694618097037,0.005366189065642495
2026-08,BYD,AUTOMOVILES,SD,E5 EV,Estimado,Modelo estadístico,0.024265712846903577,4.80643255376474e-06
2026-08,BYD,AUTOMOVILES,SD,F3,Estimado,Modelo estadístico,0.024265712846903577,4.80643255376474e-06
2026-08,BYD,AUTOMOVILES,SD,HAN,Estimado,Modelo estadístico,0.024265712846903577,4.80643255376474e-06
2026-08,BYD,AUTOMOVILES,SD,QIN PLUS,Estimado,Modelo estadístico,0.5731683517784896,0.0001135303562750002
2026-08,BYD,AUTOMOVILES,SD,SEAL,Estimado,Modelo estadístico,1.2657812920363367,0.00025071970670608904
2026-08,BYD,CAMIONES,SIN DEFINIR,T4,Estimado,Modelo estadístico,0.1004464328625398,1.9895933322299327e-05
2026-08,BYD,PANEL,SIN DEFINIR,T3 EV,Estimado,Modelo estadístico,2.521411839647897,0.0004994288040904571
2026-08,BYD,PASAJEROS,SIN DEFINIR,M3,Estimado,Modelo estadístico,0.024265712846903577,4.80643255376474e-06
2026-08,BYD,PICK-UP,MEDIUM,SHARK,Estimado,Modelo estadístico,1.8941940081593385,0.0003751925938217353
2026-08,BYD,SUV,LARGE,ATTO8,Estimado,Modelo estadístico,0.557530752956357,0.00011043293793350681
2026-08,BYD,SUV,MEDIUM,SEALION,Estimado,Modelo estadístico,10.11451331232041,0.0020034328419091603
2026-08,BYD,SUV,MEDIUM,TI7,Estimado,Modelo estadístico,0.862253633018902,0.00017079094100764516
2026-08,BYD,SUV,SIN DEFINIR,S1 PRO EV,Estimado,Modelo estadístico,80.0533367720024,0.015856569569005795
2026-08,BYD,SUV,SIN DEFINIR,S2 EV,Estimado,Modelo estadístico,0.024265712846903577,4.80643255376474e-06
2026-08,BYD,SUV,SIN DEFINIR,SONG PRO EV,Estimado,Modelo estadístico,9.262441373117124,0.0018346586405257163
2026-08,BYD,SUV,SIN DEFINIR,TANG,Estimado,Modelo estadístico,2.614183346226443,0.0005178045259204392
2026-08,BYD,SUV,SIN DEFINIR,YUAN PLUS EV,Estimado,Modelo estadístico,34.61229822376593,0.0068558330840278875
2026-08,BYD,SUV,SIN DEFINIR,YUAN UP EV,Estimado,Modelo estadístico,2.419334952740905,0.00047920991848375067
2026-08,CADILLAC,SUV,LARGE,ESCALADE,Estimado,Modelo estadístico,1.032468892203354,0.00020450633886359771
2026-08,CADILLAC,SUV,LARGE,LYRIQ,Estimado,Modelo estadístico,0.06633985715724211,1.3140271256995408e-05
2026-08,CADILLAC,SUV,SIN DEFINIR,XT4,Estimado,Modelo estadístico,0.010659523361749681,2.111385740727051e-06
2026-08,CADILLAC,SUV,SIN DEFINIR,XT5,Estimado,Modelo estadístico,0.010659523361749681,2.111385740727051e-06
2026-08,CAMC,CAMIONES,[4] PESADO [HD],HN3310B42C3M3,Estimado,Modelo estadístico,0.04583871703085401,9.079506674703806e-06
2026-08,CAMC,CAMIONES,[4] PESADO [HD],HN4180,Estimado,Modelo estadístico,0.04583871703085401,9.079506674703806e-06
2026-08,CHANGAN,AUTOMOVILES,HB,BENBEN,Estimado,Modelo estadístico,0.01455351379530315,2.882688133612169e-06
2026-08,CHANGAN,AUTOMOVILES,HB,LUMIN,Estimado,Modelo estadístico,1.0203492239651417,0.00020210573483731188
2026-08,CHANGAN,AUTOMOVILES,SD,ALSVIN,Estimado,Modelo estadístico,2.825537813575706,0.0005596685749455117
2026-08,CHANGAN,PANEL,SIN DEFINIR,EM60,Estimado,Modelo estadístico,0.19024003253157834,3.7681806059355893e-05
2026-08,CHANGAN,PANEL,SIN DEFINIR,HONOR,Estimado,Modelo estadístico,3.1140232463518225,0.0006168103446569657
2026-08,CHANGAN,PANEL,SIN DEFINIR,KARVAAN,Estimado,Modelo estadístico,0.10239677316344076,2.0282247096484035e-05
2026-08,CHANGAN,PANEL,SIN DEFINIR,STAR 3,Estimado,Modelo estadístico,0.01455351379530315,2.882688133612169e-06
2026-08,CHANGAN,PANEL,SIN DEFINIR,STAR 9,Estimado,Modelo estadístico,0.38566043997636973,7.638971519594945e-05
2026-08,CHANGAN,PASAJEROS,SIN DEFINIR,EM60,Estimado,Modelo estadístico,0.01455351379530315,2.882688133612169e-06
2026-08,CHANGAN,PASAJEROS,SIN DEFINIR,HONOR S,Estimado,Modelo estadístico,2.1227917386306054,0.0004204721032425369
2026-08,CHANGAN,PASAJEROS,SIN DEFINIR,KARVAAN,Estimado,Modelo estadístico,0.10239677316344076,2.0282247096484035e-05
2026-08,CHANGAN,PASAJEROS,SIN DEFINIR,M600,Estimado,Modelo estadístico,0.01455351379530315,2.882688133612169e-06
2026-08,CHANGAN,PASAJEROS,SIN DEFINIR,STAR 3,Estimado,Modelo estadístico,0.7240311422442456,0.00014341251270787525
2026-08,CHANGAN,PICK-UP,MEDIUM,HUNTER,Estimado,Modelo estadístico,8.698088662866146,0.0017228744429845428
2026-08,CHANGAN,PICK-UP,MEDIUM,HUNTER EV,Estimado,Modelo estadístico,3.1769108510482567,0.0006292668107969993
2026-08,CHANGAN,PICK-UP,MEDIUM,LANTUOZHE,Estimado,Modelo estadístico,0.039509168467006306,7.825780956450508e-06
2026-08,CHANGAN,SUV,LARGE,E07,Estimado,Modelo estadístico,0.039509168467006306,7.825780956450508e-06
2026-08,CHANGAN,SUV,MEDIUM,CS 75,Estimado,Modelo estadístico,3.3525973697845313,0.0006640659287227428
2026-08,CHANGAN,SUV,MEDIUM,X7 PLUS,Estimado,Modelo estadístico,4.995422435463063,0.000989468603914524
2026-08,CHANGAN,SUV,SIN DEFINIR,CS 15,Estimado,Modelo estadístico,14.481996962914033,0.0028685224326700245
2026-08,CHANGAN,SUV,SIN DEFINIR,CS 55,Estimado,Modelo estadístico,28.80361141403984,0.005705277089524971
2026-08,CHANGAN,SUV,SIN DEFINIR,CS35,Estimado,Modelo estadístico,50.298502972537776,0.009962879047408137
2026-08,CHANGAN,SUV,SIN DEFINIR,CS35 MAX,Estimado,Modelo estadístico,3.7039704072570823,0.0007336641645742304
2026-08,CHANGAN,SUV,SIN DEFINIR,Q05,Estimado,Modelo estadístico,0.2151956872032815,4.2624898882194234e-05
2026-08,CHANGAN,SUV,SIN DEFINIR,S05,Estimado,Modelo estadístico,7.614945304957836,0.0015083307562323578
2026-08,CHANGAN,SUV,SIN DEFINIR,S07,Estimado,Modelo estadístico,1.206427194924498,0.00023896314029662303
2026-08,CHANGAN,SUV,SIN DEFINIR,UNI-K,Estimado,Modelo estadístico,2.1047266036992265,0.00041689385053798417
2026-08,CHANGAN,SUV,SIN DEFINIR,UNI-T,Estimado,Modelo estadístico,3.3526521766144284,0.0006640767845889211
2026-08,CHENGLONG,CAMIONES,SIN DEFINIR,H5,Estimado,Modelo estadístico,0.019034169197780056,3.7701942260373477e-06
2026-08,CHENGLONG,CAMIONES,SIN DEFINIR,H7,Estimado,Modelo estadístico,0.019034169197780056,3.7701942260373477e-06
2026-08,CHENGLONG,CAMIONES,SIN DEFINIR,M3,Estimado,Modelo estadístico,0.019034169197780056,3.7701942260373477e-06
2026-08,CHENGLONG,CAMIONES,SIN DEFINIR,T7,Estimado,Modelo estadístico,0.01606780516695719,3.1826314895120463e-06
2026-08,CHERY,PICK-UP,MEDIUM,HIMLA,Estimado,Modelo estadístico,13.137692100483607,0.0026022491649636387
2026-08,CHERY,SUV,LARGE,ICAR V27,Estimado,Modelo estadístico,7.131597881330587,0.0014125916857851948
2026-08,CHERY,SUV,LARGE,TIGGO 9,Estimado,Modelo estadístico,0.1963196335035426,3.888602339308559e-05
2026-08,CHERY,SUV,LARGE,TIGGO 9 PHEV,Estimado,Modelo estadístico,0.10555305365996072,2.0907427548548192e-05
2026-08,CHERY,SUV,SIN DEFINIR,EQ5,Estimado,Modelo estadístico,0.014786473816378832,2.928831704010792e-06
2026-08,CHERY,SUV,SIN DEFINIR,EQ7,Estimado,Modelo estadístico,0.7246545563826347,0.00014353599550140107
2026-08,CHERY,SUV,SIN DEFINIR,FULWIN X3,Estimado,Modelo estadístico,0.1729378384278057,3.4254672905814885e-05
2026-08,CHERY,SUV,SIN DEFINIR,ICAR 03,Estimado,Modelo estadístico,59.98946492624408,0.011882416928098638
2026-08,CHERY,SUV,SIN DEFINIR,ICAR V23,Estimado,Modelo estadístico,8.950338574361997,0.001772838859605942
2026-08,CHERY,SUV,SIN DEFINIR,Q,Estimado,Modelo estadístico,0.09386215612209227,1.859175230491284e-05
2026-08,CHERY,SUV,SIN DEFINIR,TIGGO 2,Estimado,Modelo estadístico,69.4609248012677,0.01375847692115172
2026-08,CHERY,SUV,SIN DEFINIR,TIGGO 4,Estimado,Modelo estadístico,33.27219742730846,0.006590392536945787
2026-08,CHERY,SUV,SIN DEFINIR,TIGGO 7,Estimado,Modelo estadístico,30.654000491430928,0.006071793019010146
2026-08,CHERY,SUV,SIN DEFINIR,TIGGO 8,Estimado,Modelo estadístico,13.555490907734757,0.002685004689219843
2026-08,CHEVROLET,AUTOMOVILES,HB,AVEO HB,Estimado,Modelo estadístico,6.723111880026048,0.0013316807961354865
2026-08,CHEVROLET,AUTOMOVILES,HB,BOLT,Estimado,Modelo estadístico,0.014028063630556224,2.7786095601470194e-06
2026-08,CHEVROLET,AUTOMOVILES,SD,AVEO,Estimado,Modelo estadístico,0.6300343432397486,0.0001247940910058091
2026-08,CHEVROLET,AUTOMOVILES,SD,CAMARO,Estimado,Modelo estadístico,0.014028063630556224,2.7786095601470194e-06
2026-08,CHEVROLET,AUTOMOVILES,SD,CAVALIER,Estimado,Modelo estadístico,0.014028063630556224,2.7786095601470194e-06
2026-08,CHEVROLET,AUTOMOVILES,SD,CORVETTE,Estimado,Modelo estadístico,0.2552925147359118,5.056708044394946e-05
2026-08,CHEVROLET,AUTOMOVILES,SD,ONIX,Estimado,Modelo estadístico,0.07463953897253188,1.478423123932036e-05
2026-08,CHEVROLET,CAMIONES,SIN DEFINIR,W4500,Estimado,Modelo estadístico,0.014028063630556224,2.7786095601470194e-06
2026-08,CHEVROLET,MICROBUS,SIN DEFINIR,EXPRESS,Estimado,Modelo estadístico,0.014028063630556224,2.7786095601470194e-06
2026-08,CHEVROLET,PANEL,SIN DEFINIR,N400,Estimado,Modelo estadístico,17.93537852571778,0.003552551196578723
2026-08,CHEVROLET,PICK-UP,LARGE,SILVERADO,Estimado,Modelo estadístico,20.576415206340414,0.004075674698349296
2026-08,CHEVROLET,PICK-UP,LARGE,SILVERADO EV,Estimado,Modelo estadístico,0.25303554652131593,5.012003132703757e-05
2026-08,CHEVROLET,PICK-UP,MEDIUM,COLORADO,Estimado,Modelo estadístico,13.835285041330899,0.0027404249293155503
2026-08,CHEVROLET,PICK-UP,SMALL,MONTANA,Estimado,Modelo estadístico,0.13525101431450753,2.67898529184937e-05
2026-08,CHEVROLET,SUV,LARGE,SUBURBAN,Estimado,Modelo estadístico,2.599552705898861,0.0005149065609442366
2026-08,CHEVROLET,SUV,LARGE,TAHOE,Estimado,Modelo estadístico,13.549240246649031,0.002683766589143635
2026-08,CHEVROLET,SUV,LARGE,TRAVERSE,Estimado,Modelo estadístico,3.2019112439099793,0.0006342187651395573
2026-08,CHEVROLET,SUV,MEDIUM,BLAZER,Estimado,Modelo estadístico,0.19586248965648317,3.879547459766704e-05
2026-08,CHEVROLET,SUV,MEDIUM,TRAIL BLAZER,Estimado,Modelo estadístico,3.6688532332395165,0.0007267083281865189
2026-08,CHEVROLET,SUV,SIN DEFINIR,CAPTIVA,Estimado,Modelo estadístico,9.079480886003287,0.0017984187308694535
2026-08,CHEVROLET,SUV,SIN DEFINIR,CAPTIVA PHEV,Estimado,Modelo estadístico,1.607411282902288,0.0003183880880060841
2026-08,CHEVROLET,SUV,SIN DEFINIR,GROOVE,Estimado,Modelo estadístico,31.61753631737511,0.0062626454365655474
2026-08,CHEVROLET,SUV,SIN DEFINIR,MENLO,Estimado,Modelo estadístico,0.014028063630556224,2.7786095601470194e-06
2026-08,CHEVROLET,SUV,SIN DEFINIR,SPARK EUV,Estimado,Modelo estadístico,4.015297638642362,0.0007953303249398676
2026-08,CHEVROLET,SUV,SIN DEFINIR,TRACKER,Estimado,Modelo estadístico,10.32509996303583,0.0020451448056076032
2026-08,CHEVROLET,SUV,SIN DEFINIR,TRAX,Estimado,Modelo estadístico,2.55900085608334,0.0005068742508160151
2026-08,CITROEN,AUTOMOVILES,HB,C3 HB,Estimado,Modelo estadístico,1.855039804254098,0.00036743712249253
2026-08,CITROEN,AUTOMOVILES,SD,C-ELYSEE,Estimado,Modelo estadístico,0.017233561268934567,3.4135387005898757e-06
2026-08,CITROEN,MICROBUS,SIN DEFINIR,BERLINGO,Estimado,Modelo estadístico,0.017233561268934567,3.4135387005898757e-06
2026-08,CITROEN,PANEL,SIN DEFINIR,BERLINGO,Estimado,Modelo estadístico,3.792067227313335,0.0007511139475858826
2026-08,CITROEN,PANEL,SIN DEFINIR,JUMPER,Estimado,Modelo estadístico,0.6763512359505033,0.00013396831235750565
2026-08,CITROEN,PANEL,SIN DEFINIR,JUMPY,Estimado,Modelo estadístico,1.1276250134526309,0.00022335439339008447
2026-08,CITROEN,SUV,SIN DEFINIR,BASALT,Estimado,Modelo estadístico,1.4004249846664691,0.0002773892643448684
2026-08,CITROEN,SUV,SIN DEFINIR,C3 AIRCROSS,Estimado,Modelo estadístico,0.8009798756050165,0.0001586541377666407
2026-08,CITROEN,SUV,SIN DEFINIR,C4 CACTUS,Estimado,Modelo estadístico,0.27713555605967455,5.489364218784476e-05
2026-08,CITROEN,SUV,SIN DEFINIR,C5 AIRCROSS,Estimado,Modelo estadístico,0.3154409920632126,6.248099376309637e-05
2026-08,CLW,CAMIONES,[2] LIVIANO [LD],CLW5030,Estimado,Modelo estadístico,0.04583871703085401,9.079506674703806e-06
2026-08,CLW,CAMIONES,[3] MEDIANO [MD],CLW5130,Estimado,Modelo estadístico,0.04583871703085401,9.079506674703806e-06
2026-08,DAGANG,CAMIONES,[3] MEDIANO [MD],SS6000,Estimado,Modelo estadístico,0.04583871703085401,9.079506674703806e-06
2026-08,DAYUN,CAMIONES,SIN DEFINIR,CGC4250,Estimado,Modelo estadístico,0.4649712935794359,9.209921736593372e-05
2026-08,DAYUN,CAMIONES,SIN DEFINIR,WB39,Estimado,Modelo estadístico,0.022024639909553115,4.362531894863762e-06
2026-08,DAYUN,CAMIONES,[4] PESADO [HD],CGC4251,Estimado,Modelo estadístico,0.5685308587170698,0.00011261178455370372
2026-08,DAYUN,CAMIONES,[4] PESADO [HD],DYK5310,Estimado,Modelo estadístico,0.059141349005278385,1.1714426315269151e-05
2026-08,DAYUN,CAMIONES,[4] PESADO [HD],DYX1310,Estimado,Modelo estadístico,0.4674251490582564,9.258526493972844e-05
2026-08,DAYUN,PASAJEROS,SIN DEFINIR,YUANZHI M1,Estimado,Modelo estadístico,0.022024639909553115,4.362531894863762e-06
2026-08,DAYUN,PICK-UP,MEDIUM,DYQ1030 BEV1H2,Estimado,Modelo estadístico,0.022024639909553115,4.362531894863762e-06
2026-08,DAYUN,SUV,SIN DEFINIR,YUEHU,Estimado,Modelo estadístico,0.022024639909553115,4.362531894863762e-06
2026-08,DENZA,SUV,LARGE,N9,Estimado,Modelo estadístico,0.5032293934908973,9.967719284185701e-05
2026-08,DENZA,SUV,SIN DEFINIR,B3,Estimado,Modelo estadístico,4.126481026625358,0.0008173529813032275
2026-08,DFSK,CAMIONES,SIN DEFINIR,C32,Estimado,Modelo estadístico,0.18269038142663338,3.6186408455777815e-05
2026-08,DFSK,CAMIONES,[1] ULTRA LIVIANO [ULD],C31,Estimado,Modelo estadístico,0.8699121097419572,0.0001723078942521751
2026-08,DFSK,MICROBUS,SIN DEFINIR,C37,Estimado,Modelo estadístico,1.7192495308882538,0.00034054045580451676
2026-08,DFSK,PANEL,SIN DEFINIR,C35,Estimado,Modelo estadístico,2.4649280072068427,0.00048824076553090904
2026-08,DFSK,PANEL,SIN DEFINIR,EC35,Estimado,Modelo estadístico,0.014445609485124026,2.8613149807850244e-06
2026-08,DFSK,PANEL,SIN DEFINIR,EC75,Estimado,Modelo estadístico,0.1028201136891945,2.0366100296971003e-05
2026-08,DFSK,SUV,SIN DEFINIR,E5,Estimado,Modelo estadístico,1.8765695018904343,0.0003717016186664062
2026-08,DFSK,SUV,SIN DEFINIR,GLORY 500,Estimado,Modelo estadístico,6.343514887733681,0.0012564920987097677
2026-08,DFSK,SUV,SIN DEFINIR,GLORY 560,Estimado,Modelo estadístico,3.6675029951508336,0.0007264408796946603
2026-08,DFSK,SUV,SIN DEFINIR,GLORY 580,Estimado,Modelo estadístico,1.65677841111196,0.00032816648494046974
2026-08,DFSK,SUV,SIN DEFINIR,GLORY 600,Estimado,Modelo estadístico,0.014445609485124026,2.8613149807850244e-06
2026-08,DFSK,SUV,SIN DEFINIR,SERES 3,Estimado,Modelo estadístico,0.014445609485124026,2.8613149807850244e-06
2026-08,DFSK,SUV,SIN DEFINIR,SERES 5,Estimado,Modelo estadístico,2.4678240646001135,0.0004888144022759084
2026-08,DONGFENG,AUTOMOVILES,HB,NAMMI 01,Estimado,Modelo estadístico,15.351557480062962,0.0030407606851978676
2026-08,DONGFENG,AUTOMOVILES,HB,NANO BOX,Estimado,Modelo estadístico,4.227115983040967,0.0008372862564398119
2026-08,DONGFENG,BUSETAS,SIN DEFINIR,DF6768,Estimado,Modelo estadístico,0.3148148560060852,6.235697182535029e-05
2026-08,DONGFENG,PICK-UP,MEDIUM,RICH,Estimado,Modelo estadístico,11.451732452816687,0.0022683026048107994
2026-08,DONGFENG,PICK-UP,MEDIUM,RICH EV,Estimado,Modelo estadístico,0.014686175389976018,2.90896508707704e-06
2026-08,DONGFENG,PICK-UP,MEDIUM,Z9,Estimado,Modelo estadístico,0.7806430464832779,0.00015462591909662753
2026-08,DONGFENG,SUV,MEDIUM,M-HERO 917,Estimado,Modelo estadístico,0.014686175389976018,2.90896508707704e-06
2026-08,DONGFENG,SUV,SIN DEFINIR,AEOLUS L7,Estimado,Modelo estadístico,0.014686175389976018,2.90896508707704e-06
2026-08,DONGFENG,SUV,SIN DEFINIR,EX1,Estimado,Modelo estadístico,0.014686175389976018,2.90896508707704e-06
2026-08,DONGFENG,SUV,SIN DEFINIR,FRIDAY,Estimado,Modelo estadístico,11.999360356599633,0.0023767740352896353
2026-08,DONGFENG,SUV,SIN DEFINIR,JOYEAR SX6,Estimado,Modelo estadístico,0.014686175389976018,2.90896508707704e-06
2026-08,DONGFENG,SUV,SIN DEFINIR,JOYEAR X5,Estimado,Modelo estadístico,0.014686175389976018,2.90896508707704e-06
2026-08,DONGFENG,SUV,SIN DEFINIR,MAGE,Estimado,Modelo estadístico,0.8639128180637344,0.00017111958418670675
2026-08,DONGFENG,SUV,SIN DEFINIR,MAGE EV,Estimado,Modelo estadístico,3.927155056588343,0.0007778714776177136
2026-08,DONGFENG,SUV,SIN DEFINIR,MNV,Estimado,Modelo estadístico,0.15510050231167577,3.0721541465501545e-05
2026-08,DONGFENG,SUV,SIN DEFINIR,NAMMI 06,Estimado,Modelo estadístico,75.51945775771664,0.014958521206421854
2026-08,DONGFENG,SUV,SIN DEFINIR,SX5,Estimado,Modelo estadístico,0.7869649734593243,0.00015587813516841173
2026-08,DONGFENG,SUV,SIN DEFINIR,T5 EVO,Estimado,Modelo estadístico,0.15510050231167577,3.0721541465501545e-05
2026-08,DONGFENG,SUV,SIN DEFINIR,T5L,Estimado,Modelo estadístico,0.014686175389976018,2.90896508707704e-06
2026-08,DONGFENG I,CAMIONES,SIN DEFINIR,CAPTAIN 5.0T,Estimado,Modelo estadístico,0.10114554848434366,2.003441069177468e-05
2026-08,DONGFENG I,CAMIONES,SIN DEFINIR,CAPTAIN E 3.5T,Estimado,Modelo estadístico,0.43829216331955667,8.681474701073555e-05
2026-08,DONGFENG I,CAMIONES,SIN DEFINIR,CAPTAIN W,Estimado,Modelo estadístico,0.12186014379355446,2.4137455422437022e-05
2026-08,DONGFENG I,CAMIONES,SIN DEFINIR,CHENGLONG M3,Estimado,Modelo estadístico,0.016858894775540395,3.3393266120344627e-06
2026-08,DONGFENG I,CAMIONES,SIN DEFINIR,DF116,Estimado,Modelo estadístico,0.5432934123375707,0.00010761287582113809
2026-08,DONGFENG I,CAMIONES,SIN DEFINIR,DF1819,Estimado,Modelo estadístico,0.12184450345575705,2.4134357461572833e-05
2026-08,DONGFENG I,CAMIONES,SIN DEFINIR,DFH4250C2,Estimado,Modelo estadístico,0.7518676379016388,0.00014892622828485236
2026-08,DONGFENG I,CAMIONES,SIN DEFINIR,DOLLICAR,Estimado,Modelo estadístico,0.6675497035172407,0.00013222494828338377
2026-08,DONGFENG I,CAMIONES,SIN DEFINIR,EQ1141G7D2,Estimado,Modelo estadístico,0.016858894775540395,3.3393266120344627e-06
2026-08,DONGFENG I,CAMIONES,SIN DEFINIR,EV150,Estimado,Modelo estadístico,0.016858894775540395,3.3393266120344627e-06
2026-08,DONGFENG I,CAMIONES,SIN DEFINIR,EV18,Estimado,Modelo estadístico,0.016858894775540395,3.3393266120344627e-06
2026-08,DONGFENG I,CAMIONES,SIN DEFINIR,EV200,Estimado,Modelo estadístico,0.016858894775540395,3.3393266120344627e-06
2026-08,DONGFENG I,CAMIONES,SIN DEFINIR,EV400,Estimado,Modelo estadístico,0.016858894775540395,3.3393266120344627e-06
2026-08,DONGFENG I,CAMIONES,SIN DEFINIR,RUICHI EG71,Estimado,Modelo estadístico,0.016858894775540395,3.3393266120344627e-06
2026-08,DONGFENG I,CAMIONES,SIN DEFINIR,V92-711,Estimado,Modelo estadístico,0.9632514873962347,0.00019079609718015576
2026-08,DONGFENG I,CAMIONES,[3] MEDIANO [MD],DF1214,Estimado,Modelo estadístico,0.4161023745249936,8.241950324038979e-05
2026-08,DONGFENG I,CAMIONES,[3] MEDIANO [MD],DF310,Estimado,Modelo estadístico,1.363954520293243,0.0002701653748873304
2026-08,DONGFENG I,CAMIONES,[3] MEDIANO [MD],DF813,Estimado,Modelo estadístico,0.7517581555370569,0.00014890454255880303
2026-08,DONGFENG I,CAMIONES,[3] MEDIANO [MD],DLQ5090TQZ3 (CA,Estimado,Modelo estadístico,0.10114554848434366,2.003441069177468e-05
2026-08,DONGFENG I,CAMIONES,[4] PESADO [HD],EQ3313GP6,Estimado,Modelo estadístico,0.10114554848434366,2.003441069177468e-05
2026-08,DONGFENG I,MICROBUS,SIN DEFINIR,DF3050P,Estimado,Modelo estadístico,1.0046181166634667,0.00019898979479802368
2026-08,DONGFENG I,MICROBUS,SIN DEFINIR,DFA6768,Estimado,Modelo estadístico,0.18543220219314693,3.67294947715149e-05
2026-08,DONGFENG I,MICROBUS,SIN DEFINIR,EQ6550,Estimado,Modelo estadístico,0.016858894775540395,3.3393266120344627e-06
2026-08,DONGFENG I,MICROBUS,SIN DEFINIR,UVAN DF-23P,Estimado,Modelo estadístico,0.18543220219314693,3.67294947715149e-05
2026-08,DONGFENG I,PANEL,SIN DEFINIR,DF3050,Estimado,Modelo estadístico,0.540296104353474,0.0001070191838591787
2026-08,DONGFENG I,PANEL,SIN DEFINIR,EM26,Estimado,Modelo estadístico,0.18546348286874173,3.6735690693243274e-05
2026-08,DONGFENG I,PANEL,SIN DEFINIR,M5,Estimado,Modelo estadístico,0.016858894775540395,3.3393266120344627e-06
2026-08,DONGFENG I,PANEL,SIN DEFINIR,UVAN,Estimado,Modelo estadístico,0.10114554848434366,2.003441069177468e-05
2026-08,DONGFENG I,PICK-UP,MEDIUM,P22,Estimado,Modelo estadístico,0.8552842110697189,0.0001694104723295222
2026-08,FANGCHENGBAO,SUV,LARGE,BAO 8,Estimado,Modelo estadístico,0.09969653400946016,1.97473970611883e-05
2026-08,FANGCHENGBAO,SUV,MEDIUM,BAO 5,Estimado,Modelo estadístico,0.11600241634048039,2.2977185699508634e-05
2026-08,FANGCHENGBAO,SUV,MEDIUM,TAI 7,Estimado,Modelo estadístico,0.23072438989113989,4.57007476152423e-05
2026-08,FANGCHENGBAO,SUV,SIN DEFINIR,BAO 3,Estimado,Modelo estadístico,6.965391515438268,0.0013796703497128565
2026-08,FAW,CAMIONES,SIN DEFINIR,ACTIS,Estimado,Modelo estadístico,0.47411349603213926,9.391005967495694e-05
2026-08,FAW,CAMIONES,SIN DEFINIR,CA1081,Estimado,Modelo estadístico,0.14124155136030309,2.7976428909609477e-05
2026-08,FAW,CAMIONES,SIN DEFINIR,CA1160,Estimado,Modelo estadístico,0.14124155136030309,2.7976428909609477e-05
2026-08,FAW,CAMIONES,SIN DEFINIR,TIGER,Estimado,Modelo estadístico,5.588068879091419,0.0011068570844219785
2026-08,FAW I,CAMIONES,SIN DEFINIR,CA1040,Estimado,Modelo estadístico,0.1545192430824171,3.060640850817564e-05
2026-08,FAW I,CAMIONES,SIN DEFINIR,CA1083,Estimado,Modelo estadístico,0.12633575297825642,2.5023961984968315e-05
2026-08,FAW I,CAMIONES,SIN DEFINIR,JK6,Estimado,Modelo estadístico,0.0814265467842434,1.6128568226025798e-05
2026-08,FAW I,CAMIONES,SIN DEFINIR,WB 2500,Estimado,Modelo estadístico,0.013601792561613738,2.694175892139005e-06
2026-08,FAW I,PASAJEROS,SIN DEFINIR,BESTUNE E05,Estimado,Modelo estadístico,1.0919461476813808,0.00021628729987396625
2026-08,FAW I,SUV,SIN DEFINIR,BESTUNE T33,Estimado,Modelo estadístico,0.013601792561613738,2.694175892139005e-06
2026-08,FAW I,SUV,SIN DEFINIR,BESTUNE T55,Estimado,Modelo estadístico,0.2672532034990598,5.293619460100496e-05
2026-08,FAW I,SUV,SIN DEFINIR,BESTUNE T77,Estimado,Modelo estadístico,0.013601792561613738,2.694175892139005e-06
2026-08,FAW I,SUV,SIN DEFINIR,BESTUNE T99,Estimado,Modelo estadístico,0.29543669360322045,5.8518641124212284e-05
2026-08,FAW I,SUV,SIN DEFINIR,JOYFUL 03,Estimado,Modelo estadístico,2.1702905028011483,0.0004298804238557936
2026-08,FAW I,SUV,SIN DEFINIR,X40,Estimado,Modelo estadístico,0.013601792561613738,2.694175892139005e-06
2026-08,FERRARI,AUTOMOVILES,SD,12CILINDRI,Estimado,Modelo estadístico,0.025550545148965195,5.060925790444802e-06
2026-08,FERRARI,AUTOMOVILES,SD,296 GTB,Estimado,Modelo estadístico,0.025550545148965195,5.060925790444802e-06
2026-08,FERRARI,AUTOMOVILES,SD,458,Estimado,Modelo estadístico,0.012219825940809444,2.420442769343167e-06
2026-08,FERRARI,AUTOMOVILES,SD,812 GTS,Estimado,Modelo estadístico,0.012219825940809444,2.420442769343167e-06
2026-08,FERRARI,AUTOMOVILES,SD,F8,Estimado,Modelo estadístico,0.012219825940809444,2.420442769343167e-06
2026-08,FERRARI,AUTOMOVILES,SD,PORTOFINO,Estimado,Modelo estadístico,0.012219825940809444,2.420442769343167e-06
2026-08,FERRARI,AUTOMOVILES,SD,ROMA,Estimado,Modelo estadístico,0.012219825940809444,2.420442769343167e-06
2026-08,FERRARI,SUV,SIN DEFINIR,PUROSANGUE,Estimado,Modelo estadístico,0.012219825940809444,2.420442769343167e-06
2026-08,FIAT,AUTOMOVILES,HB,500,Estimado,Modelo estadístico,0.01120477723670501,2.2193869353009034e-06
2026-08,FIAT,AUTOMOVILES,HB,500 EV,Estimado,Modelo estadístico,0.01120477723670501,2.2193869353009034e-06
2026-08,FIAT,PANEL,SIN DEFINIR,DUCATO,Estimado,Modelo estadístico,0.9484208817637346,0.00018785852406397215
2026-08,FIAT,PANEL,SIN DEFINIR,FIORINO,Estimado,Modelo estadístico,0.01120477723670501,2.2193869353009034e-06
2026-08,FIAT,PICK-UP,MEDIUM,TITANO,Estimado,Modelo estadístico,0.4781773621962023,9.4715010213535e-05
2026-08,FIAT,SUV,SIN DEFINIR,PULSE,Estimado,Modelo estadístico,0.01120477723670501,2.2193869353009034e-06
2026-08,FORCE,MICROBUS,SIN DEFINIR,URBANIA,Estimado,Modelo estadístico,0.03135870546869887,6.211377500410324e-06
2026-08,FORD,AUTOMOVILES,SD,MACH-E,Estimado,Modelo estadístico,0.8036783691352288,0.00015918864203740197
2026-08,FORD,AUTOMOVILES,SD,MUSTANG,Estimado,Modelo estadístico,0.3730068830178018,7.388336112878106e-05
2026-08,FORD,MICROBUS,SIN DEFINIR,TRANSIT,Estimado,Modelo estadístico,0.3855908680434709,7.63759347310926e-05
2026-08,FORD,PANEL,SIN DEFINIR,E-TRANSIT,Estimado,Modelo estadístico,0.016202523935166174,3.209315917750691e-06
2026-08,FORD,PICK-UP,LARGE,F150,Estimado,Modelo estadístico,1.8440152728569394,0.0003652534377629027
2026-08,FORD,PICK-UP,LARGE,F150 LIGHTNING,Estimado,Modelo estadístico,0.4750614793197253,9.409783152252745e-05
2026-08,FORD,PICK-UP,LARGE,F250,Estimado,Modelo estadístico,0.09255010717456051,1.833186812951949e-05
2026-08,FORD,PICK-UP,LARGE,F350,Estimado,Modelo estadístico,0.33796979708239955,6.694338819283415e-05
2026-08,FORD,PICK-UP,LARGE,F450,Estimado,Modelo estadístico,0.016202523935166174,3.209315917750691e-06
2026-08,FORD,PICK-UP,LARGE,F550,Estimado,Modelo estadístico,2.8410631037927563,0.0005627437477531962
2026-08,FORD,PICK-UP,MEDIUM,MAVERICK,Estimado,Modelo estadístico,0.016202523935166174,3.209315917750691e-06
2026-08,FORD,PICK-UP,MEDIUM,RANGER,Estimado,Modelo estadístico,12.911633863730115,0.002557472665916042
2026-08,FORD,SUV,LARGE,EXPEDITION,Estimado,Modelo estadístico,2.6392412241847913,0.0005227678666270213
2026-08,FORD,SUV,LARGE,EXPLORER,Estimado,Modelo estadístico,1.526814410821886,0.0003024238576476799
2026-08,FORD,SUV,MEDIUM,BRONCO,Estimado,Modelo estadístico,1.1279260984870652,0.00022341403082666366
2026-08,FORD,SUV,SIN DEFINIR,BRONCO SPORT,Estimado,Modelo estadístico,4.847807781943784,0.0009602298224056468
2026-08,FORD,SUV,SIN DEFINIR,EDGE,Estimado,Modelo estadístico,0.016202523935166174,3.209315917750691e-06
2026-08,FORD,SUV,SIN DEFINIR,EDGE HV,Estimado,Modelo estadístico,2.7647155205533616,0.0005476211955414272
2026-08,FORD,SUV,SIN DEFINIR,ESCAPE,Estimado,Modelo estadístico,0.016202523935166174,3.209315917750691e-06
2026-08,FORD,SUV,SIN DEFINIR,TERRITORY,Estimado,Modelo estadístico,10.225712400640635,0.0020254586081177753
2026-08,FORD,SUV,SMALL,EVEREST,Estimado,Modelo estadístico,12.02712722000825,0.0023822739584546844
2026-08,FORLAND,CAMIONES,SIN DEFINIR,F200 PRO,Estimado,Modelo estadístico,6.0388209835517,0.001196139835034941
2026-08,FORLAND,CAMIONES,SIN DEFINIR,F2000,Estimado,Modelo estadístico,0.016424832444197863,3.253349689250841e-06
2026-08,FORLAND,CAMIONES,SIN DEFINIR,F2500,Estimado,Modelo estadístico,5.662915320114367,0.001121682297797568
2026-08,FORLAND,CAMIONES,SIN DEFINIR,F300 PRO,Estimado,Modelo estadístico,2.0095721655606416,0.0003980461293937504
2026-08,FORLAND,CAMIONES,SIN DEFINIR,F4000,Estimado,Modelo estadístico,3.9596332133896057,0.0007843045905091729
2026-08,FORLAND,CAMIONES,SIN DEFINIR,F4500,Estimado,Modelo estadístico,0.41245560963475286,8.169717006209142e-05
2026-08,FORLAND,CAMIONES,SIN DEFINIR,F5000,Estimado,Modelo estadístico,2.411425438457792,0.00047764324095918444
2026-08,FORLAND,CAMIONES,SIN DEFINIR,F6000,Estimado,Modelo estadístico,2.710887247998116,0.0005369591571684038
2026-08,FORLAND,CAMIONES,SIN DEFINIR,X4000,Estimado,Modelo estadístico,1.596264496808043,0.0003161801876698668
2026-08,FORLAND,CAMIONES,[3] MEDIANO [MD],V3000 L5E D90,Estimado,Modelo estadístico,0.6035905037432571,0.0001195562258829353
2026-08,FORLAND,CAMIONES,[4] PESADO [HD],V6000 L7 D120,Estimado,Modelo estadístico,0.8645530243206166,0.00017124639308012838
2026-08,FOTON,BUSETAS,SIN DEFINIR,BJ6750,Estimado,Modelo estadístico,0.10038934680662187,1.9884625998287825e-05
2026-08,FOTON,BUSETAS,SIN DEFINIR,H7,Estimado,Modelo estadístico,0.22993976237059607,4.554533247120285e-05
2026-08,FOTON,CAMIONES,SIN DEFINIR,5045XXY,Estimado,Modelo estadístico,0.018790202601926667,3.721870527667591e-06
2026-08,FOTON,CAMIONES,[2] LIVIANO [LD],V1,Estimado,Modelo estadístico,0.10038934680662187,1.9884625998287825e-05
2026-08,FOTON,MICROBUS,SIN DEFINIR,BJ6608,Estimado,Modelo estadístico,0.34518677942070747,6.837289241014852e-05
2026-08,FOTON,MICROBUS,SIN DEFINIR,GRAND EVIEW,Estimado,Modelo estadístico,0.8405030040544238,0.00016648268384745766
2026-08,FOTON,MICROBUS,SIN DEFINIR,TOANO,Estimado,Modelo estadístico,1.5352157015366719,0.00030408794381897656
2026-08,FOTON,MICROBUS,SIN DEFINIR,VIEW,Estimado,Modelo estadístico,7.804834056084336,0.0015459429822059542
2026-08,FOTON,PANEL,SIN DEFINIR,CLW5030,Estimado,Modelo estadístico,0.018790202601926667,3.721870527667591e-06
2026-08,FOTON,PANEL,SIN DEFINIR,VIEW I7,Estimado,Modelo estadístico,3.508260657090442,0.0006948989438603399
2026-08,FOTON,PICK-UP,MEDIUM,TUNLAND,Estimado,Modelo estadístico,14.78414488054017,0.002928370399902349
2026-08,FOTON I,CAMIONES,SIN DEFINIR,AUMAN,Estimado,Modelo estadístico,3.1203482948204333,0.0006180631790185802
2026-08,FOTON I,CAMIONES,SIN DEFINIR,AUMARK,Estimado,Modelo estadístico,8.347183654942029,0.0016533689121144381
2026-08,FOTON I,CAMIONES,SIN DEFINIR,BJ 1030,Estimado,Modelo estadístico,0.015581909880271869,3.086387750934089e-06
2026-08,FOTON I,CAMIONES,SIN DEFINIR,BJ 1040,Estimado,Modelo estadístico,0.015581909880271869,3.086387750934089e-06
2026-08,FOTON I,CAMIONES,SIN DEFINIR,BJ 1186,Estimado,Modelo estadístico,0.3182191512095829,6.303127780564233e-05
2026-08,FOTON I,CAMIONES,SIN DEFINIR,BJ 4269,Estimado,Modelo estadístico,0.03686317349836243,7.301675341477384e-06
2026-08,FOTON I,CAMIONES,SIN DEFINIR,E WONDER,Estimado,Modelo estadístico,0.015581909880271869,3.086387750934089e-06
2026-08,FOTON I,CAMIONES,SIN DEFINIR,EST-A,Estimado,Modelo estadístico,0.015581909880271869,3.086387750934089e-06
2026-08,FOTON I,CAMIONES,SIN DEFINIR,EV LDT-6T,Estimado,Modelo estadístico,0.015581909880271869,3.086387750934089e-06
2026-08,FOTON I,CAMIONES,SIN DEFINIR,M2,Estimado,Modelo estadístico,0.1054065150286773,2.0878401900209384e-05
2026-08,FOTON I,CAMIONES,SIN DEFINIR,MILER,Estimado,Modelo estadístico,1.9772264260411019,0.0003916392450634536
2026-08,FOTON I,CAMIONES,SIN DEFINIR,PT,Estimado,Modelo estadístico,0.1007069643526341,1.9947538113107266e-05
2026-08,FOTON I,CAMIONES,SIN DEFINIR,TM,Estimado,Modelo estadístico,4.231776724065281,0.000838209433002778
2026-08,FOTON I,CAMIONES,SIN DEFINIR,WONDER,Estimado,Modelo estadístico,0.34889951617975984,6.910829297038985e-05
2026-08,FOTON I,MICROBUS,SIN DEFINIR,BJ 6946,Estimado,Modelo estadístico,0.19523112017708275,3.867041604948468e-05
2026-08,FOTON I,MICROBUS,SIN DEFINIR,BJ6608,Estimado,Modelo estadístico,0.015581909880271869,3.086387750934089e-06
2026-08,FOTON I,MICROBUS,SIN DEFINIR,BJ6816,Estimado,Modelo estadístico,0.8240033562159208,0.00016321451509441174
2026-08,FOTON II,CAMIONES,SIN DEFINIR,AUMAN,Estimado,Modelo estadístico,1.695316649257645,0.00033579994881424155
2026-08,FOTON II,CAMIONES,SIN DEFINIR,AUMARK,Estimado,Modelo estadístico,0.6793965598148615,0.00013457151506787957
2026-08,FOTON II,CAMIONES,[2] LIVIANO [LD],BJ 1044,Estimado,Modelo estadístico,3.4731768057825154,0.0006879497078703749
2026-08,FOTON II,CAMIONES,[3] MEDIANO [MD],BJ 1065,Estimado,Modelo estadístico,2.254072698451176,0.00044647558737474064
2026-08,FOTON II,CAMIONES,[4] PESADO [HD],BJ 1108,Estimado,Modelo estadístico,2.4572567163397325,0.000486721274124013
2026-08,FOTON II,CAMIONES,[4] PESADO [HD],BJ3259DLPKB-1,Estimado,Modelo estadístico,0.6793965598148615,0.00013457151506787957
2026-08,FOTON II,CAMIONES,[4] PESADO [HD],BJ3319DMPKC-AB,Estimado,Modelo estadístico,3.4731768057825154,0.0006879497078703749
2026-08,FREIGHTLINER,CAMIONES,SIN DEFINIR,108 SD,Estimado,Modelo estadístico,0.1182849097701843,2.342929072496157e-05
2026-08,FREIGHTLINER,CAMIONES,SIN DEFINIR,114 SD,Estimado,Modelo estadístico,1.1996441002623854,0.0002376195784072633
2026-08,FREIGHTLINER,CAMIONES,SIN DEFINIR,CASCADIA,Estimado,Modelo estadístico,0.3089078177540708,6.118693486291098e-05
2026-08,FREIGHTLINER,CAMIONES,SIN DEFINIR,M2 106,Estimado,Modelo estadístico,2.132497766567023,0.0004223946253186728
2026-08,FREIGHTLINER,CAMIONES,SIN DEFINIR,M2 112,Estimado,Modelo estadístico,0.016201277326409354,3.2090689956450683e-06
2026-08,FUSO,CAMIONES,SIN DEFINIR,CANTER,Estimado,Modelo estadístico,18.549993463157826,0.003674291087839279
2026-08,GAC,PASAJEROS,SIN DEFINIR,M6,Estimado,Modelo estadístico,0.5666966587668493,0.00011224847528657134
2026-08,GAC,PICK-UP,MEDIUM,01,Estimado,Modelo estadístico,0.07326813307477985,1.4512589932387914e-05
2026-08,GAC,SUV,MEDIUM,GS8,Estimado,Modelo estadístico,0.7775610123623987,0.00015401544499995176
2026-08,GAC,SUV,SIN DEFINIR,EMKOO,Estimado,Modelo estadístico,0.3809405647073391,7.545482561385038e-05
2026-08,GAC,SUV,SIN DEFINIR,EMZOOM,Estimado,Modelo estadístico,1.6470359171986013,0.0003262367398637247
2026-08,GAC,SUV,SIN DEFINIR,GS3,Estimado,Modelo estadístico,0.2654725885130121,5.258349917892288e-05
2026-08,GAC,SUV,SIN DEFINIR,GS4,Estimado,Modelo estadístico,1.3831773223246553,0.00027397293257340694
2026-08,GAZ,MICROBUS,SIN DEFINIR,SOBOL,Estimado,Modelo estadístico,0.3523536283212399,6.979246644371448e-05
2026-08,GEELY,AUTOMOVILES,HB,PANDA MINI EV,Estimado,Modelo estadístico,0.015507712355288028,3.071691071642567e-06
2026-08,GEELY,CAMIONES,SIN DEFINIR,FARIZON E200,Estimado,Modelo estadístico,0.015507712355288028,3.071691071642567e-06
2026-08,GEELY,CAMIONES,SIN DEFINIR,FARIZON F1E,Estimado,Modelo estadístico,0.2689893211841681,5.3280076217486544e-05
2026-08,GEELY,CAMIONES,SIN DEFINIR,FARIZON H9E,Estimado,Modelo estadístico,0.15365946933071367,3.043610876981098e-05
2026-08,GEELY,CAMIONES,SIN DEFINIR,FARIZON LE17,Estimado,Modelo estadístico,1.029434147670808,0.00020390523165501843
2026-08,GEELY,CAMIONES,SIN DEFINIR,FENGRUI F3E,Estimado,Modelo estadístico,0.2978407281283024,5.899482040955328e-05
2026-08,GEELY,PANEL,SIN DEFINIR,FARIZON E6,Estimado,Modelo estadístico,0.015507712355288028,3.071691071642567e-06
2026-08,GEELY,PANEL,SIN DEFINIR,FARIZON V5E,Estimado,Modelo estadístico,0.2689893211841681,5.3280076217486544e-05
2026-08,GEELY,PANEL,SIN DEFINIR,FARIZON V6E,Estimado,Modelo estadístico,4.139156803350538,0.0008198637365520242
2026-08,GEELY,PANEL,SIN DEFINIR,FARIZON V7E,Estimado,Modelo estadístico,0.1844954515745414,3.654394783553855e-05
2026-08,GEELY,PICK-UP,MEDIUM,RIDDARA RD6,Estimado,Modelo estadístico,21.24289583731805,0.004207687890024123
2026-08,GEELY,SUV,LARGE,M9,Estimado,Modelo estadístico,0.35348319079379475,7.001620459943454e-05
2026-08,GEELY,SUV,SIN DEFINIR,ASKARRA,Estimado,Modelo estadístico,5.097501996269548,0.0010096880191540355
2026-08,GEELY,SUV,SIN DEFINIR,CITRAY,Estimado,Modelo estadístico,0.43797706040342144,8.675233298138252e-05
2026-08,GEELY,SUV,SIN DEFINIR,COOLRAY,Estimado,Modelo estadístico,61.343797468199924,0.01215067642903929
2026-08,GEELY,SUV,SIN DEFINIR,EX3,Estimado,Modelo estadístico,0.015507712355288028,3.071691071642567e-06
2026-08,GEELY,SUV,SIN DEFINIR,EX5,Estimado,Modelo estadístico,97.6293835625146,0.019337946110193623
2026-08,GEELY,SUV,SIN DEFINIR,GEOME,Estimado,Modelo estadístico,68.50312565557273,0.013568760796886953
2026-08,GEELY,SUV,SIN DEFINIR,GEOMETRY C,Estimado,Modelo estadístico,1.4271727912203602,0.0002826873377611962
2026-08,GEELY,SUV,SIN DEFINIR,GEOMETRY E,Estimado,Modelo estadístico,3.9681699331774904,0.0007859955018023927
2026-08,GEELY,SUV,SIN DEFINIR,GX3,Estimado,Modelo estadístico,57.85664971151116,0.011459959424215122
2026-08,GEELY,SUV,SIN DEFINIR,STARRAY,Estimado,Modelo estadístico,22.09241495957463,0.004375956442034978
2026-08,GEELY,SUV,SMALL,OKAVANGO,Estimado,Modelo estadístico,11.2528878450943,0.0022289164469951462
2026-08,GMC,PICK-UP,LARGE,SIERRA,Estimado,Modelo estadístico,0.038198930859045,7.566255562253171e-06
2026-08,GMC,PICK-UP,MEDIUM,HUMMER,Estimado,Modelo estadístico,0.007639786171809002,1.5132511124506345e-06
2026-08,GOLDEN DRAGON,BUS,SIN DEFINIR,XML6122C,Estimado,Modelo estadístico,0.3544499126794917,7.020768809597e-05
2026-08,GOLDEN DRAGON,BUSETAS,SIN DEFINIR,XML SERIES,Estimado,Modelo estadístico,1.0929626639792278,0.0002164886464017287
2026-08,GREATWALL,AUTOMOVILES,HB,ORA3,Estimado,Modelo estadístico,0.5128880999357358,0.00010159034171065906
2026-08,GREATWALL,PICK-UP,MEDIUM,POER,Estimado,Modelo estadístico,25.013133650372914,0.0049544779750479
2026-08,GREATWALL,PICK-UP,MEDIUM,WINGLE,Estimado,Modelo estadístico,4.475013799280275,0.0008863886315275416
2026-08,GREATWALL I,SUV,LARGE,TANK 500,Estimado,Modelo estadístico,2.391773221970616,0.0004737506269785633
2026-08,GREATWALL I,SUV,SIN DEFINIR,ORA GOOD CAT,Estimado,Modelo estadístico,1.1044910767765888,0.00021877213747046703
2026-08,GREATWALL I,SUV,SMALL,TANK 300,Estimado,Modelo estadístico,2.9980734110160605,0.0005938435739431772
2026-08,GREATWALL I,SUV,SMALL,TANK 300 HEV,Estimado,Modelo estadístico,0.22558508996740864,4.4682780469054195e-05
2026-08,GROVE,CAMIONES,[4] PESADO [HD],TMC250,Estimado,Modelo estadístico,0.04583871703085401,9.079506674703806e-06
2026-08,HAVAL,SUV,MEDIUM,H9,Estimado,Modelo estadístico,2.189139966238989,0.0004336140324771532
2026-08,HAVAL,SUV,SIN DEFINIR,H6,Estimado,Modelo estadístico,5.18670393460154,0.001027356698535631
2026-08,HAVAL,SUV,SIN DEFINIR,JOLION,Estimado,Modelo estadístico,6.980634519308636,0.001382689608635186
2026-08,HAVAL,SUV,SMALL,H7,Estimado,Modelo estadístico,1.3467213701032101,0.000266751917611219
2026-08,HENGWANG,CAMIONES,[4] PESADO [HD],HWQY16T-3,Estimado,Modelo estadístico,0.04583871703085401,9.079506674703806e-06
2026-08,HIGER,BUS,SIN DEFINIR,KLQ6126G,Estimado,Modelo estadístico,0.18656359881466072,3.695359622640199e-05
2026-08,HIGER,BUS,SIN DEFINIR,KLQ6136G,Estimado,Modelo estadístico,0.18656359881466072,3.695359622640199e-05
2026-08,HIGER,BUSETAS,SIN DEFINIR,KLQ6540,Estimado,Modelo estadístico,1.6241848855777232,0.0003217105203801825
2026-08,HIGER,BUSETAS,SIN DEFINIR,KLQ6600,Estimado,Modelo estadístico,2.0095290229957428,0.00039803758392757395
2026-08,HIGER,BUSETAS,SIN DEFINIR,KLQ6886,Estimado,Modelo estadístico,0.1023279007875005,2.026860519641446e-05
2026-08,HINO,CAMIONES,SIN DEFINIR,FC9JJSA,Estimado,Modelo estadístico,1.8422823702662714,0.00036491019297644865
2026-08,HINO,CAMIONES,SIN DEFINIR,FG8JM7A,Estimado,Modelo estadístico,0.015217947919028696,3.0142959632380814e-06
2026-08,HINO,CAMIONES,SIN DEFINIR,FG8JP7A,Estimado,Modelo estadístico,3.6195459004644888,0.0007169417752365014
2026-08,HINO,CAMIONES,SIN DEFINIR,FM8JR7A,Estimado,Modelo estadístico,1.427859255287433,0.0002828233091731957
2026-08,HINO,CAMIONES,SIN DEFINIR,GD8JLSA,Estimado,Modelo estadístico,1.815477326759439,0.00035960078234717225
2026-08,HINO,CAMIONES,SIN DEFINIR,GH8JM7A,Estimado,Modelo estadístico,0.854587410205734,0.00016927245345584318
2026-08,HINO,CAMIONES,SIN DEFINIR,LY230L,Estimado,Modelo estadístico,12.102174961967028,0.0023971390445254297
2026-08,HINO,CAMIONES,SIN DEFINIR,SH1EEVA,Estimado,Modelo estadístico,0.015217947919028696,3.0142959632380814e-06
2026-08,HINO,CAMIONES,SIN DEFINIR,SS1EKVA,Estimado,Modelo estadístico,0.28798481603660875,5.7042610020209416e-05
2026-08,HINO,CAMIONES,SIN DEFINIR,WU600L,Estimado,Modelo estadístico,0.015217947919028696,3.0142959632380814e-06
2026-08,HINO,CAMIONES,SIN DEFINIR,WU650L,Estimado,Modelo estadístico,0.015217947919028696,3.0142959632380814e-06
2026-08,HINO,CAMIONES,SIN DEFINIR,XZU600L,Estimado,Modelo estadístico,15.787007618136613,0.0031270124978844925
2026-08,HINO,CAMIONES,SIN DEFINIR,XZU650L,Estimado,Modelo estadístico,2.647658182173403,0.0005244350560945376
2026-08,HINO,CAMIONES,SIN DEFINIR,XZU710L,Estimado,Modelo estadístico,7.532131579358794,0.0014919274224778924
2026-08,HINO,CAMIONES,SIN DEFINIR,XZU720L,Estimado,Modelo estadístico,3.078882464290212,0.0006098498321044887
2026-08,HINO,CAMIONES,SIN DEFINIR,XZU730L,Estimado,Modelo estadístico,6.096494423348197,0.0012075635051440536
2026-08,HONDA,AUTOMOVILES,HB,CIVIC,Estimado,Modelo estadístico,0.4287097654549692,8.491671296862595e-05
2026-08,HONDA,AUTOMOVILES,SD,ACCORD,Estimado,Modelo estadístico,0.013478027730018742,2.669661165564001e-06
2026-08,HONDA,AUTOMOVILES,SD,CITY,Estimado,Modelo estadístico,0.013478027730018742,2.669661165564001e-06
2026-08,HONDA,AUTOMOVILES,SD,CIVIC,Estimado,Modelo estadístico,0.12284008725602392,2.4331557783598984e-05
2026-08,HONDA,PASAJEROS,SIN DEFINIR,ODYSSEY,Estimado,Modelo estadístico,0.37758964160368524,7.47910913154937e-05
2026-08,HONDA,PICK-UP,MEDIUM,RIDGELINE,Estimado,Modelo estadístico,0.44323707740476326,8.779421117008909e-05
2026-08,HONDA,SUV,MEDIUM,PILOT,Estimado,Modelo estadístico,6.354460682863535,0.0012586601877484411
2026-08,HONDA,SUV,SIN DEFINIR,BR-V,Estimado,Modelo estadístico,0.7709640674661721,0.00015270875473683584
2026-08,HONDA,SUV,SIN DEFINIR,CR-V,Estimado,Modelo estadístico,21.15160364635685,0.004189605183725371
2026-08,HONDA,SUV,SIN DEFINIR,CR-V HEV,Estimado,Modelo estadístico,1.2878686762878515,0.00025509466669031795
2026-08,HONDA,SUV,SIN DEFINIR,ENP1,Estimado,Modelo estadístico,0.06815905749302134,1.3500609474581495e-05
2026-08,HONDA,SUV,SIN DEFINIR,ENP2,Estimado,Modelo estadístico,0.46501888905353955,9.210864484237288e-05
2026-08,HONDA,SUV,SIN DEFINIR,HR-V,Estimado,Modelo estadístico,10.01451610437047,0.001983625888838853
2026-08,HONDA,SUV,SIN DEFINIR,NS-1,Estimado,Modelo estadístico,0.7018312259670627,0.00013901526293579123
2026-08,HUANGHAI,PICK-UP,LARGE,N7,Estimado,Modelo estadístico,0.056752697276295436,1.1241293978204711e-05
2026-08,HUANGHAI,PICK-UP,MEDIUM,N2,Estimado,Modelo estadístico,0.19645164441794574,3.891217146301631e-05
2026-08,HUANGHAI,PICK-UP,MEDIUM,N3,Estimado,Modelo estadístico,0.021827960490882856,4.323574607001811e-06
2026-08,HYCAN,AUTOMOVILES,SD,A06 PLUS,Estimado,Modelo estadístico,0.06222703790401356,1.2325624332291911e-05
2026-08,HYCAN,SUV,SIN DEFINIR,Z03,Estimado,Modelo estadístico,0.16142956209881773,3.1975170369279006e-05
2026-08,HYPER,AUTOMOVILES,SD,GT560,Estimado,Modelo estadístico,0.22406084138372037,4.438086483777267e-05
2026-08,HYPER,AUTOMOVILES,SD,SSR,Estimado,Modelo estadístico,0.1721368159044548,3.409601032059337e-05
2026-08,HYPER,SUV,MEDIUM,HT,Estimado,Modelo estadístico,3.4375262239309343,0.0006808882166933721
2026-08,HYUNDAI,AUTOMOVILES,HB,I10 HB,Estimado,Modelo estadístico,19.75427351415104,0.003912828932470613
2026-08,HYUNDAI,AUTOMOVILES,HB,I20 HB,Estimado,Modelo estadístico,0.014128218609057962,2.7984477636290074e-06
2026-08,HYUNDAI,AUTOMOVILES,SD,ACCENT,Estimado,Modelo estadístico,7.356880933777576,0.0014572146401539501
2026-08,HYUNDAI,AUTOMOVILES,SD,ELANTRA,Estimado,Modelo estadístico,0.014128218609057962,2.7984477636290074e-06
2026-08,HYUNDAI,AUTOMOVILES,SD,I10 SD,Estimado,Modelo estadístico,17.95469580665383,0.0035563774681796043
2026-08,HYUNDAI,AUTOMOVILES,SD,IONIQ 6,Estimado,Modelo estadístico,0.014128218609057962,2.7984477636290074e-06
2026-08,HYUNDAI,AUTOMOVILES,SD,IONIQ EV,Estimado,Modelo estadístico,0.014128218609057962,2.7984477636290074e-06
2026-08,HYUNDAI,AUTOMOVILES,SD,VERNA,Estimado,Modelo estadístico,0.014128218609057962,2.7984477636290074e-06
2026-08,HYUNDAI,BUSETAS,SIN DEFINIR,COUNTY,Estimado,Modelo estadístico,3.1926389630559653,0.0006323821575432521
2026-08,HYUNDAI,CAMIONES,SIN DEFINIR,EX6 MIGHTY,Estimado,Modelo estadístico,1.4229413180606443,0.0002818491884567204
2026-08,HYUNDAI,CAMIONES,SIN DEFINIR,EX8 MIGHTY,Estimado,Modelo estadístico,0.014128218609057962,2.7984477636290074e-06
2026-08,HYUNDAI,CAMIONES,SIN DEFINIR,EX9 MIGHTY,Estimado,Modelo estadístico,1.2992951216490183,0.0002573579605529062
2026-08,HYUNDAI,CAMIONES,SIN DEFINIR,H100,Estimado,Modelo estadístico,6.535710565313066,0.0012945612692813755
2026-08,HYUNDAI,CAMIONES,SIN DEFINIR,HD36,Estimado,Modelo estadístico,0.014128218609057962,2.7984477636290074e-06
2026-08,HYUNDAI,MICROBUS,SIN DEFINIR,STARIA,Estimado,Modelo estadístico,14.101787726862016,0.0027932124650242303
2026-08,HYUNDAI,PANEL,SIN DEFINIR,STARIA,Estimado,Modelo estadístico,2.306827540023916,0.0004569250058403628
2026-08,HYUNDAI,PASAJEROS,SIN DEFINIR,STARGAZER,Estimado,Modelo estadístico,0.8143617794973836,0.00016130475919719274
2026-08,HYUNDAI,SUV,MEDIUM,PALISADE,Estimado,Modelo estadístico,0.8505548849171778,0.00016847371076309474
2026-08,HYUNDAI,SUV,MEDIUM,PALISADE HV,Estimado,Modelo estadístico,1.1123861751040798,0.0002203359595537432
2026-08,HYUNDAI,SUV,SIN DEFINIR,CRETA,Estimado,Modelo estadístico,48.87418938872317,0.009680758047328413
2026-08,HYUNDAI,SUV,SIN DEFINIR,CRETA GRAND,Estimado,Modelo estadístico,13.156286738230254,0.002605932298970656
2026-08,HYUNDAI,SUV,SIN DEFINIR,IONIQ 5,Estimado,Modelo estadístico,0.3549330475394485,7.030338506285516e-05
2026-08,HYUNDAI,SUV,SIN DEFINIR,KONA,Estimado,Modelo estadístico,13.579082181892392,0.002689677532289051
2026-08,HYUNDAI,SUV,SIN DEFINIR,SANTA FE,Estimado,Modelo estadístico,7.091781802417777,0.0014047051135234524
2026-08,HYUNDAI,SUV,SIN DEFINIR,TUCSON,Estimado,Modelo estadístico,82.22593085828234,0.016286906275299804
2026-08,HYUNDAI,SUV,SIN DEFINIR,TUCSON HEV,Estimado,Modelo estadístico,0.014128218609057962,2.7984477636290074e-06
2026-08,HYUNDAI,SUV,SIN DEFINIR,VENUE,Estimado,Modelo estadístico,34.43713417957753,0.006821137455280114
2026-08,IM,SUV,SIN DEFINIR,LS6,Estimado,Modelo estadístico,0.03921486494169675,7.767486767705252e-06
2026-08,IM,SUV,SIN DEFINIR,LS7,Estimado,Modelo estadístico,0.027148752651943903,5.3774908391805596e-06
2026-08,INEOS,SUV,MEDIUM,GRENADIER,Estimado,Modelo estadístico,0.010452901822899622,2.070459166803441e-06
2026-08,INTERNATIONAL,CAMIONES,SIN DEFINIR,SERIE HV,Estimado,Modelo estadístico,2.607326918165496,0.0005164464385136278
2026-08,INTERNATIONAL,CAMIONES,SIN DEFINIR,SERIE HX,Estimado,Modelo estadístico,0.07631974060467314,1.5117037280196382e-05
2026-08,INTERNATIONAL,CAMIONES,SIN DEFINIR,SERIE LT,Estimado,Modelo estadístico,0.015812112886767378,3.131985225501407e-06
2026-08,INTERNATIONAL,CAMIONES,SIN DEFINIR,SERIE MV,Estimado,Modelo estadístico,0.015812112886767378,3.131985225501407e-06
2026-08,INTERNATIONAL,CAMIONES,SIN DEFINIR,SERIE PROSTAR,Estimado,Modelo estadístico,0.45716790282375636,9.055356026554357e-05
2026-08,ISUZU,BUSETAS,SIN DEFINIR,B700,Estimado,Modelo estadístico,0.01558843208516997,3.0876796370675126e-06
2026-08,ISUZU,CAMIONES,SIN DEFINIR,ELF,Estimado,Modelo estadístico,0.973354138423766,0.00019279718039928102
2026-08,ISUZU,CAMIONES,SIN DEFINIR,ELF EV,Estimado,Modelo estadístico,0.01558843208516997,3.0876796370675126e-06
2026-08,ISUZU,CAMIONES,SIN DEFINIR,FRR,Estimado,Modelo estadístico,5.175788388089954,0.0010251946009938678
2026-08,ISUZU,CAMIONES,SIN DEFINIR,FTR,Estimado,Modelo estadístico,2.6406079725443576,0.0005230385853917932
2026-08,ISUZU,CAMIONES,SIN DEFINIR,FVR,Estimado,Modelo estadístico,3.007628454658816,0.0005957361897961272
2026-08,ISUZU,CAMIONES,SIN DEFINIR,FVZ,Estimado,Modelo estadístico,3.031723381705277,0.0006005087939420415
2026-08,ISUZU,CAMIONES,SIN DEFINIR,FXR,Estimado,Modelo estadístico,0.19485310522467728,3.8595540714706156e-05
2026-08,ISUZU,CAMIONES,SIN DEFINIR,GIGA,Estimado,Modelo estadístico,0.46513097152305277,9.213084558436524e-05
2026-08,ISUZU,CAMIONES,SIN DEFINIR,KV100,Estimado,Modelo estadístico,0.10568105418462848,2.0932781260287206e-05
2026-08,ISUZU,CAMIONES,SIN DEFINIR,KV600,Estimado,Modelo estadístico,0.0389687843729776,7.718744344031036e-06
2026-08,ISUZU,CAMIONES,SIN DEFINIR,M100,Estimado,Modelo estadístico,0.4261484121103912,8.440937274850772e-05
2026-08,ISUZU,CAMIONES,SIN DEFINIR,M600,Estimado,Modelo estadístico,0.9866557099431777,0.00019543188999015498
2026-08,ISUZU,CAMIONES,SIN DEFINIR,NKR - ELF,Estimado,Modelo estadístico,0.33605579001093266,6.656427112528803e-05
2026-08,ISUZU,CAMIONES,SIN DEFINIR,NLR,Estimado,Modelo estadístico,12.370977235088441,0.0024503820711864652
2026-08,ISUZU,CAMIONES,SIN DEFINIR,NMR,Estimado,Modelo estadístico,11.144980800871044,0.002207542752622044
2026-08,ISUZU,CAMIONES,SIN DEFINIR,NPR,Estimado,Modelo estadístico,4.620804516613625,0.000915266136765025
2026-08,ISUZU,CAMIONES,SIN DEFINIR,NPS,Estimado,Modelo estadístico,6.662650981710872,0.0013197050000100905
2026-08,ISUZU,CAMIONES,SIN DEFINIR,NQR,Estimado,Modelo estadístico,16.778262144017162,0.0033233552986222364
2026-08,ISUZU,CAMIONES,SIN DEFINIR,NZR,Estimado,Modelo estadístico,4.186564770315783,0.0008292540725032978
2026-08,ISUZU,CAMIONES,SIN DEFINIR,NZS,Estimado,Modelo estadístico,0.1290614064724361,2.556384596725073e-05
2026-08,ISUZU,CAMIONES,SIN DEFINIR,QKR77,Estimado,Modelo estadístico,0.01558843208516997,3.0876796370675126e-06
2026-08,ISUZU,CAMIONES,SIN DEFINIR,QLR77,Estimado,Modelo estadístico,22.436814066541185,0.004444173316175677
2026-08,ISUZU,PICK-UP,MEDIUM,D-MAX,Estimado,Modelo estadístico,82.90474242565912,0.016421361917954794
2026-08,ISUZU,SUV,SMALL,MU-X,Estimado,Modelo estadístico,9.664517871953212,0.001914299967582635
2026-08,IVECO,BUS,SIN DEFINIR,GRAN V,Estimado,Modelo estadístico,0.6226410200228879,0.00012332965805820836
2026-08,IVECO,BUSETAS,SIN DEFINIR,GRAN MICRO S3,Estimado,Modelo estadístico,0.0864111223063366,1.71158883269123e-05
2026-08,IVECO,CAMIONES,SIN DEFINIR,AD380T42H,Estimado,Modelo estadístico,0.018833868420617336,3.73051963737089e-06
2026-08,IVECO,CAMIONES,SIN DEFINIR,DAILY,Estimado,Modelo estadístico,0.3920884928049861,7.766295215246128e-05
2026-08,IVECO,CAMIONES,SIN DEFINIR,EUROCARGO ML11,Estimado,Modelo estadístico,0.8072059095315471,0.00015988735981678704
2026-08,IVECO,CAMIONES,SIN DEFINIR,EUROCARGO ML15,Estimado,Modelo estadístico,0.26035672906152557,5.157017500570588e-05
2026-08,IVECO,CAMIONES,SIN DEFINIR,EUROCARGO ML16,Estimado,Modelo estadístico,0.648706532235951,0.00012849258598131717
2026-08,IVECO,CAMIONES,SIN DEFINIR,ML 150 E24,Estimado,Modelo estadístico,0.018833868420617336,3.73051963737089e-06
2026-08,IVECO,CAMIONES,SIN DEFINIR,ML 180 E28,Estimado,Modelo estadístico,0.09808355706841537,1.9427906555105814e-05
2026-08,IVECO,CAMIONES,SIN DEFINIR,S WAY,Estimado,Modelo estadístico,0.018833868420617336,3.73051963737089e-06
2026-08,IVECO,CAMIONES,SIN DEFINIR,T WAY,Estimado,Modelo estadístico,2.379123045047284,0.00047124494241208067
2026-08,IVECO,CAMIONES,SIN DEFINIR,TECTOR,Estimado,Modelo estadístico,0.9042714196583075,0.00017911361666176468
2026-08,IVECO,CAMIONES,SIN DEFINIR,TRAKKER,Estimado,Modelo estadístico,0.018833868420617336,3.73051963737089e-06
2026-08,IVECO,MICROBUS,SIN DEFINIR,DAILY,Estimado,Modelo estadístico,0.26035672906152557,5.157017500570588e-05
2026-08,IVECO,PANEL,SIN DEFINIR,DAILY,Estimado,Modelo estadístico,0.7299747622335824,0.0001445897956001683
2026-08,JAC,AUTOMOVILES,HB,E-JS1,Estimado,Modelo estadístico,1.7176480060325032,0.00034022323367092816
2026-08,JAC,AUTOMOVILES,HB,E30X,Estimado,Modelo estadístico,2.934483028050878,0.0005812479049546512
2026-08,JAC,AUTOMOVILES,SD,E-J7,Estimado,Modelo estadístico,0.014213010283158222,2.815242879653621e-06
2026-08,JAC,MICROBUS,SIN DEFINIR,M4,Estimado,Modelo estadístico,0.6803437935583407,0.00013475913844945538
2026-08,JAC,PASAJEROS,SIN DEFINIR,RF8,Estimado,Modelo estadístico,0.04516436331551068,8.945934021362532e-06
2026-08,JAC,PICK-UP,MEDIUM,T8,Estimado,Modelo estadístico,9.311893213549347,0.001844453816838756
2026-08,JAC,PICK-UP,MEDIUM,T8 BEV,Estimado,Modelo estadístico,0.04516436331551068,8.945934021362532e-06
2026-08,JAC,PICK-UP,MEDIUM,T9,Estimado,Modelo estadístico,6.543482523017382,0.0012961007002781975
2026-08,JAC,SUV,MEDIUM,JS8,Estimado,Modelo estadístico,0.7396870639922435,0.0001465135603640282
2026-08,JAC,SUV,SIN DEFINIR,E-JS4,Estimado,Modelo estadístico,0.6461324441901732,0.00012798272333448124
2026-08,JAC,SUV,SIN DEFINIR,JS2,Estimado,Modelo estadístico,11.034858949472458,0.002185730360182456
2026-08,JAC,SUV,SIN DEFINIR,JS3,Estimado,Modelo estadístico,0.5741379553114877,0.0001137224105540008
2026-08,JAC,SUV,SIN DEFINIR,JS4,Estimado,Modelo estadístico,0.6464704464853782,0.0001280496731597417
2026-08,JAC,SUV,SIN DEFINIR,JS5,Estimado,Modelo estadístico,0.28896059024272996,5.7235886555665635e-05
2026-08,JAC I,CAMIONES,SIN DEFINIR,HFC1012K,Estimado,Modelo estadístico,4.365372429024871,0.0008646714104197268
2026-08,JAC I,CAMIONES,SIN DEFINIR,HFC1035K,Estimado,Modelo estadístico,14.41956563794522,0.0028561563441648987
2026-08,JAC I,CAMIONES,SIN DEFINIR,HFC1042,Estimado,Modelo estadístico,12.967482025979605,0.002568534794063583
2026-08,JAC I,CAMIONES,SIN DEFINIR,HFC1070K,Estimado,Modelo estadístico,0.015950730997086358,3.1594420161665743e-06
2026-08,JAC I,CAMIONES,SIN DEFINIR,HFC1085K,Estimado,Modelo estadístico,0.015950730997086358,3.1594420161665743e-06
2026-08,JAC I,CAMIONES,SIN DEFINIR,HFC1090K,Estimado,Modelo estadístico,0.0852659489636924,1.6889058047146127e-05
2026-08,JAC I,CAMIONES,SIN DEFINIR,HFC1091K,Estimado,Modelo estadístico,0.6397876926965406,0.00012672598629498254
2026-08,JAC I,CAMIONES,SIN DEFINIR,HFC1171K,Estimado,Modelo estadístico,0.4506845784392417,8.926937539222244e-05
2026-08,JAC I,CAMIONES,SIN DEFINIR,N55 EV,Estimado,Modelo estadístico,0.0852659489636924,1.6889058047146127e-05
2026-08,JAC I,CAMIONES,SIN DEFINIR,N75,Estimado,Modelo estadístico,4.246456508421973,0.0008411171321855472
2026-08,JAC I,CAMIONES,SIN DEFINIR,N90,Estimado,Modelo estadístico,5.538303723486006,0.0010969998481868786
2026-08,JAC I,CAMIONES,[2] LIVIANO [LD],N45,Estimado,Modelo estadístico,0.10614282300134394,2.1024246146852772e-05
2026-08,JAC I,MICROBUS,SIN DEFINIR,SUNRAY,Estimado,Modelo estadístico,5.379234290797151,0.0010654921605945827
2026-08,JAC I,PANEL,SIN DEFINIR,REFINE,Estimado,Modelo estadístico,0.015950730997086358,3.1594420161665743e-06
2026-08,JAC I,PANEL,SIN DEFINIR,SUNRAY,Estimado,Modelo estadístico,0.36252682083011645,7.180752217106432e-05
2026-08,JAECOO,SUV,SIN DEFINIR,J5,Estimado,Modelo estadístico,5.29638927620081,0.0010490826292700668
2026-08,JAECOO,SUV,SIN DEFINIR,J5 BEV,Estimado,Modelo estadístico,1.689831214363458,0.00033471342096264614
2026-08,JAECOO,SUV,SIN DEFINIR,J7,Estimado,Modelo estadístico,3.309334495494729,0.0006554966322562485
2026-08,JAECOO,SUV,SMALL,J8,Estimado,Modelo estadístico,2.4317508626620294,0.0004816692005994672
2026-08,JEEP,PICK-UP,LARGE,GLADIATOR,Estimado,Modelo estadístico,0.24726177677964026,4.89763915329207e-05
2026-08,JEEP,SUV,MEDIUM,GRAND CHEROKEE,Estimado,Modelo estadístico,0.8148871795613466,0.00016140882784694205
2026-08,JEEP,SUV,SIN DEFINIR,AVENGER,Estimado,Modelo estadístico,1.792417278553033,0.0003550331618906894
2026-08,JEEP,SUV,SIN DEFINIR,COMPASS,Estimado,Modelo estadístico,5.134251907194745,0.0010169672600044176
2026-08,JEEP,SUV,SIN DEFINIR,RENEGADE,Estimado,Modelo estadístico,1.1536646603486251,0.0002285121980389356
2026-08,JEEP,SUV,SMALL,COMMANDER,Estimado,Modelo estadístico,0.6450737892866696,0.00012777303019983048
2026-08,JEEP,SUV,SMALL,WRANGLER,Estimado,Modelo estadístico,1.7305088730547316,0.000342770650691614
2026-08,JETOUR,SUV,LARGE,G700,Estimado,Modelo estadístico,0.7577191869679136,0.00015008527422343825
2026-08,JETOUR,SUV,SIN DEFINIR,DASHING,Estimado,Modelo estadístico,5.328930741594666,0.0010555282820148696
2026-08,JETOUR,SUV,SIN DEFINIR,X50,Estimado,Modelo estadístico,8.567121705791156,0.001696933154965342
2026-08,JETOUR,SUV,SIN DEFINIR,X70,Estimado,Modelo estadístico,4.495831405174804,0.0008905120800861803
2026-08,JETOUR,SUV,SMALL,T1,Estimado,Modelo estadístico,2.3355769580642036,0.0004626195485740729
2026-08,JETOUR,SUV,SMALL,T2,Estimado,Modelo estadístico,1.4342669283592653,0.0002840925094081381
2026-08,JINPENG,AUTOMOVILES,HB,XY,Estimado,Modelo estadístico,0.027148752651943903,5.3774908391805596e-06
2026-08,JINPENG,CAMIONES,SIN DEFINIR,G6R,Estimado,Modelo estadístico,0.03921486494169675,7.767486767705252e-06
2026-08,JMC,AUTOMOVILES,HB,EV EASY,Estimado,Modelo estadístico,0.01881842173141999,3.7274600334649826e-06
2026-08,JMC,CAMIONES,SIN DEFINIR,JX1031,Estimado,Modelo estadístico,1.1597849565029992,0.00022972447607340587
2026-08,JMC,CAMIONES,SIN DEFINIR,JX1033,Estimado,Modelo estadístico,0.01881842173141999,3.7274600334649826e-06
2026-08,JMC,CAMIONES,SIN DEFINIR,JX1034,Estimado,Modelo estadístico,0.04104569375370666,8.130128296430742e-06
2026-08,JMC,CAMIONES,SIN DEFINIR,JX1035,Estimado,Modelo estadístico,0.01881842173141999,3.7274600334649826e-06
2026-08,JMC,CAMIONES,SIN DEFINIR,JX1044,Estimado,Modelo estadístico,3.6993100456186307,0.0007327410631581421
2026-08,JMC,CAMIONES,SIN DEFINIR,JX1054,Estimado,Modelo estadístico,1.8556438351706384,0.0003675567659532046
2026-08,JMC,CAMIONES,SIN DEFINIR,JX1079,Estimado,Modelo estadístico,0.12995478184285336,2.5740801348293784e-05
2026-08,JMC,CAMIONES,SIN DEFINIR,JX1083,Estimado,Modelo estadístico,0.12641130369437292,2.503892669767606e-05
2026-08,JMC,CAMIONES,SIN DEFINIR,N601,Estimado,Modelo estadístico,0.8247317752438894,0.0001633587967378524
2026-08,JMC,CAMIONES,SIN DEFINIR,N720,Estimado,Modelo estadístico,0.01881842173141999,3.7274600334649826e-06
2026-08,JMC,CAMIONES,SIN DEFINIR,N801 EV,Estimado,Modelo estadístico,0.01881842173141999,3.7274600334649826e-06
2026-08,JMC,CAMIONES,SIN DEFINIR,N822,Estimado,Modelo estadístico,10.57628335274477,0.0020948979708609403
2026-08,JMC,MICROBUS,SIN DEFINIR,N520,Estimado,Modelo estadístico,0.01881842173141999,3.7274600334649826e-06
2026-08,JMC,MICROBUS,SIN DEFINIR,TOURING BUS,Estimado,Modelo estadístico,0.7107296347773815,0.00014077781580421357
2026-08,JMC,PANEL,SIN DEFINIR,TOURING VAN,Estimado,Modelo estadístico,0.613502793950335,0.00012151960337092623
2026-08,JMC,PICK-UP,MEDIUM,GRAND AVENUE,Estimado,Modelo estadístico,15.511631208738429,0.003072467298779032
2026-08,JMC,PICK-UP,MEDIUM,VIGUS,Estimado,Modelo estadístico,1.6393761859781297,0.0003247195381345424
2026-08,JMC,PICK-UP,MEDIUM,VIGUS T500,Estimado,Modelo estadístico,0.01881842173141999,3.7274600334649826e-06
2026-08,JMC,SUV,SIN DEFINIR,EWIND,Estimado,Modelo estadístico,0.09940975708266696,1.969059370390373e-05
2026-08,JMEV,AUTOMOVILES,HB,EV2-EV3,Estimado,Modelo estadístico,0.9112001410370151,0.00018048602357190562
2026-08,JMEV,AUTOMOVILES,SD,GSE,Estimado,Modelo estadístico,0.16431477953126503,3.2546659988376426e-05
2026-08,JOYLONG,MICROBUS,SIN DEFINIR,A5,Estimado,Modelo estadístico,0.08293309309058419,1.642697747764086e-05
2026-08,JOYLONG,MICROBUS,SIN DEFINIR,A6,Estimado,Modelo estadístico,0.16553786831461817,3.278892337381837e-05
2026-08,KAIYI,AUTOMOVILES,HB,E-QUTE 04,Estimado,Modelo estadístico,0.018145664283195192,3.5942035608306755e-06
2026-08,KAIYI,SUV,SIN DEFINIR,FX12,Estimado,Modelo estadístico,0.018145664283195192,3.5942035608306755e-06
2026-08,KAIYI,SUV,SIN DEFINIR,X3,Estimado,Modelo estadístico,20.644766797028034,0.004089213443848154
2026-08,KAIYI,SUV,SIN DEFINIR,X3 PRO EV,Estimado,Modelo estadístico,1.3707126812208972,0.0002715039980257148
2026-08,KAIYI,SUV,SIN DEFINIR,X7,Estimado,Modelo estadístico,14.43936017098309,0.002860077147504988
2026-08,KALMAR,CAMIONES,SIN DEFINIR,OTTAWA T2,Estimado,Modelo estadístico,0.17140415770007408,3.3950889002026066e-05
2026-08,KARRY,CAMIONES,[2] LIVIANO [LD],YORY,Estimado,Modelo estadístico,0.4131118543858519,8.182715578123431e-05
2026-08,KARRY,MICROBUS,SIN DEFINIR,Q22L,Estimado,Modelo estadístico,12.80322668851962,0.0025359999080671047
2026-08,KARRY,MICROBUS,SIN DEFINIR,YOYO,Estimado,Modelo estadístico,0.4131118543858519,8.182715578123431e-05
2026-08,KARRY,PANEL,SIN DEFINIR,COWFISH,Estimado,Modelo estadístico,6.944771505330331,0.0013755860399517115
2026-08,KARRY,PANEL,SIN DEFINIR,DOLPHIN,Estimado,Modelo estadístico,0.12138660281992263,2.404365876517146e-05
2026-08,KARRY,PANEL,SIN DEFINIR,EV6,Estimado,Modelo estadístico,0.4212593824989397,8.344097790970542e-05
2026-08,KARRY,PANEL,SIN DEFINIR,YOYO,Estimado,Modelo estadístico,5.546820105185422,0.001098686731011983
2026-08,KAVRED,MICROBUS,SIN DEFINIR,KA14,Estimado,Modelo estadístico,0.04583871703085401,9.079506674703806e-06
2026-08,KAZOKU,PANEL,SIN DEFINIR,H10,Estimado,Modelo estadístico,0.020905803645799245,4.140918333606882e-06
2026-08,KENWORTH,CAMIONES,SIN DEFINIR,T460,Estimado,Modelo estadístico,0.011863012220726393,2.3497668699514077e-06
2026-08,KENWORTH,CAMIONES,SIN DEFINIR,T480,Estimado,Modelo estadístico,0.15512805685283476,3.072699933292403e-05
2026-08,KENWORTH,CAMIONES,SIN DEFINIR,T680,Estimado,Modelo estadístico,0.011863012220726393,2.3497668699514077e-06
2026-08,KENWORTH,CAMIONES,SIN DEFINIR,T800 - T880,Estimado,Modelo estadístico,1.0388987980786335,0.00020577994286244048
2026-08,KGE,BUS,SIN DEFINIR,URBANO,Estimado,Modelo estadístico,0.3208710192159781,6.355654672292666e-05
2026-08,KIA,AUTOMOVILES,HB,K3 HB,Estimado,Modelo estadístico,8.727995044431344,0.0017287981513390914
2026-08,KIA,AUTOMOVILES,HB,PICANTO HB,Estimado,Modelo estadístico,9.57642647429369,0.0018968512586125465
2026-08,KIA,AUTOMOVILES,SD,K3 SD,Estimado,Modelo estadístico,2.8890499145521193,0.0005722487382243325
2026-08,KIA,AUTOMOVILES,SD,RIO,Estimado,Modelo estadístico,0.5639196149887284,0.0001116984121706595
2026-08,KIA,AUTOMOVILES,SD,SOLUTO,Estimado,Modelo estadístico,14.405071567688084,0.0028532854303137387
2026-08,KIA,CAMIONES,SIN DEFINIR,K2500,Estimado,Modelo estadístico,35.230082157824185,0.006978200674487087
2026-08,KIA,PASAJEROS,SIN DEFINIR,CARENS,Estimado,Modelo estadístico,0.014739620796542867,2.9195512892460345e-06
2026-08,KIA,PASAJEROS,SIN DEFINIR,CARNIVAL,Estimado,Modelo estadístico,1.133750752044567,0.00022456774943570718
2026-08,KIA,PASAJEROS,SIN DEFINIR,PV5,Estimado,Modelo estadístico,0.08368154387737357,1.6575226912933027e-05
2026-08,KIA,PICK-UP,MEDIUM,TASMAN,Estimado,Modelo estadístico,3.6365315642267335,0.0007203062116233176
2026-08,KIA,SUV,LARGE,EV9,Estimado,Modelo estadístico,0.267155713420959,5.29168842478326e-05
2026-08,KIA,SUV,MEDIUM,TELLURIDE,Estimado,Modelo estadístico,0.014739620796542867,2.9195512892460345e-06
2026-08,KIA,SUV,SIN DEFINIR,EV3,Estimado,Modelo estadístico,1.6406815561277448,0.0003249780994066306
2026-08,KIA,SUV,SIN DEFINIR,EV5,Estimado,Modelo estadístico,6.943774891694944,0.001375388635645031
2026-08,KIA,SUV,SIN DEFINIR,EV6,Estimado,Modelo estadístico,0.4973330823623578,9.850928065505497e-05
2026-08,KIA,SUV,SIN DEFINIR,NIRO,Estimado,Modelo estadístico,0.1716481905657388,3.399922582679275e-05
2026-08,KIA,SUV,SIN DEFINIR,SELTOS,Estimado,Modelo estadístico,26.386400479884397,0.005226487886152224
2026-08,KIA,SUV,SIN DEFINIR,SONET,Estimado,Modelo estadístico,11.705319909222741,0.0023185319557219547
2026-08,KIA,SUV,SIN DEFINIR,SOUL,Estimado,Modelo estadístico,0.014739620796542867,2.9195512892460345e-06
2026-08,KIA,SUV,SIN DEFINIR,SPORTAGE,Estimado,Modelo estadístico,12.761944250738331,0.0025278228866829557
2026-08,KIA,SUV,SMALL,SORENTO,Estimado,Modelo estadístico,3.0228686666930193,0.0005987548957253379
2026-08,KING LONG,BUS,SIN DEFINIR,XMQ,Estimado,Modelo estadístico,0.6930341505741539,0.00013727278169020955
2026-08,KING LONG,MICROBUS,SIN DEFINIR,XMQ,Estimado,Modelo estadístico,8.119961339897317,0.0016083618381882317
2026-08,KING LONG,PANEL,SIN DEFINIR,XMQ,Estimado,Modelo estadístico,0.05483432333826564,1.0861311943297509e-05
2026-08,LAMBORGHINI,SUV,LARGE,URUS,Estimado,Modelo estadístico,0.006533063639312264,1.2940369792521507e-06
2026-08,LAND ROVER,SUV,LARGE,DEFENDER,Estimado,Modelo estadístico,6.329126451525867,0.0012536421083293766
2026-08,LAND ROVER,SUV,LARGE,DISCOVERY,Estimado,Modelo estadístico,1.9004727103498793,0.0003764362481414913
2026-08,LAND ROVER,SUV,LARGE,RANGE ROVER,Estimado,Modelo estadístico,1.3528751338589622,0.00026797082474287574
2026-08,LAND ROVER,SUV,LARGE,RANGE ROVER SPORT,Estimado,Modelo estadístico,6.3194564195573735,0.0012517267161567852
2026-08,LAND ROVER,SUV,LARGE,RANGE ROVER VOGUE,Estimado,Modelo estadístico,0.014486297786610385,2.8693743185862783e-06
2026-08,LAND ROVER,SUV,SIN DEFINIR,DISCOVERY SPORT,Estimado,Modelo estadístico,0.5260902204018387,0.0001042053525280766
2026-08,LAND ROVER,SUV,SIN DEFINIR,EVOQUE,Estimado,Modelo estadístico,1.0871607434156088,0.00021533943063183655
2026-08,LAND ROVER,SUV,SIN DEFINIR,RANGE ROVER VELAR,Estimado,Modelo estadístico,0.014486297786610385,2.8693743185862783e-06
2026-08,LEAPMOTOR,AUTOMOVILES,HB,T03,Estimado,Modelo estadístico,0.1287547385908556,2.5503102707882163e-05
2026-08,LEAPMOTOR,SUV,SIN DEFINIR,B10,Estimado,Modelo estadístico,0.8903572272605585,0.00017635756215300872
2026-08,LEAPMOTOR,SUV,SIN DEFINIR,C10,Estimado,Modelo estadístico,1.079954471275379,0.00021391204783766045
2026-08,LEAPMOTOR,SUV,SIN DEFINIR,C11,Estimado,Modelo estadístico,0.0998331250970694,1.977445234920647e-05
2026-08,LEAPMOTOR,SUV,SMALL,C16,Estimado,Modelo estadístico,0.18713355101349807,3.7066489542986796e-05
2026-08,LEXUS,AUTOMOVILES,SD,IS350,Estimado,Modelo estadístico,0.016414994846873105,3.2514011065600763e-06
2026-08,LEXUS,AUTOMOVILES,SD,LC500,Estimado,Modelo estadístico,0.016414994846873105,3.2514011065600763e-06
2026-08,LEXUS,SUV,LARGE,GX,Estimado,Modelo estadístico,4.694991205413939,0.0009299606696788332
2026-08,LEXUS,SUV,LARGE,LX 700H,Estimado,Modelo estadístico,1.6984512983553135,0.0003364208446256574
2026-08,LEXUS,SUV,LARGE,LX DSL,Estimado,Modelo estadístico,1.7249326784959114,0.00034166614561390474
2026-08,LEXUS,SUV,SIN DEFINIR,LBX,Estimado,Modelo estadístico,7.857912532574713,0.0015564565046776479
2026-08,LEXUS,SUV,SIN DEFINIR,NX HEV,Estimado,Modelo estadístico,6.85684033067298,0.0013581690671625607
2026-08,LEXUS,SUV,SIN DEFINIR,RX HEV,Estimado,Modelo estadístico,3.575949575580334,0.000708306430523171
2026-08,LEXUS,SUV,SIN DEFINIR,RX350,Estimado,Modelo estadístico,0.016414994846873105,3.2514011065600763e-06
2026-08,LEXUS,SUV,SIN DEFINIR,RZ,Estimado,Modelo estadístico,0.4560675577436,9.03356093466068e-05
2026-08,LEXUS,SUV,SIN DEFINIR,UX HEV,Estimado,Modelo estadístico,1.6708313801861083,0.000330950027647877
2026-08,LEXUS,SUV,SIN DEFINIR,UX300E,Estimado,Modelo estadístico,0.016414994846873105,3.2514011065600763e-06
2026-08,LI,SUV,MEDIUM,L6,Estimado,Modelo estadístico,0.18335486812341603,3.6318026698815224e-05
2026-08,LINCOLN,SUV,LARGE,NAVIGATOR,Estimado,Modelo estadístico,0.007639786171809002,1.5132511124506345e-06
2026-08,LINCOLN,SUV,SIN DEFINIR,AVIATOR,Estimado,Modelo estadístico,0.038198930859045,7.566255562253171e-06
2026-08,LINXYS,PANEL,SIN DEFINIR,G105,Estimado,Modelo estadístico,0.09302994815891778,1.8426912661794154e-05
2026-08,LINXYS,PASAJEROS,SIN DEFINIR,G200,Estimado,Modelo estadístico,0.03000619137148909,5.94347818802378e-06
2026-08,LOTUS,AUTOMOVILES,SD,ELISE,Estimado,Modelo estadístico,0.03987323002140882,7.897892471067634e-06
2026-08,LOTUS,AUTOMOVILES,SD,EMIRA,Estimado,Modelo estadístico,0.016418388832344807,3.2520733704396134e-06
2026-08,LUCID,AUTOMOVILES,SD,AIR,Estimado,Modelo estadístico,0.04583871703085401,9.079506674703806e-06
2026-08,LYNK & CO,AUTOMOVILES,SD,03,Estimado,Modelo estadístico,1.157389999163628,0.0002292500947521788
2026-08,LYNK & CO,SUV,LARGE,09,Estimado,Modelo estadístico,2.2163063687971865,0.0004389950193225926
2026-08,LYNK & CO,SUV,SIN DEFINIR,01,Estimado,Modelo estadístico,1.1152653703065627,0.00022090625631927273
2026-08,LYNK & CO,SUV,SIN DEFINIR,02,Estimado,Modelo estadístico,0.019190161176894593,3.8010923468250074e-06
2026-08,LYNK & CO,SUV,SIN DEFINIR,05,Estimado,Modelo estadístico,1.8954234661003873,0.00037543611877847673
2026-08,LYNK & CO,SUV,SIN DEFINIR,06,Estimado,Modelo estadístico,2.3899825547077636,0.00047339594045113937
2026-08,LYNK & CO,SUV,SIN DEFINIR,08,Estimado,Modelo estadístico,0.048763141315919155,9.658762193527392e-06
2026-08,M.G.,AUTOMOVILES,HB,MG 3 HB,Estimado,Modelo estadístico,0.2901155861077898,5.7464662432159023e-05
2026-08,M.G.,AUTOMOVILES,HB,MG 4,Estimado,Modelo estadístico,10.578329208755445,0.0020953032039151705
2026-08,M.G.,AUTOMOVILES,SD,MG 5,Estimado,Modelo estadístico,0.8189886060143736,0.00016222121814205001
2026-08,M.G.,SUV,SIN DEFINIR,HS,Estimado,Modelo estadístico,0.5875072597029566,0.00011637053633764312
2026-08,M.G.,SUV,SIN DEFINIR,MARVEL R,Estimado,Modelo estadístico,6.53756460740826,0.0012949285087825852
2026-08,M.G.,SUV,SIN DEFINIR,ONE,Estimado,Modelo estadístico,13.272980014088365,0.002629046326711302
2026-08,M.G.,SUV,SIN DEFINIR,RX,Estimado,Modelo estadístico,12.776688735817771,0.0025307434014653334
2026-08,M.G.,SUV,SIN DEFINIR,ZS,Estimado,Modelo estadístico,5.176111495068702,0.0010252586004284117
2026-08,M.G.,SUV,SIN DEFINIR,ZS EV,Estimado,Modelo estadístico,3.245787836258145,0.0006429096238479344
2026-08,MACK,CAMIONES,SIN DEFINIR,AN64TX,Estimado,Modelo estadístico,1.6481866330029193,0.0003264646679669253
2026-08,MACK,CAMIONES,SIN DEFINIR,GR64BX,Estimado,Modelo estadístico,0.022084306083960132,4.3743502760025255e-06
2026-08,MACK,CAMIONES,SIN DEFINIR,GR84BX,Estimado,Modelo estadístico,0.5153004752924031,0.0001020681731067256
2026-08,MACK,CAMIONES,SIN DEFINIR,RD688,Estimado,Modelo estadístico,0.022084306083960132,4.3743502760025255e-06
2026-08,MACLAREN,AUTOMOVILES,SD,750S,Estimado,Modelo estadístico,0.04583871703085401,9.079506674703806e-06
2026-08,MAHINDRA,PICK-UP,MEDIUM,PIK UP,Estimado,Modelo estadístico,2.535622280668754,0.0005022435380633235
2026-08,MAHINDRA,SUV,SIN DEFINIR,XUV300,Estimado,Modelo estadístico,3.693081256258825,0.0007315072953253815
2026-08,MASERATI,AUTOMOVILES,SD,MC20,Estimado,Modelo estadístico,0.00854055082911768,1.6916701269458805e-06
2026-08,MASERATI,SUV,SIN DEFINIR,GRECALE,Estimado,Modelo estadístico,0.016132151566111173,3.1953769064533297e-06
2026-08,MASERATI,SUV,SIN DEFINIR,LEVANTE,Estimado,Modelo estadístico,0.019927951934607918,3.9472302962070545e-06
2026-08,MASERATI,SUV,SIN DEFINIR,LEVANTE HEV,Estimado,Modelo estadístico,0.00854055082911768,1.6916701269458805e-06
2026-08,MAXUS,CAMIONES,SIN DEFINIR,C100-28D5,Estimado,Modelo estadístico,0.013829775981786948,2.7393337220100106e-06
2026-08,MAXUS,CAMIONES,SIN DEFINIR,H500,Estimado,Modelo estadístico,0.013829775981786948,2.7393337220100106e-06
2026-08,MAXUS,CAMIONES,SIN DEFINIR,TRACTOR,Estimado,Modelo estadístico,0.013829775981786948,2.7393337220100106e-06
2026-08,MAXUS,MICROBUS,SIN DEFINIR,DELIVERY 9,Estimado,Modelo estadístico,7.38996925499194,0.00146376861139879
2026-08,MAXUS,MICROBUS,SIN DEFINIR,EV70,Estimado,Modelo estadístico,0.013829775981786948,2.7393337220100106e-06
2026-08,MAXUS,MICROBUS,SIN DEFINIR,V80,Estimado,Modelo estadístico,1.695345884074871,0.0003358057395024486
2026-08,MAXUS,MICROBUS,SIN DEFINIR,V90,Estimado,Modelo estadístico,1.6397120722156417,0.00032478606882154615
2026-08,MAXUS,PANEL,SIN DEFINIR,DANA V1,Estimado,Modelo estadístico,0.013829775981786948,2.7393337220100106e-06
2026-08,MAXUS,PANEL,SIN DEFINIR,DELIVERY 9,Estimado,Modelo estadístico,1.0642921334383366,0.00021080972931427827
2026-08,MAXUS,PANEL,SIN DEFINIR,EV30,Estimado,Modelo estadístico,0.29064494437170835,5.756951510260621e-05
2026-08,MAXUS,PANEL,SIN DEFINIR,EV90,Estimado,Modelo estadístico,0.013829775981786948,2.7393337220100106e-06
2026-08,MAXUS,PANEL,SIN DEFINIR,G 10,Estimado,Modelo estadístico,0.4784573869301286,9.47704761298052e-05
2026-08,MAXUS,PANEL,SIN DEFINIR,V90,Estimado,Modelo estadístico,0.10227581440486591,2.0258288182993827e-05
2026-08,MAXUS,PASAJEROS,SIN DEFINIR,EUNIQ 5,Estimado,Modelo estadístico,0.45673404540566115,9.046762393096393e-05
2026-08,MAXUS,PASAJEROS,SIN DEFINIR,G 10,Estimado,Modelo estadístico,0.20181073786732714,3.997367422521771e-05
2026-08,MAXUS,PICK-UP,MEDIUM,INTERSTELLAR,Estimado,Modelo estadístico,0.013829775981786948,2.7393337220100106e-06
2026-08,MAXUS,PICK-UP,MEDIUM,T60,Estimado,Modelo estadístico,4.941078475232095,0.0009787044206736447
2026-08,MAXUS,PICK-UP,MEDIUM,T90,Estimado,Modelo estadístico,0.8821595224902297,0.00017473380128009089
2026-08,MAXUS,SUV,SIN DEFINIR,D60,Estimado,Modelo estadístico,1.2745531242567665,0.00025245718790874064
2026-08,MAXUS,SUV,SIN DEFINIR,D90,Estimado,Modelo estadístico,1.368408216108914,0.00027104754095795287
2026-08,MAXUS,SUV,SIN DEFINIR,EUNIQ6,Estimado,Modelo estadístico,1.1210904495414726,0.00022206005924439482
2026-08,MAZDA,AUTOMOVILES,SD,MAZDA 3,Estimado,Modelo estadístico,0.6039633251792776,0.00011963007251163879
2026-08,MAZDA,AUTOMOVILES,SD,MX5,Estimado,Modelo estadístico,0.5965305951616149,0.00011815783405956309
2026-08,MAZDA,PICK-UP,MEDIUM,BT50,Estimado,Modelo estadístico,1.5863283042062204,0.00031421207571357735
2026-08,MAZDA,SUV,MEDIUM,CX-9,Estimado,Modelo estadístico,0.15310466488285154,3.0326215844925474e-05
2026-08,MAZDA,SUV,MEDIUM,CX-90,Estimado,Modelo estadístico,2.4054678062981534,0.00047646318260540334
2026-08,MAZDA,SUV,SIN DEFINIR,CX-30,Estimado,Modelo estadístico,19.22704538837165,0.0038083981892653995
2026-08,MAZDA,SUV,SIN DEFINIR,CX-30 BEV,Estimado,Modelo estadístico,0.01475143807997966,2.9218919983843165e-06
2026-08,MAZDA,SUV,SIN DEFINIR,CX-5,Estimado,Modelo estadístico,36.375030099331774,0.0072049863079093595
2026-08,MAZDA,SUV,SIN DEFINIR,CX-60,Estimado,Modelo estadístico,4.459990599592912,0.0008834129103321815
2026-08,MAZDA,SUV,SIN DEFINIR,EZ-60,Estimado,Modelo estadístico,0.641453577266865,0.000127055956482965
2026-08,MERCEDES BENZ,AUTOMOVILES,HB,A200,Estimado,Modelo estadístico,0.01336515488176478,2.647303869254315e-06
2026-08,MERCEDES BENZ,AUTOMOVILES,HB,A45,Estimado,Modelo estadístico,0.0850492576393202,1.684613689984038e-05
2026-08,MERCEDES BENZ,AUTOMOVILES,SD,A35,Estimado,Modelo estadístico,0.04920720626054249,9.746720384547348e-06
2026-08,MERCEDES BENZ,AUTOMOVILES,SD,C200,Estimado,Modelo estadístico,0.11032619729377008,2.1852868265253275e-05
2026-08,MERCEDES BENZ,AUTOMOVILES,SD,C43,Estimado,Modelo estadístico,0.04920720626054249,9.746720384547348e-06
2026-08,MERCEDES BENZ,AUTOMOVILES,SD,C63,Estimado,Modelo estadístico,0.01336515488176478,2.647303869254315e-06
2026-08,MERCEDES BENZ,AUTOMOVILES,SD,CLA200,Estimado,Modelo estadístico,0.01336515488176478,2.647303869254315e-06
2026-08,MERCEDES BENZ,AUTOMOVILES,SD,CLE 200,Estimado,Modelo estadístico,0.06391903419066451,1.2660766600080098e-05
2026-08,MERCEDES BENZ,AUTOMOVILES,SD,CLE 53,Estimado,Modelo estadístico,0.3931895778860525,7.788104964712348e-05
2026-08,MERCEDES BENZ,AUTOMOVILES,SD,CLS 53 AMG,Estimado,Modelo estadístico,0.01336515488176478,2.647303869254315e-06
2026-08,MERCEDES BENZ,AUTOMOVILES,SD,E200,Estimado,Modelo estadístico,0.11117465232063489,2.2020926046504435e-05
2026-08,MERCEDES BENZ,AUTOMOVILES,SD,E300,Estimado,Modelo estadístico,0.01336515488176478,2.647303869254315e-06
2026-08,MERCEDES BENZ,AUTOMOVILES,SD,E63,Estimado,Modelo estadístico,0.01336515488176478,2.647303869254315e-06
2026-08,MERCEDES BENZ,AUTOMOVILES,SD,EQE,Estimado,Modelo estadístico,0.11032619729377008,2.1852868265253275e-05
2026-08,MERCEDES BENZ,AUTOMOVILES,SD,EQS,Estimado,Modelo estadístico,0.01336515488176478,2.647303869254315e-06
2026-08,MERCEDES BENZ,AUTOMOVILES,SD,GT AMG,Estimado,Modelo estadístico,0.01336515488176478,2.647303869254315e-06
2026-08,MERCEDES BENZ,AUTOMOVILES,SD,S450,Estimado,Modelo estadístico,0.01336515488176478,2.647303869254315e-06
2026-08,MERCEDES BENZ,AUTOMOVILES,SD,S580,Estimado,Modelo estadístico,0.11117465232063489,2.2020926046504435e-05
2026-08,MERCEDES BENZ,AUTOMOVILES,SD,SL43,Estimado,Modelo estadístico,0.01336515488176478,2.647303869254315e-06
2026-08,MERCEDES BENZ,AUTOMOVILES,SD,SLC,Estimado,Modelo estadístico,0.01336515488176478,2.647303869254315e-06
2026-08,MERCEDES BENZ,BUS,SIN DEFINIR,TORINO OF-1724/59,Estimado,Modelo estadístico,0.8936506318315955,0.00017700990346450536
2026-08,MERCEDES BENZ,CAMIONES,SIN DEFINIR,ACTROS,Estimado,Modelo estadístico,0.208984149759505,4.139454822375455e-05
2026-08,MERCEDES BENZ,CAMIONES,SIN DEFINIR,AROCS,Estimado,Modelo estadístico,0.0850492576393202,1.684613689984038e-05
2026-08,MERCEDES BENZ,CAMIONES,SIN DEFINIR,ATEGO,Estimado,Modelo estadístico,0.4901506202980577,9.708661404312243e-05
2026-08,MERCEDES BENZ,MICROBUS,SIN DEFINIR,SPRINTER,Estimado,Modelo estadístico,0.45903005438408406,9.092240604955461e-05
2026-08,MERCEDES BENZ,MICROBUS,SIN DEFINIR,VITO,Estimado,Modelo estadístico,0.04920720626054249,9.746720384547348e-06
2026-08,MERCEDES BENZ,PANEL,SIN DEFINIR,SPRINTER,Estimado,Modelo estadístico,0.8868629916166771,0.0001756654412144961
2026-08,MERCEDES BENZ,PANEL,SIN DEFINIR,VITO,Estimado,Modelo estadístico,0.01336515488176478,2.647303869254315e-06
2026-08,MERCEDES BENZ,PASAJEROS,SIN DEFINIR,V300,Estimado,Modelo estadístico,0.01336515488176478,2.647303869254315e-06
2026-08,MERCEDES BENZ,SUV,LARGE,EQS,Estimado,Modelo estadístico,0.04920720626054249,9.746720384547348e-06
2026-08,MERCEDES BENZ,SUV,LARGE,G450,Estimado,Modelo estadístico,0.6507760188238851,0.00012890249966358082
2026-08,MERCEDES BENZ,SUV,LARGE,G500,Estimado,Modelo estadístico,0.07448414591499236,1.475345174996024e-05
2026-08,MERCEDES BENZ,SUV,LARGE,G580,Estimado,Modelo estadístico,0.23426108941395488,4.640127958916745e-05
2026-08,MERCEDES BENZ,SUV,LARGE,G63,Estimado,Modelo estadístico,0.35649907148041,7.06135753505793e-05
2026-08,MERCEDES BENZ,SUV,LARGE,GLS400,Estimado,Modelo estadístico,0.40460314463724517,8.014179257825478e-05
2026-08,MERCEDES BENZ,SUV,LARGE,GLS450,Estimado,Modelo estadístico,0.07448414591499236,1.475345174996024e-05
2026-08,MERCEDES BENZ,SUV,LARGE,GLS600,Estimado,Modelo estadístico,0.01336515488176478,2.647303869254315e-06
2026-08,MERCEDES BENZ,SUV,SIN DEFINIR,EQA,Estimado,Modelo estadístico,1.4881581184121646,0.00029476701016835095
2026-08,MERCEDES BENZ,SUV,SIN DEFINIR,EQB,Estimado,Modelo estadístico,0.6943641310785412,0.00013753621765982192
2026-08,MERCEDES BENZ,SUV,SIN DEFINIR,EQE,Estimado,Modelo estadístico,0.3873459516265287,7.672357301896856e-05
2026-08,MERCEDES BENZ,SUV,SIN DEFINIR,GLA200,Estimado,Modelo estadístico,1.801662854587941,0.0003568644799283196
2026-08,MERCEDES BENZ,SUV,SIN DEFINIR,GLB200,Estimado,Modelo estadístico,0.1617285316295346,3.203438877733021e-05
2026-08,MERCEDES BENZ,SUV,SIN DEFINIR,GLB35,Estimado,Modelo estadístico,0.11117465232063489,2.2020926046504435e-05
2026-08,MERCEDES BENZ,SUV,SIN DEFINIR,GLC200,Estimado,Modelo estadístico,8.126627847968384,0.0016096823071814516
2026-08,MERCEDES BENZ,SUV,SIN DEFINIR,GLC300,Estimado,Modelo estadístico,0.01336515488176478,2.647303869254315e-06
2026-08,MERCEDES BENZ,SUV,SIN DEFINIR,GLC43,Estimado,Modelo estadístico,0.4079014058161745,8.079509586265623e-05
2026-08,MERCEDES BENZ,SUV,SIN DEFINIR,GLE300,Estimado,Modelo estadístico,3.2288991164972156,0.0006395643896500979
2026-08,MERCEDES BENZ,SUV,SIN DEFINIR,GLE350,Estimado,Modelo estadístico,0.038642094536214644,7.654035234667206e-06
2026-08,MERCEDES BENZ,SUV,SIN DEFINIR,GLE400,Estimado,Modelo estadístico,0.01336515488176478,2.647303869254315e-06
2026-08,MERCEDES BENZ,SUV,SIN DEFINIR,GLE43,Estimado,Modelo estadístico,0.01336515488176478,2.647303869254315e-06
2026-08,MERCEDES BENZ,SUV,SIN DEFINIR,GLE450,Estimado,Modelo estadístico,1.8383533609935836,0.00036413195422486385
2026-08,MERCEDES BENZ,SUV,SIN DEFINIR,GLE53,Estimado,Modelo estadístico,0.612388602364513,0.0001212989098045343
2026-08,MINI,AUTOMOVILES,HB,COOPER,Estimado,Modelo estadístico,1.2333143440446346,0.00024428881400026786
2026-08,MINI,AUTOMOVILES,HB,COOPER BEV,Estimado,Modelo estadístico,1.0603445091964039,0.00021002780340152367
2026-08,MINI,AUTOMOVILES,HB,JOHN COOPER WORKS,Estimado,Modelo estadístico,0.6615202645791457,0.0001310306667975755
2026-08,MINI,SUV,SIN DEFINIR,ACEMAN,Estimado,Modelo estadístico,3.309116851122148,0.0006554535223338606
2026-08,MINI,SUV,SIN DEFINIR,COUNTRYMAN,Estimado,Modelo estadístico,1.8633096141921073,0.0003690751656009387
2026-08,MITSUBISHI,AUTOMOVILES,HB,MIRAGE HB,Estimado,Modelo estadístico,0.016718912231606237,3.3115995610976593e-06
2026-08,MITSUBISHI,AUTOMOVILES,SD,MIRAGE,Estimado,Modelo estadístico,0.016718912231606237,3.3115995610976593e-06
2026-08,MITSUBISHI,BUSETAS,SIN DEFINIR,ROSA,Estimado,Modelo estadístico,1.7676566849125035,0.0003501287057935108
2026-08,MITSUBISHI,PASAJEROS,SIN DEFINIR,XPANDER,Estimado,Modelo estadístico,3.962054168643035,0.0007847841213688145
2026-08,MITSUBISHI,PICK-UP,MEDIUM,L200,Estimado,Modelo estadístico,64.4669287716773,0.012769290852667519
2026-08,MITSUBISHI,SUV,SIN DEFINIR,ASX,Estimado,Modelo estadístico,5.165052840705927,0.0010230681567902865
2026-08,MITSUBISHI,SUV,SIN DEFINIR,DESTINATOR,Estimado,Modelo estadístico,20.637555582272427,0.0040877850820451355
2026-08,MITSUBISHI,SUV,SIN DEFINIR,ECLIPSE CROSS,Estimado,Modelo estadístico,43.55558495288769,0.008627275148957298
2026-08,MITSUBISHI,SUV,SIN DEFINIR,OUTLANDER,Estimado,Modelo estadístico,20.12852254593975,0.003986958332293034
2026-08,MITSUBISHI,SUV,SIN DEFINIR,OUTLANDER SPORT,Estimado,Modelo estadístico,70.91652431518001,0.014046794883745804
2026-08,MITSUBISHI,SUV,SIN DEFINIR,XFORCE,Estimado,Modelo estadístico,0.016718912231606237,3.3115995610976593e-06
2026-08,MITSUBISHI,SUV,SMALL,MONTERO SPORT,Estimado,Modelo estadístico,58.800737601976145,0.01164695969076303
2026-08,MUDAN,BUSETAS,SIN DEFINIR,MD6773,Estimado,Modelo estadístico,2.5359307067046575,0.0005023046295692169
2026-08,NETA,SUV,SIN DEFINIR,AYA (PREVIOUS V),Estimado,Modelo estadístico,1.2121424830418326,0.00024009519633942775
2026-08,NETA,SUV,SIN DEFINIR,U,Estimado,Modelo estadístico,0.3269721421414882,6.476502701891902e-05
2026-08,NETA,SUV,SIN DEFINIR,X,Estimado,Modelo estadístico,0.3971908710150505,7.867360602796046e-05
2026-08,NIO,AUTOMOVILES,HB,FIREFLY,Estimado,Modelo estadístico,3.0814301870903456,0.0006103544724536838
2026-08,NIO,AUTOMOVILES,SD,ET5T,Estimado,Modelo estadístico,0.16491109779870422,3.26647757656094e-05
2026-08,NIO,SUV,LARGE,L90,Estimado,Modelo estadístico,0.21142028526129805,4.187708591201762e-05
2026-08,NIO,SUV,MEDIUM,L60,Estimado,Modelo estadístico,1.2195997235349518,0.00024157228970542605
2026-08,NIO,SUV,SIN DEFINIR,EC6,Estimado,Modelo estadístico,0.13940746824175135,2.7613142783917012e-05
2026-08,NIO,SUV,SIN DEFINIR,ES6,Estimado,Modelo estadístico,0.21591835691260994,4.276804172899418e-05
2026-08,NIO,SUV,SIN DEFINIR,ES8,Estimado,Modelo estadístico,0.15215928302022777,3.0138959274763206e-05
2026-08,NIO,SUV,SMALL,EL6,Estimado,Modelo estadístico,0.24742669377107143,4.900905747606792e-05
2026-08,NISSAN,AUTOMOVILES,HB,LEAF EV,Estimado,Modelo estadístico,0.014336667539358083,2.839736298225665e-06
2026-08,NISSAN,AUTOMOVILES,HB,MARCH,Estimado,Modelo estadístico,1.3936571317872035,0.0002760487214725767
2026-08,NISSAN,AUTOMOVILES,SD,GT-R,Estimado,Modelo estadístico,0.014336667539358083,2.839736298225665e-06
2026-08,NISSAN,AUTOMOVILES,SD,N7,Estimado,Modelo estadístico,0.09500695819440047,1.8818509045284537e-05
2026-08,NISSAN,AUTOMOVILES,SD,SENTRA,Estimado,Modelo estadístico,1.0930994537801244,0.00021651574104989337
2026-08,NISSAN,AUTOMOVILES,SD,VERSA,Estimado,Modelo estadístico,3.815981527232805,0.0007558507740025893
2026-08,NISSAN,MICROBUS,SIN DEFINIR,URVAN,Estimado,Modelo estadístico,9.464199395436902,0.0018746218731156344
2026-08,NISSAN,PANEL,SIN DEFINIR,URVAN,Estimado,Modelo estadístico,0.34579249714855415,6.849286998607563e-05
2026-08,NISSAN,PICK-UP,MEDIUM,FRONTIER,Estimado,Modelo estadístico,135.58850072238758,0.026856700559340765
2026-08,NISSAN,PICK-UP,MEDIUM,FRONTIER PHEV,Estimado,Modelo estadístico,0.09500695819440047,1.8818509045284537e-05
2026-08,NISSAN,SUV,LARGE,ARMADA,Estimado,Modelo estadístico,0.09500695819440047,1.8818509045284537e-05
2026-08,NISSAN,SUV,LARGE,PATROL,Estimado,Modelo estadístico,0.014336667539358083,2.839736298225665e-06
2026-08,NISSAN,SUV,MEDIUM,PATHFINDER,Estimado,Modelo estadístico,4.398952092449357,0.0008713227043028366
2026-08,NISSAN,SUV,SIN DEFINIR,ARIYA,Estimado,Modelo estadístico,0.014336667539358083,2.839736298225665e-06
2026-08,NISSAN,SUV,SIN DEFINIR,KAIT,Estimado,Modelo estadístico,17.116438286408343,0.0033903395586747063
2026-08,NISSAN,SUV,SIN DEFINIR,KICKS,Estimado,Modelo estadístico,81.86196906816359,0.01621481452149928
2026-08,NISSAN,SUV,SIN DEFINIR,MAGNITE,Estimado,Modelo estadístico,56.91413609727899,0.011273270982528151
2026-08,NISSAN,SUV,SIN DEFINIR,QASHQAI,Estimado,Modelo estadístico,26.67947683764098,0.005284539003609496
2026-08,NISSAN,SUV,SIN DEFINIR,QASHQAI E-POWER,Estimado,Modelo estadístico,5.096564978807028,0.0010095024193629346
2026-08,NISSAN,SUV,SIN DEFINIR,X-TRAIL,Estimado,Modelo estadístico,41.07105325775807,0.008135151381744123
2026-08,NISSAN,SUV,SIN DEFINIR,X-TRAIL E-POWER,Estimado,Modelo estadístico,49.93605244126837,0.00989108663629647
2026-08,NISSAN,SUV,SMALL,TERRA,Estimado,Modelo estadístico,0.05736513790653731,1.1362603193434231e-05
2026-08,OMODA,AUTOMOVILES,SD,O5,Estimado,Modelo estadístico,0.2439501048794142,4.832043191907958e-05
2026-08,OMODA,SUV,SIN DEFINIR,C5,Estimado,Modelo estadístico,22.869964146697725,0.004529969544749933
2026-08,OMODA,SUV,SIN DEFINIR,C7,Estimado,Modelo estadístico,2.351123691324684,0.00046569896871389394
2026-08,OMODA,SUV,SIN DEFINIR,E5,Estimado,Modelo estadístico,0.7554949158291748,0.00014964470158182315
2026-08,ONVO,SUV,SIN DEFINIR,L60,Estimado,Modelo estadístico,0.21951093828089205,4.3479642502872264e-05
2026-08,OSHKOSH,CAMIONES,[3] MEDIANO [MD],STRIKER 4X4,Estimado,Modelo estadístico,0.09167743406170802,1.8159013349407612e-05
2026-08,OSHKOSH,CAMIONES,[4] PESADO [HD],STRIKER 6X6,Estimado,Modelo estadístico,0.09167743406170802,1.8159013349407612e-05
2026-08,PEUGEOT,PANEL,SIN DEFINIR,EXPERT,Estimado,Modelo estadístico,0.013628197418326719,2.699406035744655e-06
2026-08,PEUGEOT,PANEL,SIN DEFINIR,PARTNER,Estimado,Modelo estadístico,0.22401594999901941,4.437197297400705e-05
2026-08,PEUGEOT,PASAJEROS,SIN DEFINIR,RIFTER,Estimado,Modelo estadístico,1.70622610810666,0.00033796084054186923
2026-08,PEUGEOT,PICK-UP,MEDIUM,LANDTREK,Estimado,Modelo estadístico,5.078134096315563,0.001005851721188086
2026-08,PEUGEOT,SUV,SIN DEFINIR,2008,Estimado,Modelo estadístico,2.4197895789457053,0.00047929996859702505
2026-08,PEUGEOT,SUV,SIN DEFINIR,2008 BEV,Estimado,Modelo estadístico,3.0000274188800433,0.0005942306141701433
2026-08,PEUGEOT,SUV,SIN DEFINIR,3008,Estimado,Modelo estadístico,3.98240457875959,0.0007888150300952051
2026-08,PEUGEOT,SUV,SMALL,5008,Estimado,Modelo estadístico,0.364716727514372,7.224128807125942e-05
2026-08,POLESTAR,SUV,SIN DEFINIR,4,Estimado,Modelo estadístico,0.028371486766841536,5.619683973646528e-06
2026-08,PORSCHE,AUTOMOVILES,SD,911,Estimado,Modelo estadístico,0.4811056517460812,9.529503134492258e-05
2026-08,PORSCHE,AUTOMOVILES,SD,BOXSTER,Estimado,Modelo estadístico,0.03131866494537345,6.20344647130785e-06
2026-08,PORSCHE,AUTOMOVILES,SD,CAYMAN,Estimado,Modelo estadístico,0.18544508331044904,3.673204619961101e-05
2026-08,PORSCHE,AUTOMOVILES,SD,CAYMAN GT4,Estimado,Modelo estadístico,0.012687998989155529,2.513176174479997e-06
2026-08,PORSCHE,AUTOMOVILES,SD,TAYCAN,Estimado,Modelo estadístico,0.285078644728484,5.646696996090779e-05
2026-08,PORSCHE,SUV,LARGE,CAYENNE,Estimado,Modelo estadístico,1.121543998865557,0.0002221498960544556
2026-08,PORSCHE,SUV,LARGE,CAYENNE EV,Estimado,Modelo estadístico,0.012687998989155529,2.513176174479997e-06
2026-08,PORSCHE,SUV,LARGE,CAYENNE HV,Estimado,Modelo estadístico,0.03131866494537345,6.20344647130785e-06
2026-08,PORSCHE,SUV,SIN DEFINIR,MACAN,Estimado,Modelo estadístico,0.6685168962463762,0.00013241652504226208
2026-08,PORSCHE,SUV,SIN DEFINIR,MACAN EV,Estimado,Modelo estadístico,0.8964295884775798,0.00017756034547183604
2026-08,POWERPLUS,CAMIONES,SIN DEFINIR,PT480TC,Estimado,Modelo estadístico,0.0342035980448839,6.774879771141439e-06
2026-08,POWERPLUS,CAMIONES,[4] PESADO [HD],PD680TC-III,Estimado,Modelo estadístico,0.16003062751308653,3.169807631579424e-05
2026-08,POWERPLUS,CAMIONES,[4] PESADO [HD],PD880TC-III,Estimado,Modelo estadístico,0.09125097845005323,1.807454312809059e-05
2026-08,RAM,PANEL,SIN DEFINIR,V700,Estimado,Modelo estadístico,0.014409225440580261,2.8541082089404836e-06
2026-08,RAM,PICK-UP,LARGE,RAM 1500,Estimado,Modelo estadístico,5.9519555509982425,0.0011789339591780912
2026-08,RAM,PICK-UP,LARGE,RAM 1500 HEV,Estimado,Modelo estadístico,0.0807015368527666,1.5984961839580924e-05
2026-08,RAM,PICK-UP,LARGE,RAM 2500,Estimado,Modelo estadístico,3.028964919920362,0.0005999624114555684
2026-08,RAM,PICK-UP,LARGE,RAM 3500,Estimado,Modelo estadístico,1.1064878889669576,0.00021916765616699556
2026-08,RAM,PICK-UP,MEDIUM,RAM 1200 RAMPAGE,Estimado,Modelo estadístico,1.68567394392966,0.00033388996936763724
2026-08,RAM,PICK-UP,SMALL,RAM 1000,Estimado,Modelo estadístico,0.014409225440580261,2.8541082089404836e-06
2026-08,RAM,PICK-UP,SMALL,RAM 700,Estimado,Modelo estadístico,5.544584939020888,0.0010982440003374685
2026-08,RENAULT,AUTOMOVILES,HB,KWID,Estimado,Modelo estadístico,1.0804209354275285,0.0002140044427530788
2026-08,RENAULT,AUTOMOVILES,HB,KWID E-TECH,Estimado,Modelo estadístico,0.5790722077706066,0.00011469976291111604
2026-08,RENAULT,AUTOMOVILES,HB,STEPWAY HB,Estimado,Modelo estadístico,0.2974839051024631,5.892414266692327e-05
2026-08,RENAULT,AUTOMOVILES,HB,TWIZY EV,Estimado,Modelo estadístico,0.048713807493484564,9.648990393636439e-06
2026-08,RENAULT,AUTOMOVILES,SD,LOGAN,Estimado,Modelo estadístico,0.048713807493484564,9.648990393636439e-06
2026-08,RENAULT,MICROBUS,SIN DEFINIR,MASTER,Estimado,Modelo estadístico,1.1170688118661152,0.00022126347311629552
2026-08,RENAULT,PANEL,SIN DEFINIR,DOKKER,Estimado,Modelo estadístico,0.048713807493484564,9.648990393636439e-06
2026-08,RENAULT,PANEL,SIN DEFINIR,EXPRESS,Estimado,Modelo estadístico,0.4704885169575671,9.319204172342732e-05
2026-08,RENAULT,PANEL,SIN DEFINIR,KANGOO EV,Estimado,Modelo estadístico,0.048713807493484564,9.648990393636439e-06
2026-08,RENAULT,PANEL,SIN DEFINIR,KANGOO EXPRESS,Estimado,Modelo estadístico,0.048713807493484564,9.648990393636439e-06
2026-08,RENAULT,PANEL,SIN DEFINIR,MASTER,Estimado,Modelo estadístico,0.31263700225323804,6.192559331027984e-05
2026-08,RENAULT,PICK-UP,SMALL,OROCH,Estimado,Modelo estadístico,0.17309885629797384,3.428656653027986e-05
2026-08,RENAULT,SUV,SIN DEFINIR,ARKANA,Estimado,Modelo estadístico,0.048713807493484564,9.648990393636439e-06
2026-08,RENAULT,SUV,SIN DEFINIR,ARKANA HEV,Estimado,Modelo estadístico,3.4937269337363888,0.0006920201757195867
2026-08,RENAULT,SUV,SIN DEFINIR,CAPTUR,Estimado,Modelo estadístico,0.048713807493484564,9.648990393636439e-06
2026-08,RENAULT,SUV,SIN DEFINIR,DUSTER,Estimado,Modelo estadístico,0.32146955620743306,6.367510197405453e-05
2026-08,RENAULT,SUV,SIN DEFINIR,KARDIAN,Estimado,Modelo estadístico,0.5311009055606667,0.00010519784429685354
2026-08,RENAULT,SUV,SIN DEFINIR,KOLEOS,Estimado,Modelo estadístico,3.0109329110654124,0.0005963907202006271
2026-08,RIVIAN,SUV,SIN DEFINIR,R1S,Estimado,Modelo estadístico,0.20630974182983217,4.086481470979078e-05
2026-08,ROLLS-ROYCE,AUTOMOVILES,SD,GHOST,Estimado,Modelo estadístico,0.04583871703085401,9.079506674703806e-06
2026-08,SAGMOTO,CAMIONES,SIN DEFINIR,X6S,Estimado,Modelo estadístico,0.06268020121404186,1.2415384682594983e-05
2026-08,SAGMOTO,CAMIONES,SIN DEFINIR,X9,Estimado,Modelo estadístico,0.09799299063040347,1.9409967602366805e-05
2026-08,SAGMOTO,CAMIONES,[2] LIVIANO [LD],I9,Estimado,Modelo estadístico,0.09799299063040347,1.9409967602366805e-05
2026-08,SAGMOTO,CAMIONES,[4] PESADO [HD],SX5253GS,Estimado,Modelo estadístico,0.06268020121404186,1.2415384682594983e-05
2026-08,SAGMOTO,CAMIONES,[4] PESADO [HD],X3S,Estimado,Modelo estadístico,0.2745569377122115,5.438288220122591e-05
2026-08,SANY,CAMIONES,SIN DEFINIR,HQC42503S,Estimado,Modelo estadístico,0.21350050260856646,4.228912509009158e-05
2026-08,SANY,CAMIONES,[3] MEDIANO [MD],SYZ420C,Estimado,Modelo estadístico,2.025019918681251,0.00040110594403632303
2026-08,SANY,CAMIONES,[4] PESADO [HD],HQC42593S,Estimado,Modelo estadístico,0.16174280500648974,3.203721597734211e-05
2026-08,SANY,CAMIONES,[4] PESADO [HD],SY39 RZ5-165,Estimado,Modelo estadístico,0.16174280500648974,3.203721597734211e-05
2026-08,SANY,CAMIONES,[4] PESADO [HD],SY410C,Estimado,Modelo estadístico,0.6793197810272569,0.00013455630710483684
2026-08,SANY,CAMIONES,[4] PESADO [HD],SYG5230THB,Estimado,Modelo estadístico,0.16174280500648974,3.203721597734211e-05
2026-08,SANY,CAMIONES,[4] PESADO [HD],SYP5312JSQSQ3,Estimado,Modelo estadístico,0.2652582002106431,5.2541034202841044e-05
2026-08,SCANIA,CAMIONES,SIN DEFINIR,G460,Estimado,Modelo estadístico,0.01871738001604055,3.7074461895218015e-06
2026-08,SCANIA,CAMIONES,SIN DEFINIR,P380,Estimado,Modelo estadístico,0.01871738001604055,3.7074461895218015e-06
2026-08,SCANIA,CAMIONES,SIN DEFINIR,P410,Estimado,Modelo estadístico,0.01871738001604055,3.7074461895218015e-06
2026-08,SCANIA,CAMIONES,SIN DEFINIR,P460,Estimado,Modelo estadístico,0.06275827417143007,1.2430848988396626e-05
2026-08,SCANIA,CAMIONES,[4] PESADO [HD],G500,Estimado,Modelo estadístico,0.23892185079298814,4.732446018389593e-05
2026-08,SHACMAN,CAMIONES,SIN DEFINIR,F3000,Estimado,Modelo estadístico,0.8478513381788092,0.0001679382055778194
2026-08,SHACMAN,CAMIONES,SIN DEFINIR,H3000,Estimado,Modelo estadístico,0.5579065881519654,0.00011050738151282466
2026-08,SHACMAN,CAMIONES,SIN DEFINIR,L3000,Estimado,Modelo estadístico,0.15272796491974283,3.0251600976732194e-05
2026-08,SHACMAN,CAMIONES,SIN DEFINIR,X3000,Estimado,Modelo estadístico,1.3030871395738357,0.0002581090647348972
2026-08,SHACMAN,CAMIONES,SIN DEFINIR,X5000,Estimado,Modelo estadístico,0.15272796491974283,3.0251600976732194e-05
2026-08,SHACMAN,CAMIONES,[4] PESADO [HD],SX32556V384C,Estimado,Modelo estadístico,0.08979370612672291,1.7785893823668898e-05
2026-08,SHACMAN,CAMIONES,[4] PESADO [HD],SX33156V306C,Estimado,Modelo estadístico,0.16090774569742725,3.187181155371256e-05
2026-08,SHACMAN,CAMIONES,[4] PESADO [HD],SX5255GJB6R384C,Estimado,Modelo estadístico,0.08979370612672291,1.7785893823668898e-05
2026-08,SHINERAY,MICROBUS,SIN DEFINIR,X30,Estimado,Modelo estadístico,0.027148752651943903,5.3774908391805596e-06
2026-08,SHINERAY,PANEL,SIN DEFINIR,X30,Estimado,Modelo estadístico,0.03921486494169675,7.767486767705252e-06
2026-08,SINOTRUK,CAMIONES,SIN DEFINIR,HOMAN,Estimado,Modelo estadístico,2.083595892881294,0.00041270838370252463
2026-08,SINOTRUK,CAMIONES,SIN DEFINIR,HOWO,Estimado,Modelo estadístico,5.9213015550741215,0.0011728621670637513
2026-08,SINOTRUK,CAMIONES,SIN DEFINIR,SITRAK,Estimado,Modelo estadístico,10.721816237528813,0.002123724405900477
2026-08,SINOTRUK,CAMIONES,SIN DEFINIR,ZZ1067F341BD165,Estimado,Modelo estadístico,0.035877291314075646,7.106396667628849e-06
2026-08,SINOTRUK,CAMIONES,SIN DEFINIR,ZZ1168G4215C1,Estimado,Modelo estadístico,0.035877291314075646,7.106396667628849e-06
2026-08,SINOTRUK,CAMIONES,SIN DEFINIR,ZZ1257V5847N1,Estimado,Modelo estadístico,0.1288242931069217,2.551687972289881e-05
2026-08,SINOTRUK,CAMIONES,SIN DEFINIR,ZZ3256V364MC1,Estimado,Modelo estadístico,0.035877291314075646,7.106396667628849e-06
2026-08,SINOTRUK,CAMIONES,[4] PESADO [HD],HOVA,Estimado,Modelo estadístico,0.09794879481021766,1.9401213512584995e-05
2026-08,SINOTRUK,PANEL,SIN DEFINIR,V VANGUARD,Estimado,Modelo estadístico,0.22209180180250168,4.399084720249729e-05
2026-08,SINOTRUK,PICK-UP,MEDIUM,BOLDEN,Estimado,Modelo estadístico,5.936409370646129,0.0011758546485556287
2026-08,SKYWELL,MICROBUS,SIN DEFINIR,NJL5039,Estimado,Modelo estadístico,0.0728586427840146,1.4431480118041957e-05
2026-08,SKYWELL,PANEL,SIN DEFINIR,NJL5040,Estimado,Modelo estadístico,0.0728586427840146,1.4431480118041957e-05
2026-08,SKYWELL,SUV,SIN DEFINIR,BE11,Estimado,Modelo estadístico,0.20946859800404197,4.149050533937062e-05
2026-08,SMART,SUV,SIN DEFINIR,#1,Estimado,Modelo estadístico,0.23410487626471865,4.637033766009443e-05
2026-08,SMART,SUV,SIN DEFINIR,#3,Estimado,Modelo estadístico,0.27012101107467534,5.3504235761647416e-05
2026-08,SOUEAST,SUV,SIN DEFINIR,DX3,Estimado,Modelo estadístico,0.5031786876781488,9.966714928490085e-05
2026-08,SOUEAST,SUV,SIN DEFINIR,DX7,Estimado,Modelo estadístico,0.04919975196767619,9.745243875032711e-06
2026-08,SOUEAST,SUV,SIN DEFINIR,S06,Estimado,Modelo estadístico,0.2773112557654119,5.492844391778655e-05
2026-08,SOUEAST,SUV,SIN DEFINIR,S07,Estimado,Modelo estadístico,1.5777349462458146,0.0003125099458108773
2026-08,SOUEAST,SUV,SMALL,S08,Estimado,Modelo estadístico,0.12523691990025476,2.480631055595066e-05
2026-08,SOUEAST,SUV,SMALL,S09,Estimado,Modelo estadístico,1.099169924126476,0.00021771814983439738
2026-08,SSANG YONG,PICK-UP,MEDIUM,REXTON SPORT,Estimado,Modelo estadístico,0.013728070232591828,2.719188349528244e-06
2026-08,SSANG YONG,SUV,SIN DEFINIR,ACTYON,Estimado,Modelo estadístico,0.6283620182061826,0.0001244628451226768
2026-08,SSANG YONG,SUV,SIN DEFINIR,TIVOLI,Estimado,Modelo estadístico,0.45855165953769966,9.082764796114721e-05
2026-08,SSANG YONG,SUV,SIN DEFINIR,TORRES,Estimado,Modelo estadístico,1.3871429718247226,0.0002747584288402671
2026-08,SSANG YONG,SUV,SIN DEFINIR,TORRES EV,Estimado,Modelo estadístico,0.013728070232591828,2.719188349528244e-06
2026-08,SSANG YONG,SUV,SMALL,REXTON,Estimado,Modelo estadístico,2.762285336619739,0.0005471398367103929
2026-08,SUBARU,SUV,MEDIUM,EVOLTIS,Estimado,Modelo estadístico,0.08113305959549623,1.6070435733194982e-05
2026-08,SUBARU,SUV,SIN DEFINIR,CROSSTREK,Estimado,Modelo estadístico,1.9213755674228166,0.0003805765828324986
2026-08,SUBARU,SUV,SIN DEFINIR,FORESTER,Estimado,Modelo estadístico,2.0019545334541426,0.00039653726644913877
2026-08,SUBARU,SUV,SIN DEFINIR,OUTBACK,Estimado,Modelo estadístico,0.2165057225281235,4.2884384209150367e-05
2026-08,SUBARU,SUV,SIN DEFINIR,XV,Estimado,Modelo estadístico,0.009426833644024314,1.8672206496231104e-06
2026-08,SUZUKI,AUTOMOVILES,HB,ALTO,Estimado,Modelo estadístico,7.259688598191514,0.0014379632623483776
2026-08,SUZUKI,AUTOMOVILES,HB,BALENO,Estimado,Modelo estadístico,7.847039130777398,0.0015543027549527373
2026-08,SUZUKI,AUTOMOVILES,HB,CELERIO HB,Estimado,Modelo estadístico,3.183873456705376,0.0006306459293376554
2026-08,SUZUKI,AUTOMOVILES,HB,S-PRESSO,Estimado,Modelo estadístico,18.083870868204784,0.003581963826383472
2026-08,SUZUKI,AUTOMOVILES,HB,SWIFT HB,Estimado,Modelo estadístico,36.49451270785922,0.007228652832888795
2026-08,SUZUKI,AUTOMOVILES,SD,CIAZ,Estimado,Modelo estadístico,0.013899662083532108,2.7531764158802843e-06
2026-08,SUZUKI,AUTOMOVILES,SD,SWIFT D-ZIRE,Estimado,Modelo estadístico,7.534386567999414,0.0014923740794905683
2026-08,SUZUKI,PANEL,SIN DEFINIR,APV,Estimado,Modelo estadístico,15.372789412725531,0.003044966201556384
2026-08,SUZUKI,PANEL,SIN DEFINIR,EECO,Estimado,Modelo estadístico,4.583541132561687,0.0009078851896937121
2026-08,SUZUKI,PASAJEROS,SIN DEFINIR,XL7,Estimado,Modelo estadístico,8.889440034984828,0.0017607763777004704
2026-08,SUZUKI,SUV,SIN DEFINIR,ACROSS,Estimado,Modelo estadístico,20.991201139081298,0.00415783344730292
2026-08,SUZUKI,SUV,SIN DEFINIR,E VITARA,Estimado,Modelo estadístico,0.3212593906842319,6.363347342521418e-05
2026-08,SUZUKI,SUV,SIN DEFINIR,FRONX,Estimado,Modelo estadístico,77.16618057441202,0.015284695928884288
2026-08,SUZUKI,SUV,SIN DEFINIR,GRAND VITARA,Estimado,Modelo estadístico,29.97345938734877,0.005936994798266638
2026-08,SUZUKI,SUV,SIN DEFINIR,JIMNY,Estimado,Modelo estadístico,118.13517967901717,0.02339963292801143
2026-08,SUZUKI,SUV,SIN DEFINIR,S CROSS,Estimado,Modelo estadístico,2.4380105208042298,0.0004829090827681854
2026-08,SUZUKI,SUV,SIN DEFINIR,VITARA,Estimado,Modelo estadístico,13.936997927556254,0.0027605717154650165
2026-08,SWM,SUV,SIN DEFINIR,G01,Estimado,Modelo estadístico,2.6171395382645883,0.0005183900738388937
2026-08,TESLA,AUTOMOVILES,SD,MODEL 3 EV,Estimado,Modelo estadístico,0.1049039386958367,2.077885406239571e-05
2026-08,TESLA,AUTOMOVILES,SD,MODEL S EV,Estimado,Modelo estadístico,0.1214282681104131,2.4051911620129357e-05
2026-08,TESLA,PICK-UP,LARGE,CYBERTRUCK,Estimado,Modelo estadístico,0.36290493764816645,7.188241768288661e-05
2026-08,TESLA,SUV,SIN DEFINIR,MODEL X,Estimado,Modelo estadístico,0.014275657782902101,2.827651786990517e-06
2026-08,TESLA,SUV,SIN DEFINIR,MODEL Y,Estimado,Modelo estadístico,0.9096558165768571,0.00018018013141016657
2026-08,TOYOTA,AUTOMOVILES,HB,AGYA,Estimado,Modelo estadístico,9.421674869131882,0.001866198824971308
2026-08,TOYOTA,AUTOMOVILES,HB,YARIS GR,Estimado,Modelo estadístico,0.638209953938035,0.00012641347559405808
2026-08,TOYOTA,AUTOMOVILES,HB,YARIS HB,Estimado,Modelo estadístico,1.7835566265459353,0.00035327808770337045
2026-08,TOYOTA,AUTOMOVILES,SD,BZ3,Estimado,Modelo estadístico,3.023573937564261,0.0005988945922962215
2026-08,TOYOTA,AUTOMOVILES,SD,COROLLA,Estimado,Modelo estadístico,0.7392695452708091,0.00014643086031778724
2026-08,TOYOTA,AUTOMOVILES,SD,COROLLA GR,Estimado,Modelo estadístico,0.013906042289592918,2.7544401755853413e-06
2026-08,TOYOTA,AUTOMOVILES,SD,COROLLA HV,Estimado,Modelo estadístico,1.5796250793833193,0.0003128843340474962
2026-08,TOYOTA,AUTOMOVILES,SD,YARIS SD,Estimado,Modelo estadístico,21.66468552934207,0.004291233909025388
2026-08,TOYOTA,BUSETAS,SIN DEFINIR,COASTER,Estimado,Modelo estadístico,2.9503545994414435,0.0005843916674269228
2026-08,TOYOTA,MICROBUS,SIN DEFINIR,HIACE,Estimado,Modelo estadístico,23.237323321356662,0.004602734235700694
2026-08,TOYOTA,PANEL,SIN DEFINIR,HIACE,Estimado,Modelo estadístico,2.7623345649610034,0.0005471495876170947
2026-08,TOYOTA,PANEL,SIN DEFINIR,LITE ACE,Estimado,Modelo estadístico,16.363864790422763,0.003241273517506779
2026-08,TOYOTA,PASAJEROS,SIN DEFINIR,AVANZA,Estimado,Modelo estadístico,1.8428174236230286,0.0003650161737027576
2026-08,TOYOTA,PASAJEROS,SIN DEFINIR,SIENNA,Estimado,Modelo estadístico,0.013906042289592918,2.7544401755853413e-06
2026-08,TOYOTA,PICK-UP,LARGE,TUNDRA,Estimado,Modelo estadístico,0.7782533879639911,0.00015415258733951221
2026-08,TOYOTA,PICK-UP,LARGE,TUNDRA HEV,Estimado,Modelo estadístico,0.4370868330261165,8.65760011392674e-05
2026-08,TOYOTA,PICK-UP,MEDIUM,HI-LUX,Estimado,Modelo estadístico,146.0533143931889,0.02892951916614465
2026-08,TOYOTA,PICK-UP,MEDIUM,LAND CRUISER PK,Estimado,Modelo estadístico,5.64159632787619,0.0011174595371082974
2026-08,TOYOTA,PICK-UP,MEDIUM,TACOMA,Estimado,Modelo estadístico,2.041860016382716,0.0004044415474167623
2026-08,TOYOTA,SUV,LARGE,LAND CRUISER,Estimado,Modelo estadístico,4.1689140848603605,0.0008257579119040005
2026-08,TOYOTA,SUV,LARGE,LAND CRUISER 300,Estimado,Modelo estadístico,7.608578595663728,0.0015070696699001891
2026-08,TOYOTA,SUV,LARGE,LAND CRUISER 300 HEV,Estimado,Modelo estadístico,0.2680353251983082,5.309111340433832e-05
2026-08,TOYOTA,SUV,LARGE,SEQUOIA,Estimado,Modelo estadístico,0.053936674370691814,1.0683510069236732e-05
2026-08,TOYOTA,SUV,LARGE,SEQUOIA HEV,Estimado,Modelo estadístico,0.6301936819949577,0.00012482565203947603
2026-08,TOYOTA,SUV,MEDIUM,4RUNNER,Estimado,Modelo estadístico,12.662430869003144,0.0025081117675196767
2026-08,TOYOTA,SUV,MEDIUM,4RUNNER HEV,Estimado,Modelo estadístico,0.326057998113814,6.458395788482172e-05
2026-08,TOYOTA,SUV,MEDIUM,HIGHLANDER,Estimado,Modelo estadístico,0.03392135833014237,6.718975122411037e-06
2026-08,TOYOTA,SUV,MEDIUM,HIGHLANDER HEV,Estimado,Modelo estadístico,0.09194403124564818,1.8211819602894433e-05
2026-08,TOYOTA,SUV,MEDIUM,LAND CRUISER LX,Estimado,Modelo estadístico,4.140933224511021,0.0008202156012818515
2026-08,TOYOTA,SUV,MEDIUM,PRADO,Estimado,Modelo estadístico,76.31296401009322,0.0151156950058112
2026-08,TOYOTA,SUV,SIN DEFINIR,BZ4X,Estimado,Modelo estadístico,2.8241290993218295,0.000559389543783662
2026-08,TOYOTA,SUV,SIN DEFINIR,BZ5,Estimado,Modelo estadístico,0.23205124352949436,4.59635642306743e-05
2026-08,TOYOTA,SUV,SIN DEFINIR,C-HR,Estimado,Modelo estadístico,0.013906042289592918,2.7544401755853413e-06
2026-08,TOYOTA,SUV,SIN DEFINIR,COROLLA CROSS,Estimado,Modelo estadístico,18.409033654477664,0.003646370465128241
2026-08,TOYOTA,SUV,SIN DEFINIR,COROLLA CROSS HV,Estimado,Modelo estadístico,4.452823541991881,0.0008819932949602516
2026-08,TOYOTA,SUV,SIN DEFINIR,RAIZE,Estimado,Modelo estadístico,75.78917054785809,0.01501194458379723
2026-08,TOYOTA,SUV,SIN DEFINIR,RAV4,Estimado,Modelo estadístico,164.65557303836638,0.03261416268310367
2026-08,TOYOTA,SUV,SIN DEFINIR,RAV4 HV,Estimado,Modelo estadístico,22.436704154422888,0.004444151545326134
2026-08,TOYOTA,SUV,SIN DEFINIR,RUSH,Estimado,Modelo estadístico,9.590529755719874,0.0018996447669421552
2026-08,TOYOTA,SUV,SIN DEFINIR,YARIS CROSS,Estimado,Modelo estadístico,102.33551101231465,0.02027011259215919
2026-08,TOYOTA,SUV,SIN DEFINIR,YARIS CROSS HV,Estimado,Modelo estadístico,7.753708844178083,0.0015358163527360233
2026-08,TOYOTA,SUV,SMALL,FJ CRUISER,Estimado,Modelo estadístico,0.013906042289592918,2.7544401755853413e-06
2026-08,TOYOTA,SUV,SMALL,FORTUNER,Estimado,Modelo estadístico,52.84661324009506,0.010467596144236898
2026-08,UD,CAMIONES,SIN DEFINIR,CRONER,Estimado,Modelo estadístico,0.4765297490242005,9.438865913389088e-05
2026-08,UD,CAMIONES,SIN DEFINIR,QUESTER,Estimado,Modelo estadístico,0.45535064906756934,9.019360761682907e-05
2026-08,VGV,PICK-UP,MEDIUM,VX7,Estimado,Modelo estadístico,0.8770232924620202,0.0001737164422036457
2026-08,VGV,SUV,SIN DEFINIR,U70-U75,Estimado,Modelo estadístico,8.466003992892352,0.0016769042578088729
2026-08,VOLKSWAGEN,AUTOMOVILES,HB,ID3,Estimado,Modelo estadístico,0.5216896670510529,0.00010333371265443101
2026-08,VOLKSWAGEN,AUTOMOVILES,SD,ID.7,Estimado,Modelo estadístico,0.014948987288651858,2.961021569954009e-06
2026-08,VOLKSWAGEN,AUTOMOVILES,SD,JETTA,Estimado,Modelo estadístico,0.24420555590394924,4.837103039636167e-05
2026-08,VOLKSWAGEN,BUS,SIN DEFINIR,17-260,Estimado,Modelo estadístico,0.4949577591451799,9.803878836378013e-05
2026-08,VOLKSWAGEN,CAMIONES,SIN DEFINIR,CONSTELLATION,Estimado,Modelo estadístico,4.833666540105222,0.0009574287950650385
2026-08,VOLKSWAGEN,CAMIONES,SIN DEFINIR,DELIVERY,Estimado,Modelo estadístico,3.006760798045879,0.0005955643286595424
2026-08,VOLKSWAGEN,CAMIONES,SIN DEFINIR,E-DELIVERY,Estimado,Modelo estadístico,0.014948987288651858,2.961021569954009e-06
2026-08,VOLKSWAGEN,CAMIONES,SIN DEFINIR,METEOR,Estimado,Modelo estadístico,0.3646239593126582,7.222291300404072e-05
2026-08,VOLKSWAGEN,MICROBUS,SIN DEFINIR,VOLARE,Estimado,Modelo estadístico,0.014948987288651858,2.961021569954009e-06
2026-08,VOLKSWAGEN,PICK-UP,MEDIUM,AMAROK,Estimado,Modelo estadístico,3.722927253575952,0.0007374190430663064
2026-08,VOLKSWAGEN,PICK-UP,SMALL,SAVEIRO,Estimado,Modelo estadístico,4.1298142004674965,0.0008180131999155258
2026-08,VOLKSWAGEN,SUV,SIN DEFINIR,ATLAS,Estimado,Modelo estadístico,0.014948987288651858,2.961021569954009e-06
2026-08,VOLKSWAGEN,SUV,SIN DEFINIR,ID.4,Estimado,Modelo estadístico,3.7114954963647517,0.0007351546970586984
2026-08,VOLKSWAGEN,SUV,SIN DEFINIR,ID.6,Estimado,Modelo estadístico,1.119649158597127,0.00022177457545259133
2026-08,VOLKSWAGEN,SUV,SIN DEFINIR,ID.UNYX,Estimado,Modelo estadístico,1.2295707127424902,0.00024354729400151721
2026-08,VOLKSWAGEN,SUV,SIN DEFINIR,NIVUS,Estimado,Modelo estadístico,3.5782203232770655,0.0007087562090118481
2026-08,VOLKSWAGEN,SUV,SIN DEFINIR,T-CROSS,Estimado,Modelo estadístico,8.515414834585892,0.0016866913132942446
2026-08,VOLKSWAGEN,SUV,SIN DEFINIR,TAOS,Estimado,Modelo estadístico,2.1518575631870864,0.00042622931821626104
2026-08,VOLKSWAGEN,SUV,SIN DEFINIR,TERA,Estimado,Modelo estadístico,12.31485760446165,0.0024392661719235148
2026-08,VOLKSWAGEN,SUV,SIN DEFINIR,TIGUAN,Estimado,Modelo estadístico,5.360695287267329,0.0010618200463384598
2026-08,VOLVO,AUTOMOVILES,SD,S60,Estimado,Modelo estadístico,0.010589076180522999,2.0974319110042164e-06
2026-08,VOLVO,BUS,SIN DEFINIR,B430R,Estimado,Modelo estadístico,0.14450268867120186,2.862237888158406e-05
2026-08,VOLVO,BUS,SIN DEFINIR,B450R,Estimado,Modelo estadístico,0.2784163011618807,5.51473258521639e-05
2026-08,VOLVO,CAMIONES,SIN DEFINIR,FM,Estimado,Modelo estadístico,0.010589076180522999,2.0974319110042164e-06
2026-08,VOLVO,SUV,MEDIUM,EX90,Estimado,Modelo estadístico,0.3806696753372464,7.540116918532931e-05
2026-08,VOLVO,SUV,MEDIUM,XC90,Estimado,Modelo estadístico,0.010589076180522999,2.0974319110042164e-06
2026-08,VOLVO,SUV,MEDIUM,XC90 B6-T8,Estimado,Modelo estadístico,0.37548239197702854,7.437369771702936e-05
2026-08,VOLVO,SUV,SIN DEFINIR,C40 P8,Estimado,Modelo estadístico,1.625483176945732,0.0003219676795221718
2026-08,VOLVO,SUV,SIN DEFINIR,EX30,Estimado,Modelo estadístico,11.888474339262059,0.002354810280635024
2026-08,VOLVO,SUV,SIN DEFINIR,EX40,Estimado,Modelo estadístico,2.755818132239439,0.0005458588448078908
2026-08,VOLVO,SUV,SIN DEFINIR,XC40,Estimado,Modelo estadístico,1.4122114763365825,0.0002797238744020849
2026-08,VOLVO,SUV,SIN DEFINIR,XC60 B5-B6,Estimado,Modelo estadístico,1.3835315920186484,0.0002740431045646756
2026-08,VOLVO,SUV,SIN DEFINIR,XC60 T8,Estimado,Modelo estadístico,0.22237059979098295,4.404607013108854e-05
2026-08,VOYAH - DONGFENG,SUV,SIN DEFINIR,COURAGE,Estimado,Modelo estadístico,0.7363633808349895,0.00014585522161971788
2026-08,WULING,AUTOMOVILES,HB,BINGO,Estimado,Modelo estadístico,4.324410436615938,0.0008565578612722728
2026-08,WULING,AUTOMOVILES,HB,MINI EV,Estimado,Modelo estadístico,0.017746213388687565,3.5150823005114306e-06
2026-08,WULING,MICROBUS,SIN DEFINIR,LZW6500BEVA3,Estimado,Modelo estadístico,0.6409887189135944,0.00012696387963625767
2026-08,WULING,PANEL,SIN DEFINIR,EV50,Estimado,Modelo estadístico,5.190541873240609,0.0010281168984659012
2026-08,WULING,PANEL,SIN DEFINIR,YANGGUANG,Estimado,Modelo estadístico,1.5526063046106984,0.0003075325885846987
2026-08,WULING,PASAJEROS,SIN DEFINIR,ZENGCHENG,Estimado,Modelo estadístico,0.20788743240190247,4.1177315866184136e-05
2026-08,WULING,PICK-UP,SMALL,RONGGUANG,Estimado,Modelo estadístico,0.14239471449366897,2.820484176766068e-05
2026-08,WULING,SUV,SIN DEFINIR,XINGCHI,Estimado,Modelo estadístico,0.017746213388687565,3.5150823005114306e-06
2026-08,XCMG,CAMIONES,SIN DEFINIR,SLM2600S,Estimado,Modelo estadístico,0.04974744483968652,9.853728174097153e-06
2026-08,XCMG,CAMIONES,[3] MEDIANO [MD],SLM4,Estimado,Modelo estadístico,0.083859978444043,1.6610570350620918e-05
2026-08,XCMG,CAMIONES,[4] PESADO [HD],XGA3251D3WC,Estimado,Modelo estadístico,0.04974744483968652,9.853728174097153e-06
2026-08,XIAOMI,AUTOMOVILES,SD,SU7,Estimado,Modelo estadístico,0.039243351708903036,7.77312928585898e-06
2026-08,XIAOMI,SUV,SIN DEFINIR,YU7,Estimado,Modelo estadístico,0.3036308106474747,6.014169135806881e-05
2026-08,XPENG,AUTOMOVILES,SD,P7,Estimado,Modelo estadístico,0.18016176429207154,3.5685552462457334e-05
2026-08,XPENG,PASAJEROS,SIN DEFINIR,X9,Estimado,Modelo estadístico,0.3269901432316086,6.476859258594374e-05
2026-08,XPENG,SUV,MEDIUM,G9,Estimado,Modelo estadístico,0.29228689272760006,5.789474412345344e-05
2026-08,XPENG,SUV,SIN DEFINIR,G3,Estimado,Modelo estadístico,0.1857235343920476,3.678720041460029e-05
2026-08,XPENG,SUV,SIN DEFINIR,G6,Estimado,Modelo estadístico,1.1105216538770026,0.0002199666443978461
2026-08,XPENG,SUV,SIN DEFINIR,G7,Estimado,Modelo estadístico,0.11638758437895634,2.305347788224732e-05
2026-08,YAXING,BUS,SIN DEFINIR,YBL6125H,Estimado,Modelo estadístico,0.04583871703085401,9.079506674703806e-06
2026-08,YUTONG,BUS,SIN DEFINIR,ZK6117H,Estimado,Modelo estadístico,0.09689414398843113,1.9192313486664828e-05
2026-08,YUTONG,BUS,SIN DEFINIR,ZK6132H,Estimado,Modelo estadístico,0.09689414398843113,1.9192313486664828e-05
2026-08,YUTONG,BUSETAS,SIN DEFINIR,ZK6729D2,Estimado,Modelo estadístico,0.6844306094469433,0.00013556863475612285
2026-08,YUTONG,BUSETAS,SIN DEFINIR,ZK6860D D9,Estimado,Modelo estadístico,0.4745961574974747,9.400566287417357e-05
2026-08,YUTONG,BUSETAS,SIN DEFINIR,ZK6907H C9,Estimado,Modelo estadístico,0.41164582191263416,8.153677130958879e-05
2026-08,YUTONG,MICROBUS,SIN DEFINIR,ZK6600DQ,Estimado,Modelo estadístico,0.44744111077460236,8.862692533650955e-05
2026-08,ZEEKR,AUTOMOVILES,SD,001,Estimado,Modelo estadístico,2.355757150389061,0.0004666167414009798
2026-08,ZEEKR,AUTOMOVILES,SD,007,Estimado,Modelo estadístico,0.5071157167762322,0.0001004469765638906
2026-08,ZEEKR,PASAJEROS,SIN DEFINIR,09,Estimado,Modelo estadístico,0.21694916335350176,4.2972218777712744e-05
2026-08,ZEEKR,SUV,LARGE,9X,Estimado,Modelo estadístico,0.9212418358987986,0.00018247503289477854
2026-08,ZEEKR,SUV,SIN DEFINIR,7X,Estimado,Modelo estadístico,11.476019407301976,0.0022731132448033844
2026-08,ZEEKR,SUV,SIN DEFINIR,X,Estimado,Modelo estadístico,7.462289201470717,0.00147809338921328
2026-08,ZHONGKE,CAMIONES,[4] PESADO [HD],315,Estimado,Modelo estadístico,0.09167743406170802,1.8159013349407612e-05
2026-08,ZOOMLION,CAMIONES,[4] PESADO [HD],ZAT300V8G,Estimado,Modelo estadístico,0.04583871703085401,9.079506674703806e-06
2026-08,ZOOMLION,CAMIONES,[4] PESADO [HD],ZTC250V5-1,Estimado,Modelo estadístico,0.04583871703085401,9.079506674703806e-06
2026-08,ZX,PICK-UP,MEDIUM,GRAND LION,Estimado,Modelo estadístico,0.7492058890371327,0.00014839900221599444
2026-08,ZX,PICK-UP,MEDIUM,GRAND TIGER,Estimado,Modelo estadístico,0.011965862828483408,2.370139010362724e-06
2026-08,ZX,PICK-UP,MEDIUM,TERRALORD,Estimado,Modelo estadístico,0.49060037596781964,9.717569942487167e-05
2026-09,AIMA,AUTOMOVILES,HB,A05,Estimado,Modelo estadístico,0.04641781096427017,9.079513724239713e-06
2026-09,AION,AUTOMOVILES,HB,UT,Estimado,Modelo estadístico,3.1109518924829263,0.0006085149173663181
2026-09,AION,AUTOMOVILES,SD,S,Estimado,Modelo estadístico,0.5714132782357914,0.00011177077492836153
2026-09,AION,SUV,SIN DEFINIR,I60,Estimado,Modelo estadístico,2.4178088855027506,0.0004729333094877907
2026-09,AION,SUV,SIN DEFINIR,LX,Estimado,Modelo estadístico,0.019507875566578358,3.815820269375637e-06
2026-09,AION,SUV,SIN DEFINIR,V,Estimado,Modelo estadístico,9.062531512443368,0.0017726682395023232
2026-09,AION,SUV,SIN DEFINIR,Y,Estimado,Modelo estadístico,7.3079317145390155,0.001429461340799506
2026-09,AITO,SUV,LARGE,M9,Estimado,Modelo estadístico,0.03319304508929865,6.492695415334807e-06
2026-09,AIWAYS,SUV,SIN DEFINIR,U5,Estimado,Modelo estadístico,0.09957913526789597,1.9478086246004427e-05
2026-09,ANKAI,BUS,SIN DEFINIR,HFF6130GZ-5,Estimado,Modelo estadístico,0.7950773561206672,0.0001555203835934129
2026-09,ANKAI,BUSETAS,SIN DEFINIR,HFF,Estimado,Modelo estadístico,0.13327886316473614,2.6069890891381355e-05
2026-09,ARCFOX,AUTOMOVILES,SD,ALPHA S,Estimado,Modelo estadístico,0.5163547300959891,0.00010100109766251962
2026-09,ARCFOX,PASAJEROS,SIN DEFINIR,KAOLA S,Estimado,Modelo estadístico,0.4033095132181797,7.88889907626103e-05
2026-09,ARCFOX,SUV,SIN DEFINIR,ALPHA T,Estimado,Modelo estadístico,0.577050749887174,0.00011287348744679849
2026-09,ASTON MARTIN,AUTOMOVILES,SD,VANTAGE,Estimado,Modelo estadístico,0.01058495639214425,2.070460774355124e-06
2026-09,AUDI,AUTOMOVILES,HB,A3,Estimado,Modelo estadístico,0.8093468444110731,0.00015831155388083438
2026-09,AUDI,AUTOMOVILES,SD,A3,Estimado,Modelo estadístico,0.11665731502438985,2.281864807481356e-05
2026-09,AUDI,AUTOMOVILES,SD,A4,Estimado,Modelo estadístico,0.014666558069443624,2.8688387606510617e-06
2026-09,AUDI,AUTOMOVILES,SD,A5,Estimado,Modelo estadístico,0.6053653305011808,0.0001184119352525094
2026-09,AUDI,AUTOMOVILES,SD,A6,Estimado,Modelo estadístico,0.014666558069443624,2.8688387606510617e-06
2026-09,AUDI,AUTOMOVILES,SD,A6 E-TRON,Estimado,Modelo estadístico,0.7212217796323955,0.00014107393068220025
2026-09,AUDI,AUTOMOVILES,SD,A8,Estimado,Modelo estadístico,0.11033676028640674,2.1582321710080424e-05
2026-09,AUDI,AUTOMOVILES,SD,E-TRON GT,Estimado,Modelo estadístico,0.163350363590876,3.1951999400069625e-05
2026-09,AUDI,AUTOMOVILES,SD,RS3,Estimado,Modelo estadístico,0.23883431889358758,4.6716969869237525e-05
2026-09,AUDI,AUTOMOVILES,SD,S3,Estimado,Modelo estadístico,0.3281839663725676,6.419412645393375e-05
2026-09,AUDI,SUV,LARGE,Q7,Estimado,Modelo estadístico,1.6557193300607786,0.00032386547466332444
2026-09,AUDI,SUV,LARGE,Q8,Estimado,Modelo estadístico,0.35267254319780605,6.89841922660204e-05
2026-09,AUDI,SUV,LARGE,RSQ8,Estimado,Modelo estadístico,0.06768016137391289,1.3238516450640262e-05
2026-09,AUDI,SUV,LARGE,SQ7,Estimado,Modelo estadístico,0.20600696250336986,4.029580465950979e-05
2026-09,AUDI,SUV,SIN DEFINIR,E-TRON,Estimado,Modelo estadístico,0.014666558069443624,2.8688387606510617e-06
2026-09,AUDI,SUV,SIN DEFINIR,Q2,Estimado,Modelo estadístico,1.5689156692784942,0.0003068863234923728
2026-09,AUDI,SUV,SIN DEFINIR,Q2 E-TRON,Estimado,Modelo estadístico,0.014666558069443624,2.8688387606510617e-06
2026-09,AUDI,SUV,SIN DEFINIR,Q3,Estimado,Modelo estadístico,16.752167022875568,0.00327679240436465
2026-09,AUDI,SUV,SIN DEFINIR,Q4 E-TRON,Estimado,Modelo estadístico,1.3608977057146097,0.0002661971587982319
2026-09,AUDI,SUV,SIN DEFINIR,Q5,Estimado,Modelo estadístico,7.5505008841200825,0.0014769088627428397
2026-09,AUDI,SUV,SIN DEFINIR,Q5 E-TRON,Estimado,Modelo estadístico,0.11033676028640674,2.1582321710080424e-05
2026-09,AUDI,SUV,SIN DEFINIR,Q6 E-TRON,Estimado,Modelo estadístico,3.9957781875324905,0.0007815905605855698
2026-09,AUDI,SUV,SIN DEFINIR,Q8 E-TRON,Estimado,Modelo estadístico,1.3915417769612177,0.0002721912645018448
2026-09,AUDI,SUV,SIN DEFINIR,RSQ3,Estimado,Modelo estadístico,0.014666558069443624,2.8688387606510617e-06
2026-09,AUDI,SUV,SIN DEFINIR,SQ5,Estimado,Modelo estadístico,0.20600696250336986,4.029580465950979e-05
2026-09,AUDI,SUV,SIN DEFINIR,SQ8 E-TRON,Estimado,Modelo estadístico,0.014666558069443624,2.8688387606510617e-06
2026-09,AVATR,AUTOMOVILES,SD,12,Estimado,Modelo estadístico,0.032830689230715714,6.421817126964102e-06
2026-09,AVATR,SUV,MEDIUM,07,Estimado,Modelo estadístico,0.10760943219831104,2.1048845178293297e-05
2026-09,AVATR,SUV,SIN DEFINIR,11,Estimado,Modelo estadístico,0.6371525043231304,0.00012462963649639922
2026-09,B.M.W.,AUTOMOVILES,HB,118,Estimado,Modelo estadístico,0.2130355793145896,4.167063086251652e-05
2026-09,B.M.W.,AUTOMOVILES,HB,128,Estimado,Modelo estadístico,0.01432104924631674,2.801255821338366e-06
2026-09,B.M.W.,AUTOMOVILES,HB,I3 EV,Estimado,Modelo estadístico,0.268539616919695,5.2527447690311005e-05
2026-09,B.M.W.,AUTOMOVILES,SD,218,Estimado,Modelo estadístico,1.0874163416631115,0.0002127030851517881
2026-09,B.M.W.,AUTOMOVILES,SD,220,Estimado,Modelo estadístico,0.01432104924631674,2.801255821338366e-06
2026-09,B.M.W.,AUTOMOVILES,SD,320,Estimado,Modelo estadístico,1.4264985834397723,0.00027902895886063175
2026-09,B.M.W.,AUTOMOVILES,SD,330,Estimado,Modelo estadístico,0.01432104924631674,2.801255821338366e-06
2026-09,B.M.W.,AUTOMOVILES,SD,340,Estimado,Modelo estadístico,0.01432104924631674,2.801255821338366e-06
2026-09,B.M.W.,AUTOMOVILES,SD,420,Estimado,Modelo estadístico,0.33294445142560813,6.512529680590037e-05
2026-09,B.M.W.,AUTOMOVILES,SD,425,Estimado,Modelo estadístico,0.10202750410437875,1.9956997206927544e-05
2026-09,B.M.W.,AUTOMOVILES,SD,430,Estimado,Modelo estadístico,0.18973395896244075,3.7112738592516716e-05
2026-09,B.M.W.,AUTOMOVILES,SD,520I,Estimado,Modelo estadístico,0.10202750410437875,1.9956997206927544e-05
2026-09,B.M.W.,AUTOMOVILES,SD,530,Estimado,Modelo estadístico,0.01432104924631674,2.801255821338366e-06
2026-09,B.M.W.,AUTOMOVILES,SD,540I,Estimado,Modelo estadístico,0.01432104924631674,2.801255821338366e-06
2026-09,B.M.W.,AUTOMOVILES,SD,I4,Estimado,Modelo estadístico,0.06982508685142216,1.3658072649132853e-05
2026-09,B.M.W.,AUTOMOVILES,SD,I5,Estimado,Modelo estadístico,0.01432104924631674,2.801255821338366e-06
2026-09,B.M.W.,AUTOMOVILES,SD,I7,Estimado,Modelo estadístico,0.01432104924631674,2.801255821338366e-06
2026-09,B.M.W.,AUTOMOVILES,SD,M135,Estimado,Modelo estadístico,0.06982508685142216,1.3658072649132853e-05
2026-09,B.M.W.,AUTOMOVILES,SD,M2,Estimado,Modelo estadístico,0.34628237655864774,6.773424952862857e-05
2026-09,B.M.W.,AUTOMOVILES,SD,M240,Estimado,Modelo estadístico,0.10202750410437875,1.9956997206927544e-05
2026-09,B.M.W.,AUTOMOVILES,SD,M3,Estimado,Modelo estadístico,0.06982508685142216,1.3658072649132853e-05
2026-09,B.M.W.,AUTOMOVILES,SD,M4,Estimado,Modelo estadístico,0.01432104924631674,2.801255821338366e-06
2026-09,B.M.W.,AUTOMOVILES,SD,M440,Estimado,Modelo estadístico,0.18973395896244075,3.7112738592516716e-05
2026-09,B.M.W.,AUTOMOVILES,SD,M5,Estimado,Modelo estadístico,0.037091220439314815,7.2551944615998e-06
2026-09,B.M.W.,AUTOMOVILES,SD,Z4,Estimado,Modelo estadístico,0.01432104924631674,2.801255821338366e-06
2026-09,B.M.W.,SUV,LARGE,X6,Estimado,Modelo estadístico,4.819576482492485,0.000942728877316016
2026-09,B.M.W.,SUV,LARGE,X7,Estimado,Modelo estadístico,2.5639987103624806,0.000501528637306671
2026-09,B.M.W.,SUV,LARGE,XM,Estimado,Modelo estadístico,0.01432104924631674,2.801255821338366e-06
2026-09,B.M.W.,SUV,SIN DEFINIR,IX,Estimado,Modelo estadístico,3.2576003752491007,0.0006371999605481115
2026-09,B.M.W.,SUV,SIN DEFINIR,IX1,Estimado,Modelo estadístico,9.793921901136073,0.0019157311917174559
2026-09,B.M.W.,SUV,SIN DEFINIR,IX2,Estimado,Modelo estadístico,2.7520591015298117,0.000538314019191741
2026-09,B.M.W.,SUV,SIN DEFINIR,IX3,Estimado,Modelo estadístico,3.5374849757429443,0.0006919465334389203
2026-09,B.M.W.,SUV,SIN DEFINIR,X1,Estimado,Modelo estadístico,12.95980299698161,0.0025349904859820354
2026-09,B.M.W.,SUV,SIN DEFINIR,X2,Estimado,Modelo estadístico,0.037091220439314815,7.2551944615998e-06
2026-09,B.M.W.,SUV,SIN DEFINIR,X3,Estimado,Modelo estadístico,18.06133581200481,0.003532871175450923
2026-09,B.M.W.,SUV,SIN DEFINIR,X4,Estimado,Modelo estadístico,2.800043229597774,0.0005476999109494135
2026-09,B.M.W.,SUV,SIN DEFINIR,X5,Estimado,Modelo estadístico,9.629853574002722,0.0018836387557112217
2026-09,B.M.W.,SUV,SIN DEFINIR,X5 PHV,Estimado,Modelo estadístico,0.45285332353662666,8.857996274928423e-05
2026-09,BAIC,AUTOMOVILES,HB,EC3 EV,Estimado,Modelo estadístico,0.021422282342497177,4.190286066763454e-06
2026-09,BAIC,AUTOMOVILES,SD,U5,Estimado,Modelo estadístico,0.021422282342497177,4.190286066763454e-06
2026-09,BAIC,SUV,LARGE,BJ60,Estimado,Modelo estadístico,0.09181169505561998,1.7958743163155106e-05
2026-09,BAIC,SUV,LARGE,BJ60 EV,Estimado,Modelo estadístico,2.6504699089180734,0.0005184427575059474
2026-09,BAIC,SUV,SIN DEFINIR,BJ30,Estimado,Modelo estadístico,4.58156276881847,0.0008961724211849001
2026-09,BAIC,SUV,SIN DEFINIR,X3,Estimado,Modelo estadístico,15.225128083779369,0.002978097340617574
2026-09,BAIC,SUV,SIN DEFINIR,X5,Estimado,Modelo estadístico,3.920533923039887,0.0007668724746194567
2026-09,BAIC,SUV,SIN DEFINIR,X55,Estimado,Modelo estadístico,0.021422282342497177,4.190286066763454e-06
2026-09,BAIC,SUV,SIN DEFINIR,X7,Estimado,Modelo estadístico,0.021422282342497177,4.190286066763454e-06
2026-09,BAIC,SUV,SMALL,BJ40,Estimado,Modelo estadístico,4.226698066292364,0.0008267594335859343
2026-09,BAIC,SUV,SMALL,BJ40 EV,Estimado,Modelo estadístico,1.6403787747443217,0.00032086479928377146
2026-09,BAIC,SUV,SMALL,BJ41,Estimado,Modelo estadístico,1.2541191687863902,0.00024531084013403915
2026-09,BAIC,SUV,SMALL,BJ41 EV,Estimado,Modelo estadístico,1.0593771681070439,0.00020721850809332626
2026-09,BAOJUN,AUTOMOVILES,HB,E300,Estimado,Modelo estadístico,0.11689112055950616,2.2864381394002738e-05
2026-09,BAOJUN,SUV,SIN DEFINIR,YEP,Estimado,Modelo estadístico,0.11689112055950616,2.2864381394002738e-05
2026-09,BAOJUN,SUV,SIN DEFINIR,YUNHAI,Estimado,Modelo estadístico,1.4441823481355378,0.0002824879755810673
2026-09,BAW,PANEL,SIN DEFINIR,M7,Estimado,Modelo estadístico,0.010916395351108209,2.135291590676415e-06
2026-09,BAW,PASAJEROS,SIN DEFINIR,M7,Estimado,Modelo estadístico,0.028729760149987706,5.6196586214873e-06
2026-09,BYD,AUTOMOVILES,HB,D1,Estimado,Modelo estadístico,0.01685848872975906,3.297589365203159e-06
2026-09,BYD,AUTOMOVILES,HB,DOLPHIN,Estimado,Modelo estadístico,19.325981416983748,0.0037802410295688644
2026-09,BYD,AUTOMOVILES,HB,E2 EV,Estimado,Modelo estadístico,1.8299175090399196,0.00035793935113277123
2026-09,BYD,AUTOMOVILES,HB,SEAGULL,Estimado,Modelo estadístico,52.74702492759821,0.010317533868876022
2026-09,BYD,AUTOMOVILES,SD,E5 EV,Estimado,Modelo estadístico,0.01685848872975906,3.297589365203159e-06
2026-09,BYD,AUTOMOVILES,SD,F3,Estimado,Modelo estadístico,0.01685848872975906,3.297589365203159e-06
2026-09,BYD,AUTOMOVILES,SD,HAN,Estimado,Modelo estadístico,0.01685848872975906,3.297589365203159e-06
2026-09,BYD,AUTOMOVILES,SD,QIN PLUS,Estimado,Modelo estadístico,0.08611965884234518,1.6845357593183287e-05
2026-09,BYD,AUTOMOVILES,SD,SEAL,Estimado,Modelo estadístico,0.18544337602734967,3.627348301723475e-05
2026-09,BYD,CAMIONES,SIN DEFINIR,T4,Estimado,Modelo estadístico,0.1235090193362391,2.4158869469177755e-05
2026-09,BYD,PANEL,SIN DEFINIR,T3 EV,Estimado,Modelo estadístico,0.01685848872975906,3.297589365203159e-06
2026-09,BYD,PASAJEROS,SIN DEFINIR,M3,Estimado,Modelo estadístico,0.01685848872975906,3.297589365203159e-06
2026-09,BYD,PICK-UP,MEDIUM,SHARK,Estimado,Modelo estadístico,3.3159752152496793,0.000648618318069183
2026-09,BYD,SUV,LARGE,ATTO8,Estimado,Modelo estadístico,0.7634122029751191,0.00014932655009302528
2026-09,BYD,SUV,MEDIUM,SEALION,Estimado,Modelo estadístico,14.714962069706868,0.002878306781127868
2026-09,BYD,SUV,MEDIUM,TI7,Estimado,Modelo estadístico,1.1900143254010394,0.00023277167050892366
2026-09,BYD,SUV,SIN DEFINIR,S1 PRO EV,Estimado,Modelo estadístico,133.08826816834537,0.026032609730345272
2026-09,BYD,SUV,SIN DEFINIR,S2 EV,Estimado,Modelo estadístico,0.01685848872975906,3.297589365203159e-06
2026-09,BYD,SUV,SIN DEFINIR,SONG PRO EV,Estimado,Modelo estadístico,9.441157089436981,0.0018467289513551047
2026-09,BYD,SUV,SIN DEFINIR,TANG,Estimado,Modelo estadístico,2.474120279245126,0.000483948048479005
2026-09,BYD,SUV,SIN DEFINIR,YUAN PLUS EV,Estimado,Modelo estadístico,23.600892688717465,0.0046164311633838835
2026-09,BYD,SUV,SIN DEFINIR,YUAN UP EV,Estimado,Modelo estadístico,0.5878147093529366,0.00011497896195467176
2026-09,CADILLAC,SUV,LARGE,ESCALADE,Estimado,Modelo estadístico,0.8999900165969016,0.00017604172919012136
2026-09,CADILLAC,SUV,LARGE,LYRIQ,Estimado,Modelo estadístico,0.0634588881507829,1.2412818138570433e-05
2026-09,CADILLAC,SUV,SIN DEFINIR,XT4,Estimado,Modelo estadístico,0.011372362730805812,2.2244806755506827e-06
2026-09,CADILLAC,SUV,SIN DEFINIR,XT5,Estimado,Modelo estadístico,0.07300946461888683,1.4280949968037756e-05
2026-09,CAMC,CAMIONES,[4] PESADO [HD],HN3310B42C3M3,Estimado,Modelo estadístico,0.04641781096427017,9.079513724239713e-06
2026-09,CAMC,CAMIONES,[4] PESADO [HD],HN4180,Estimado,Modelo estadístico,0.04641781096427017,9.079513724239713e-06
2026-09,CHANGAN,AUTOMOVILES,HB,BENBEN,Estimado,Modelo estadístico,0.014069949446962006,2.7521396733116943e-06
2026-09,CHANGAN,AUTOMOVILES,HB,LUMIN,Estimado,Modelo estadístico,0.9016983727621192,0.00017637589064508358
2026-09,CHANGAN,AUTOMOVILES,SD,ALSVIN,Estimado,Modelo estadístico,2.398344162174284,0.0004691259299727296
2026-09,CHANGAN,PANEL,SIN DEFINIR,EM60,Estimado,Modelo estadístico,0.16308708774241965,3.1900501567025315e-05
2026-09,CHANGAN,PANEL,SIN DEFINIR,HONOR,Estimado,Modelo estadístico,2.6430372322029245,0.0005169888955326851
2026-09,CHANGAN,PANEL,SIN DEFINIR,KARVAAN,Estimado,Modelo estadístico,0.08857851859469083,1.7326320620168506e-05
2026-09,CHANGAN,PANEL,SIN DEFINIR,STAR 3,Estimado,Modelo estadístico,0.014069949446962006,2.7521396733116943e-06
2026-09,CHANGAN,PANEL,SIN DEFINIR,STAR 9,Estimado,Modelo estadístico,0.6309556399294373,0.00012341750446903804
2026-09,CHANGAN,PASAJEROS,SIN DEFINIR,EM60,Estimado,Modelo estadístico,0.014069949446962006,2.7521396733116943e-06
2026-09,CHANGAN,PASAJEROS,SIN DEFINIR,HONOR S,Estimado,Modelo estadístico,1.8022756089924534,0.0003525324823978751
2026-09,CHANGAN,PASAJEROS,SIN DEFINIR,KARVAAN,Estimado,Modelo estadístico,0.08857851859469083,1.7326320620168506e-05
2026-09,CHANGAN,PASAJEROS,SIN DEFINIR,M600,Estimado,Modelo estadístico,0.014069949446962006,2.7521396733116943e-06
2026-09,CHANGAN,PASAJEROS,SIN DEFINIR,STAR 3,Estimado,Modelo estadístico,1.2690086929973665,0.0002482232919841495
2026-09,CHANGAN,PICK-UP,MEDIUM,HUNTER,Estimado,Modelo estadístico,7.4366375874253094,0.001454636736083891
2026-09,CHANGAN,PICK-UP,MEDIUM,HUNTER EV,Estimado,Modelo estadístico,2.6963784387651994,0.0005274226537601568
2026-09,CHANGAN,PICK-UP,MEDIUM,LANTUOZHE,Estimado,Modelo estadístico,0.03523731203241588,6.892562392696788e-06
2026-09,CHANGAN,SUV,LARGE,E07,Estimado,Modelo estadístico,0.03523731203241588,6.892562392696788e-06
2026-09,CHANGAN,SUV,MEDIUM,CS 75,Estimado,Modelo estadístico,2.845395577060656,0.0005565710156538703
2026-09,CHANGAN,SUV,MEDIUM,X7 PLUS,Estimado,Modelo estadístico,4.108810792891282,0.0008037002006207643
2026-09,CHANGAN,SUV,SIN DEFINIR,CS 15,Estimado,Modelo estadístico,11.268345193968031,0.0022041344197996906
2026-09,CHANGAN,SUV,SIN DEFINIR,CS 55,Estimado,Modelo estadístico,24.88395086463823,0.004867402591705605
2026-09,CHANGAN,SUV,SIN DEFINIR,CS35,Estimado,Modelo estadístico,42.835990649922465,0.008378895017189664
2026-09,CHANGAN,SUV,SIN DEFINIR,CS35 MAX,Estimado,Modelo estadístico,3.143429853651572,0.0006148677394412976
2026-09,CHANGAN,SUV,SIN DEFINIR,Q05,Estimado,Modelo estadístico,0.1842544503278735,3.60409242864104e-05
2026-09,CHANGAN,SUV,SIN DEFINIR,S05,Estimado,Modelo estadístico,6.169945856441818,0.0012068666513485647
2026-09,CHANGAN,SUV,SIN DEFINIR,S07,Estimado,Modelo estadístico,1.025016073538344,0.00020049733742122033
2026-09,CHANGAN,SUV,SIN DEFINIR,UNI-K,Estimado,Modelo estadístico,1.2716053237533613,0.0002487312035830826
2026-09,CHANGAN,SUV,SIN DEFINIR,UNI-T,Estimado,Modelo estadístico,3.0811234955119686,0.0006026803608880226
2026-09,CHENGLONG,CAMIONES,SIN DEFINIR,H5,Estimado,Modelo estadístico,0.0192746334302897,3.7701971533020677e-06
2026-09,CHENGLONG,CAMIONES,SIN DEFINIR,H7,Estimado,Modelo estadístico,0.0192746334302897,3.7701971533020677e-06
2026-09,CHENGLONG,CAMIONES,SIN DEFINIR,M3,Estimado,Modelo estadístico,0.0192746334302897,3.7701971533020677e-06
2026-09,CHENGLONG,CAMIONES,SIN DEFINIR,T7,Estimado,Modelo estadístico,0.016270794454140654,3.182633960579667e-06
2026-09,CHERY,PICK-UP,MEDIUM,HIMLA,Estimado,Modelo estadístico,13.753186152318166,0.0026901794769709415
2026-09,CHERY,SUV,LARGE,ICAR V27,Estimado,Modelo estadístico,7.156635858807167,0.0013998672524527871
2026-09,CHERY,SUV,LARGE,TIGGO 9,Estimado,Modelo estadístico,0.05916252265818171,1.1572431471382501e-05
2026-09,CHERY,SUV,LARGE,TIGGO 9 PHEV,Estimado,Modelo estadístico,0.03710850621102952,7.258575629264914e-06
2026-09,CHERY,SUV,SIN DEFINIR,EQ5,Estimado,Modelo estadístico,0.015054489763877315,2.9447197871473234e-06
2026-09,CHERY,SUV,SIN DEFINIR,EQ7,Estimado,Modelo estadístico,2.1729283123597933,0.0004250336675515819
2026-09,CHERY,SUV,SIN DEFINIR,FULWIN X3,Estimado,Modelo estadístico,0.1737562979648393,3.398744273527265e-05
2026-09,CHERY,SUV,SIN DEFINIR,ICAR 03,Estimado,Modelo estadístico,64.97090516018706,0.012708574851413619
2026-09,CHERY,SUV,SIN DEFINIR,ICAR V23,Estimado,Modelo estadístico,8.98170665311823,0.0017568585663562284
2026-09,CHERY,SUV,SIN DEFINIR,Q,Estimado,Modelo estadístico,0.09440539386435831,1.8466081261209986e-05
2026-09,CHERY,SUV,SIN DEFINIR,TIGGO 2,Estimado,Modelo estadístico,64.89064300951233,0.012692875246381637
2026-09,CHERY,SUV,SIN DEFINIR,TIGGO 4,Estimado,Modelo estadístico,31.978403078560234,0.006255106468819717
2026-09,CHERY,SUV,SIN DEFINIR,TIGGO 7,Estimado,Modelo estadístico,29.61178070582827,0.005792185450638728
2026-09,CHERY,SUV,SIN DEFINIR,TIGGO 8,Estimado,Modelo estadístico,14.390620231510262,0.0028148641906636596
2026-09,CHEVROLET,AUTOMOVILES,HB,AVEO HB,Estimado,Modelo estadístico,6.670148216035148,0.001304708279259898
2026-09,CHEVROLET,AUTOMOVILES,HB,BOLT,Estimado,Modelo estadístico,0.013838907133615031,2.7069468516052017e-06
2026-09,CHEVROLET,AUTOMOVILES,SD,AVEO,Estimado,Modelo estadístico,0.8608207947527637,0.00016838006915243908
2026-09,CHEVROLET,AUTOMOVILES,SD,CAMARO,Estimado,Modelo estadístico,0.013838907133615031,2.7069468516052017e-06
2026-09,CHEVROLET,AUTOMOVILES,SD,CAVALIER,Estimado,Modelo estadístico,0.013838907133615031,2.7069468516052017e-06
2026-09,CHEVROLET,AUTOMOVILES,SD,CORVETTE,Estimado,Modelo estadístico,0.37107236268957117,7.258327223400099e-05
2026-09,CHEVROLET,AUTOMOVILES,SD,ONIX,Estimado,Modelo estadístico,0.25101627646391206,4.909981060752666e-05
2026-09,CHEVROLET,CAMIONES,SIN DEFINIR,W4500,Estimado,Modelo estadístico,0.013838907133615031,2.7069468516052017e-06
2026-09,CHEVROLET,MICROBUS,SIN DEFINIR,EXPRESS,Estimado,Modelo estadístico,0.0731332494661893,1.4305162790585568e-05
2026-09,CHEVROLET,PANEL,SIN DEFINIR,N400,Estimado,Modelo estadístico,16.88399329286322,0.0033025781620878982
2026-09,CHEVROLET,PICK-UP,LARGE,SILVERADO,Estimado,Modelo estadístico,20.21311907768326,0.0039537687853652605
2026-09,CHEVROLET,PICK-UP,LARGE,SILVERADO EV,Estimado,Modelo estadístico,0.25112309414434314,4.9120704582820145e-05
2026-09,CHEVROLET,PICK-UP,MEDIUM,COLORADO,Estimado,Modelo estadístico,13.933894099908564,0.0027255266908128256
2026-09,CHEVROLET,PICK-UP,SMALL,MONTANA,Estimado,Modelo estadístico,0.013838907133615031,2.7069468516052017e-06
2026-09,CHEVROLET,SUV,LARGE,SUBURBAN,Estimado,Modelo estadístico,1.9144018116710033,0.00037446482636063576
2026-09,CHEVROLET,SUV,LARGE,TAHOE,Estimado,Modelo estadístico,12.876444966710947,0.0025186853142355552
2026-09,CHEVROLET,SUV,LARGE,TRAVERSE,Estimado,Modelo estadístico,3.4097533486690925,0.0006669617046211803
2026-09,CHEVROLET,SUV,MEDIUM,BLAZER,Estimado,Modelo estadístico,0.36960496112906055,7.229624248548738e-05
2026-09,CHEVROLET,SUV,MEDIUM,TRAIL BLAZER,Estimado,Modelo estadístico,3.5131619752925047,0.0006871888550431328
2026-09,CHEVROLET,SUV,SIN DEFINIR,CAPTIVA,Estimado,Modelo estadístico,8.055864043987224,0.0015757599643010497
2026-09,CHEVROLET,SUV,SIN DEFINIR,CAPTIVA PHEV,Estimado,Modelo estadístico,1.595733487205136,0.0003121319983930382
2026-09,CHEVROLET,SUV,SIN DEFINIR,GROOVE,Estimado,Modelo estadístico,33.86608649870052,0.006624345068489493
2026-09,CHEVROLET,SUV,SIN DEFINIR,MENLO,Estimado,Modelo estadístico,0.0731332494661893,1.4305162790585568e-05
2026-09,CHEVROLET,SUV,SIN DEFINIR,SPARK EUV,Estimado,Modelo estadístico,4.401318855494599,0.0008609159743439564
2026-09,CHEVROLET,SUV,SIN DEFINIR,TRACKER,Estimado,Modelo estadístico,9.820870351215921,0.0019210024188017168
2026-09,CHEVROLET,SUV,SIN DEFINIR,TRAX,Estimado,Modelo estadístico,2.417472652632965,0.00047286754096290037
2026-09,CITROEN,AUTOMOVILES,HB,C3 HB,Estimado,Modelo estadístico,1.8836371576571997,0.000368447134174444
2026-09,CITROEN,AUTOMOVILES,SD,C-ELYSEE,Estimado,Modelo estadístico,0.1373168017126502,2.685972819093956e-05
2026-09,CITROEN,MICROBUS,SIN DEFINIR,BERLINGO,Estimado,Modelo estadístico,0.017549566327818233,3.4327669706469564e-06
2026-09,CITROEN,PANEL,SIN DEFINIR,BERLINGO,Estimado,Modelo estadístico,3.932716048765039,0.0007692553482495181
2026-09,CITROEN,PANEL,SIN DEFINIR,JUMPER,Estimado,Modelo estadístico,0.5751597425004644,0.0001125035986656691
2026-09,CITROEN,PANEL,SIN DEFINIR,JUMPY,Estimado,Modelo estadístico,1.0618872691596384,0.00020770949412827312
2026-09,CITROEN,SUV,SIN DEFINIR,BASALT,Estimado,Modelo estadístico,1.1480870889128034,0.0002245705315235586
2026-09,CITROEN,SUV,SIN DEFINIR,C3 AIRCROSS,Estimado,Modelo estadístico,0.6950899265048676,0.00013596243330258795
2026-09,CITROEN,SUV,SIN DEFINIR,C4 CACTUS,Estimado,Modelo estadístico,0.4884710768885861,9.554694102050494e-05
2026-09,CITROEN,SUV,SIN DEFINIR,C5 AIRCROSS,Estimado,Modelo estadístico,0.43991238825636847,8.60486628658829e-05
2026-09,CLW,CAMIONES,[2] LIVIANO [LD],CLW5030,Estimado,Modelo estadístico,0.04641781096427017,9.079513724239713e-06
2026-09,CLW,CAMIONES,[3] MEDIANO [MD],CLW5130,Estimado,Modelo estadístico,0.04641781096427017,9.079513724239713e-06
2026-09,DAGANG,CAMIONES,[3] MEDIANO [MD],SS6000,Estimado,Modelo estadístico,0.04641781096427017,9.079513724239713e-06
2026-09,DAYUN,CAMIONES,SIN DEFINIR,CGC4250,Estimado,Modelo estadístico,0.39821795364062235,7.789306087919118e-05
2026-09,DAYUN,CAMIONES,SIN DEFINIR,WB39,Estimado,Modelo estadístico,0.01812036465684998,3.544417458995192e-06
2026-09,DAYUN,CAMIONES,[4] PESADO [HD],CGC4251,Estimado,Modelo estadístico,1.0714361740088543,0.0002095772989822472
2026-09,DAYUN,CAMIONES,[4] PESADO [HD],DYK5310,Estimado,Modelo estadístico,0.07242002022596032,1.4165652233308906e-05
2026-09,DAYUN,CAMIONES,[4] PESADO [HD],DYX1310,Estimado,Modelo estadístico,0.6697162314861741,0.00013099923475075976
2026-09,DAYUN,PASAJEROS,SIN DEFINIR,YUANZHI M1,Estimado,Modelo estadístico,0.01812036465684998,3.544417458995192e-06
2026-09,DAYUN,PICK-UP,MEDIUM,DYQ1030 BEV1H2,Estimado,Modelo estadístico,0.14502435565623945,2.83673572746334e-05
2026-09,DAYUN,SUV,SIN DEFINIR,YUEHU,Estimado,Modelo estadístico,0.01812036465684998,3.544417458995192e-06
2026-09,DENZA,SUV,LARGE,N9,Estimado,Modelo estadístico,0.5095868377599225,9.96772702335012e-05
2026-09,DENZA,SUV,SIN DEFINIR,B3,Estimado,Modelo estadístico,4.178612069631364,0.0008173536159147097
2026-09,DFSK,CAMIONES,SIN DEFINIR,C32,Estimado,Modelo estadístico,0.015192886074121227,2.9717906716233487e-06
2026-09,DFSK,CAMIONES,[1] ULTRA LIVIANO [ULD],C31,Estimado,Modelo estadístico,0.7523160822513031,0.00014715610348417382
2026-09,DFSK,MICROBUS,SIN DEFINIR,C37,Estimado,Modelo estadístico,1.511972856116572,0.00029574807627949886
2026-09,DFSK,PANEL,SIN DEFINIR,C35,Estimado,Modelo estadístico,2.6431504353245647,0.0005170110385264026
2026-09,DFSK,PANEL,SIN DEFINIR,EC35,Estimado,Modelo estadístico,0.015192886074121227,2.9717906716233487e-06
2026-09,DFSK,PANEL,SIN DEFINIR,EC75,Estimado,Modelo estadístico,0.0994586629550343,1.9454521368745127e-05
2026-09,DFSK,SUV,SIN DEFINIR,E5,Estimado,Modelo estadístico,1.7907424957183917,0.00035027655825841796
2026-09,DFSK,SUV,SIN DEFINIR,GLORY 500,Estimado,Modelo estadístico,5.9747200608076305,0.0011686796870354343
2026-09,DFSK,SUV,SIN DEFINIR,GLORY 560,Estimado,Modelo estadístico,3.3445511517456237,0.0006542078881546324
2026-09,DFSK,SUV,SIN DEFINIR,GLORY 580,Estimado,Modelo estadístico,1.9511442751603874,0.00038165180253603166
2026-09,DFSK,SUV,SIN DEFINIR,GLORY 600,Estimado,Modelo estadístico,0.015192886074121227,2.9717906716233487e-06
2026-09,DFSK,SUV,SIN DEFINIR,SERES 3,Estimado,Modelo estadístico,0.015192886074121227,2.9717906716233487e-06
2026-09,DFSK,SUV,SIN DEFINIR,SERES 5,Estimado,Modelo estadístico,2.2715922195042184,0.00044433273143235113
2026-09,DONGFENG,AUTOMOVILES,HB,NAMMI 01,Estimado,Modelo estadístico,7.253757050517307,0.0014188645548832163
2026-09,DONGFENG,AUTOMOVILES,HB,NANO BOX,Estimado,Modelo estadístico,7.371821956288261,0.0014419585334666438
2026-09,DONGFENG,BUSETAS,SIN DEFINIR,DF6768,Estimado,Modelo estadístico,0.35352873450996763,6.915166678943835e-05
2026-09,DONGFENG,PICK-UP,MEDIUM,RICH,Estimado,Modelo estadístico,14.539799540758448,0.0028440442738591836
2026-09,DONGFENG,PICK-UP,MEDIUM,RICH EV,Estimado,Modelo estadístico,0.02108362570317748,4.124043442636372e-06
2026-09,DONGFENG,PICK-UP,MEDIUM,Z9,Estimado,Modelo estadístico,0.18318405960814993,3.583155148256341e-05
2026-09,DONGFENG,SUV,MEDIUM,M-HERO 917,Estimado,Modelo estadístico,0.02108362570317748,4.124043442636372e-06
2026-09,DONGFENG,SUV,SIN DEFINIR,AEOLUS L7,Estimado,Modelo estadístico,0.02108362570317748,4.124043442636372e-06
2026-09,DONGFENG,SUV,SIN DEFINIR,EX1,Estimado,Modelo estadístico,0.02108362570317748,4.124043442636372e-06
2026-09,DONGFENG,SUV,SIN DEFINIR,FRIDAY,Estimado,Modelo estadístico,6.5524686729530135,0.0012816896791949587
2026-09,DONGFENG,SUV,SIN DEFINIR,JOYEAR SX6,Estimado,Modelo estadístico,0.02108362570317748,4.124043442636372e-06
2026-09,DONGFENG,SUV,SIN DEFINIR,JOYEAR X5,Estimado,Modelo estadístico,0.17109869367430164,3.3467604463534486e-05
2026-09,DONGFENG,SUV,SIN DEFINIR,MAGE,Estimado,Modelo estadístico,1.1278418589258568,0.00022061048171297267
2026-09,DONGFENG,SUV,SIN DEFINIR,MAGE EV,Estimado,Modelo estadístico,0.061608734179420595,1.2050920452618132e-05
2026-09,DONGFENG,SUV,SIN DEFINIR,MNV,Estimado,Modelo estadístico,0.621143897587674,0.00012149828752622879
2026-09,DONGFENG,SUV,SIN DEFINIR,NAMMI 06,Estimado,Modelo estadístico,59.92995485044406,0.011722544347826262
2026-09,DONGFENG,SUV,SIN DEFINIR,SX5,Estimado,Modelo estadístico,1.0711891015010464,0.00020952897058892312
2026-09,DONGFENG,SUV,SIN DEFINIR,T5 EVO,Estimado,Modelo estadístico,0.3211137616454258,6.28111654844326e-05
2026-09,DONGFENG,SUV,SIN DEFINIR,T5L,Estimado,Modelo estadístico,0.02108362570317748,4.124043442636372e-06
2026-09,DONGFENG I,CAMIONES,SIN DEFINIR,CAPTAIN 5.0T,Estimado,Modelo estadístico,0.11631242712578155,2.275118659087696e-05
2026-09,DONGFENG I,CAMIONES,SIN DEFINIR,CAPTAIN E 3.5T,Estimado,Modelo estadístico,0.5117302286398717,0.00010009652625843285
2026-09,DONGFENG I,CAMIONES,SIN DEFINIR,CAPTAIN W,Estimado,Modelo estadístico,0.04173446332101824,8.163431765204137e-06
2026-09,DONGFENG I,CAMIONES,SIN DEFINIR,CHENGLONG M3,Estimado,Modelo estadístico,0.017457976747258987,3.4148516739879835e-06
2026-09,DONGFENG I,CAMIONES,SIN DEFINIR,DF116,Estimado,Modelo estadístico,0.7631826664958329,0.00014928165181862156
2026-09,DONGFENG I,CAMIONES,SIN DEFINIR,DF1819,Estimado,Modelo estadístico,0.1405889136995408,2.7499766682093112e-05
2026-09,DONGFENG I,CAMIONES,SIN DEFINIR,DFH4250C2,Estimado,Modelo estadístico,0.18739338276357378,3.665491231250107e-05
2026-09,DONGFENG I,CAMIONES,SIN DEFINIR,DOLLICAR,Estimado,Modelo estadístico,0.28624783314209634,5.599124722939005e-05
2026-09,DONGFENG I,CAMIONES,SIN DEFINIR,EQ1141G7D2,Estimado,Modelo estadístico,0.017457976747258987,3.4148516739879835e-06
2026-09,DONGFENG I,CAMIONES,SIN DEFINIR,EV150,Estimado,Modelo estadístico,0.017457976747258987,3.4148516739879835e-06
2026-09,DONGFENG I,CAMIONES,SIN DEFINIR,EV18,Estimado,Modelo estadístico,0.017457976747258987,3.4148516739879835e-06
2026-09,DONGFENG I,CAMIONES,SIN DEFINIR,EV200,Estimado,Modelo estadístico,0.017457976747258987,3.4148516739879835e-06
2026-09,DONGFENG I,CAMIONES,SIN DEFINIR,EV400,Estimado,Modelo estadístico,0.017457976747258987,3.4148516739879835e-06
2026-09,DONGFENG I,CAMIONES,SIN DEFINIR,RUICHI EG71,Estimado,Modelo estadístico,0.017457976747258987,3.4148516739879835e-06
2026-09,DONGFENG I,CAMIONES,SIN DEFINIR,V92-711,Estimado,Modelo estadístico,1.3083025981145722,0.0002559093405801348
2026-09,DONGFENG I,CAMIONES,[3] MEDIANO [MD],DF1214,Estimado,Modelo estadístico,0.48570523798262694,9.500593161519234e-05
2026-09,DONGFENG I,CAMIONES,[3] MEDIANO [MD],DF310,Estimado,Modelo estadístico,1.8245566300023364,0.00035689074126115983
2026-09,DONGFENG I,CAMIONES,[3] MEDIANO [MD],DF813,Estimado,Modelo estadístico,1.0308251696013664,0.00020163362037670563
2026-09,DONGFENG I,CAMIONES,[3] MEDIANO [MD],DLQ5090TQZ3 (CA,Estimado,Modelo estadístico,0.11631242712578155,2.275118659087696e-05
2026-09,DONGFENG I,CAMIONES,[4] PESADO [HD],EQ3313GP6,Estimado,Modelo estadístico,0.11631242712578155,2.275118659087696e-05
2026-09,DONGFENG I,MICROBUS,SIN DEFINIR,DF3050P,Estimado,Modelo estadístico,1.2516632036428665,0.0002448304433043817
2026-09,DONGFENG I,MICROBUS,SIN DEFINIR,DFA6768,Estimado,Modelo estadístico,0.21516687750430413,4.208752150776594e-05
2026-09,DONGFENG I,MICROBUS,SIN DEFINIR,EQ6550,Estimado,Modelo estadístico,0.017457976747258987,3.4148516739879835e-06
2026-09,DONGFENG I,MICROBUS,SIN DEFINIR,UVAN DF-23P,Estimado,Modelo estadístico,0.21516687750430413,4.208752150776594e-05
2026-09,DONGFENG I,PANEL,SIN DEFINIR,DF3050,Estimado,Modelo estadístico,1.1614413770836536,0.00022718268492342525
2026-09,DONGFENG I,PANEL,SIN DEFINIR,EM26,Estimado,Modelo estadístico,0.017457976747258987,3.4148516739879835e-06
2026-09,DONGFENG I,PANEL,SIN DEFINIR,M5,Estimado,Modelo estadístico,0.017457976747258987,3.4148516739879835e-06
2026-09,DONGFENG I,PANEL,SIN DEFINIR,UVAN,Estimado,Modelo estadístico,0.11631242712578155,2.275118659087696e-05
2026-09,DONGFENG I,PICK-UP,MEDIUM,P22,Estimado,Modelo estadístico,1.2573999700893868,0.0002459525782909719
2026-09,FANGCHENGBAO,SUV,LARGE,BAO 8,Estimado,Modelo estadístico,0.2949624545123415,5.76958628217453e-05
2026-09,FANGCHENGBAO,SUV,MEDIUM,BAO 5,Estimado,Modelo estadístico,0.11760039081439291,2.3003117557549876e-05
2026-09,FANGCHENGBAO,SUV,MEDIUM,TAI 7,Estimado,Modelo estadístico,0.24463945460494974,4.78524781637359e-05
2026-09,FANGCHENGBAO,SUV,SIN DEFINIR,BAO 3,Estimado,Modelo estadístico,7.550379832000988,0.0014768851844531093
2026-09,FAW,CAMIONES,SIN DEFINIR,ACTIS,Estimado,Modelo estadístico,0.9528404048609469,0.00018637948135047556
2026-09,FAW,CAMIONES,SIN DEFINIR,CA1081,Estimado,Modelo estadístico,0.19093907664351767,3.7348464541185096e-05
2026-09,FAW,CAMIONES,SIN DEFINIR,CA1160,Estimado,Modelo estadístico,0.19093907664351767,3.7348464541185096e-05
2026-09,FAW,CAMIONES,SIN DEFINIR,TIGER,Estimado,Modelo estadístico,7.921137325159877,0.0015494068669187479
2026-09,FAW I,CAMIONES,SIN DEFINIR,CA1040,Estimado,Modelo estadístico,0.012821354661144176,2.5079094250870758e-06
2026-09,FAW I,CAMIONES,SIN DEFINIR,CA1083,Estimado,Modelo estadístico,0.06092781751590738,1.1917730367540864e-05
2026-09,FAW I,CAMIONES,SIN DEFINIR,JK6,Estimado,Modelo estadístico,0.04226970341803192,8.26812691789757e-06
2026-09,FAW I,CAMIONES,SIN DEFINIR,WB 2500,Estimado,Modelo estadístico,0.012821354661144176,2.5079094250870758e-06
2026-09,FAW I,PASAJEROS,SIN DEFINIR,BESTUNE E05,Estimado,Modelo estadístico,0.8138921922279297,0.00015920064250925678
2026-09,FAW I,SUV,SIN DEFINIR,BESTUNE T33,Estimado,Modelo estadístico,0.012821354661144176,2.5079094250870758e-06
2026-09,FAW I,SUV,SIN DEFINIR,BESTUNE T55,Estimado,Modelo estadístico,0.30146013178972336,5.896683507980979e-05
2026-09,FAW I,SUV,SIN DEFINIR,BESTUNE T77,Estimado,Modelo estadístico,0.2533536689349602,4.955701413735601e-05
2026-09,FAW I,SUV,SIN DEFINIR,BESTUNE T99,Estimado,Modelo estadístico,0.012821354661144176,2.5079094250870758e-06
2026-09,FAW I,SUV,SIN DEFINIR,JOYFUL 03,Estimado,Modelo estadístico,1.6149630297947155,0.0003158933755934265
2026-09,FAW I,SUV,SIN DEFINIR,X40,Estimado,Modelo estadístico,0.012821354661144176,2.5079094250870758e-06
2026-09,FERRARI,AUTOMOVILES,SD,12CILINDRI,Estimado,Modelo estadístico,0.097118670211427,1.8996809214965238e-05
2026-09,FERRARI,AUTOMOVILES,SD,296 GTB,Estimado,Modelo estadístico,0.097118670211427,1.8996809214965238e-05
2026-09,FERRARI,AUTOMOVILES,SD,458,Estimado,Modelo estadístico,0.030140276962167006,5.8955614805064545e-06
2026-09,FERRARI,AUTOMOVILES,SD,812 GTS,Estimado,Modelo estadístico,0.030140276962167006,5.8955614805064545e-06
2026-09,FERRARI,AUTOMOVILES,SD,F8,Estimado,Modelo estadístico,0.030140276962167006,5.8955614805064545e-06
2026-09,FERRARI,AUTOMOVILES,SD,PORTOFINO,Estimado,Modelo estadístico,0.030140276962167006,5.8955614805064545e-06
2026-09,FERRARI,AUTOMOVILES,SD,ROMA,Estimado,Modelo estadístico,0.030140276962167006,5.8955614805064545e-06
2026-09,FERRARI,SUV,SIN DEFINIR,PUROSANGUE,Estimado,Modelo estadístico,0.030140276962167006,5.8955614805064545e-06
2026-09,FIAT,AUTOMOVILES,HB,500,Estimado,Modelo estadístico,0.01141394182460665,2.2326137164021084e-06
2026-09,FIAT,AUTOMOVILES,HB,500 EV,Estimado,Modelo estadístico,0.01141394182460665,2.2326137164021084e-06
2026-09,FIAT,PANEL,SIN DEFINIR,DUCATO,Estimado,Modelo estadístico,0.6613845342328877,0.0001293695206822602
2026-09,FIAT,PANEL,SIN DEFINIR,FIORINO,Estimado,Modelo estadístico,0.01141394182460665,2.2326137164021084e-06
2026-09,FIAT,PICK-UP,MEDIUM,TITANO,Estimado,Modelo estadístico,0.3454277630929257,6.75670836384293e-05
2026-09,FIAT,SUV,SIN DEFINIR,PULSE,Estimado,Modelo estadístico,0.01141394182460665,2.2326137164021084e-06
2026-09,FORCE,MICROBUS,SIN DEFINIR,URBANIA,Estimado,Modelo estadístico,0.031754869176432755,6.211382323065374e-06
2026-09,FORD,AUTOMOVILES,SD,MACH-E,Estimado,Modelo estadístico,0.09103376076139398,1.7806576032602167e-05
2026-09,FORD,AUTOMOVILES,SD,MUSTANG,Estimado,Modelo estadístico,0.2740730839830204,5.3609816485831414e-05
2026-09,FORD,MICROBUS,SIN DEFINIR,TRANSIT,Estimado,Modelo estadístico,0.5679808933115106,0.00011109938639496281
2026-09,FORD,PANEL,SIN DEFINIR,E-TRANSIT,Estimado,Modelo estadístico,0.015866613683212245,3.103574548244539e-06
2026-09,FORD,PICK-UP,LARGE,F150,Estimado,Modelo estadístico,2.5171022564747965,0.0004923554990684383
2026-09,FORD,PICK-UP,LARGE,F150 LIGHTNING,Estimado,Modelo estadístico,0.6110653529622023,0.00011952688296521298
2026-09,FORD,PICK-UP,LARGE,F250,Estimado,Modelo estadístico,0.12216772613513466,2.389650703168514e-05
2026-09,FORD,PICK-UP,LARGE,F350,Estimado,Modelo estadístico,0.46387318618888357,9.073549296735978e-05
2026-09,FORD,PICK-UP,LARGE,F450,Estimado,Modelo estadístico,0.015866613683212245,3.103574548244539e-06
2026-09,FORD,PICK-UP,LARGE,F550,Estimado,Modelo estadístico,3.9490077744043415,0.0007724420764355468
2026-09,FORD,PICK-UP,MEDIUM,MAVERICK,Estimado,Modelo estadístico,0.015866613683212245,3.103574548244539e-06
2026-09,FORD,PICK-UP,MEDIUM,RANGER,Estimado,Modelo estadístico,17.894685609104343,0.0035002737139819442
2026-09,FORD,SUV,LARGE,EXPEDITION,Estimado,Modelo estadístico,2.35579660928941,0.0004608034545624094
2026-09,FORD,SUV,LARGE,EXPLORER,Estimado,Modelo estadístico,1.6506520131456717,0.0003228742867438596
2026-09,FORD,SUV,MEDIUM,BRONCO,Estimado,Modelo estadístico,1.1913172880008225,0.00023302653532398374
2026-09,FORD,SUV,SIN DEFINIR,BRONCO SPORT,Estimado,Modelo estadístico,13.992675905026777,0.002737024652375839
2026-09,FORD,SUV,SIN DEFINIR,EDGE,Estimado,Modelo estadístico,0.015866613683212245,3.103574548244539e-06
2026-09,FORD,SUV,SIN DEFINIR,EDGE HV,Estimado,Modelo estadístico,3.842706661952419,0.0007516491439521062
2026-09,FORD,SUV,SIN DEFINIR,ESCAPE,Estimado,Modelo estadístico,0.015866613683212245,3.103574548244539e-06
2026-09,FORD,SUV,SIN DEFINIR,TERRITORY,Estimado,Modelo estadístico,13.61678183997769,0.002663498235434279
2026-09,FORD,SUV,SMALL,EVEREST,Estimado,Modelo estadístico,13.782515321949662,0.0026959163825392525
2026-09,FORLAND,CAMIONES,SIN DEFINIR,F200 PRO,Estimado,Modelo estadístico,6.720312386186736,0.0013145205961678848
2026-09,FORLAND,CAMIONES,SIN DEFINIR,F2000,Estimado,Modelo estadístico,0.6034256038865512,0.00011803251679108392
2026-09,FORLAND,CAMIONES,SIN DEFINIR,F2500,Estimado,Modelo estadístico,4.541314885753119,0.0008882997705994439
2026-09,FORLAND,CAMIONES,SIN DEFINIR,F300 PRO,Estimado,Modelo estadístico,1.3474003263395247,0.00026355701617341735
2026-09,FORLAND,CAMIONES,SIN DEFINIR,F4000,Estimado,Modelo estadístico,3.014668054180167,0.0005896814046880641
2026-09,FORLAND,CAMIONES,SIN DEFINIR,F4500,Estimado,Modelo estadístico,0.9950434576782282,0.00019463457113819244
2026-09,FORLAND,CAMIONES,SIN DEFINIR,F5000,Estimado,Modelo estadístico,2.2951102136588943,0.0004489329473033308
2026-09,FORLAND,CAMIONES,SIN DEFINIR,F6000,Estimado,Modelo estadístico,2.580081674383109,0.0005046745308660237
2026-09,FORLAND,CAMIONES,SIN DEFINIR,X4000,Estimado,Modelo estadístico,1.5193932545453641,0.0002971995365697182
2026-09,FORLAND,CAMIONES,[3] MEDIANO [MD],V3000 L5E D90,Estimado,Modelo estadístico,0.5747527400809671,0.00011242398732733026
2026-09,FORLAND,CAMIONES,[4] PESADO [HD],V6000 L7 D120,Estimado,Modelo estadístico,0.8230878142507142,0.0001609993437970676
2026-09,FOTON,BUSETAS,SIN DEFINIR,BJ6750,Estimado,Modelo estadístico,0.10792621657945162,2.111080949923908e-05
2026-09,FOTON,BUSETAS,SIN DEFINIR,H7,Estimado,Modelo estadístico,1.0381583868706579,0.0002030680276754603
2026-09,FOTON,CAMIONES,SIN DEFINIR,5045XXY,Estimado,Modelo estadístico,0.01695513285669891,3.316493351812803e-06
2026-09,FOTON,CAMIONES,[2] LIVIANO [LD],V1,Estimado,Modelo estadístico,0.10792621657945162,2.111080949923908e-05
2026-09,FOTON,MICROBUS,SIN DEFINIR,BJ6608,Estimado,Modelo estadístico,0.3808394677477097,7.44937579415179e-05
2026-09,FOTON,MICROBUS,SIN DEFINIR,GRAND EVIEW,Estimado,Modelo estadístico,0.9330444470959964,0.00018250731102452698
2026-09,FOTON,MICROBUS,SIN DEFINIR,TOANO,Estimado,Modelo estadístico,1.6650483284511568,0.00032569026491429185
2026-09,FOTON,MICROBUS,SIN DEFINIR,VIEW,Estimado,Modelo estadístico,9.865688104375746,0.00192976895467342
2026-09,FOTON,PANEL,SIN DEFINIR,CLW5030,Estimado,Modelo estadístico,0.01695513285669891,3.316493351812803e-06
2026-09,FOTON,PANEL,SIN DEFINIR,VIEW I7,Estimado,Modelo estadístico,3.5903151199072263,0.0007022803257705403
2026-09,FOTON,PICK-UP,MEDIUM,TUNLAND,Estimado,Modelo estadístico,14.927235179459434,0.002919828269824718
2026-09,FOTON I,CAMIONES,SIN DEFINIR,AUMAN,Estimado,Modelo estadístico,2.7127932299071174,0.0005306334540619697
2026-09,FOTON I,CAMIONES,SIN DEFINIR,AUMARK,Estimado,Modelo estadístico,9.160615791092376,0.0017918539256780743
2026-09,FOTON I,CAMIONES,SIN DEFINIR,BJ 1030,Estimado,Modelo estadístico,0.015686875510027613,3.068417026243861e-06
2026-09,FOTON I,CAMIONES,SIN DEFINIR,BJ 1040,Estimado,Modelo estadístico,0.015686875510027613,3.068417026243861e-06
2026-09,FOTON I,CAMIONES,SIN DEFINIR,BJ 1186,Estimado,Modelo estadístico,0.3382606879734139,6.616517442387469e-05
2026-09,FOTON I,CAMIONES,SIN DEFINIR,BJ 4269,Estimado,Modelo estadístico,0.03837006647876898,7.505341978796408e-06
2026-09,FOTON I,CAMIONES,SIN DEFINIR,E WONDER,Estimado,Modelo estadístico,0.015686875510027613,3.068417026243861e-06
2026-09,FOTON I,CAMIONES,SIN DEFINIR,EST-A,Estimado,Modelo estadístico,0.015686875510027613,3.068417026243861e-06
2026-09,FOTON I,CAMIONES,SIN DEFINIR,EV LDT-6T,Estimado,Modelo estadístico,0.015686875510027613,3.068417026243861e-06
2026-09,FOTON I,CAMIONES,SIN DEFINIR,M2,Estimado,Modelo estadístico,0.1114287782860002,2.1795924898349207e-05
2026-09,FOTON I,CAMIONES,SIN DEFINIR,MILER,Estimado,Modelo estadístico,2.1492535921378586,0.0004204027954206654
2026-09,FOTON I,CAMIONES,SIN DEFINIR,PT,Estimado,Modelo estadístico,0.10641963938499305,2.0816116836454044e-05
2026-09,FOTON I,CAMIONES,SIN DEFINIR,TM,Estimado,Modelo estadístico,4.646933339804732,0.0009089591723069644
2026-09,FOTON I,CAMIONES,SIN DEFINIR,WONDER,Estimado,Modelo estadístico,0.5543427137170801,0.00010843170267121733
2026-09,FOTON I,MICROBUS,SIN DEFINIR,BJ 6946,Estimado,Modelo estadístico,0.2071706810619728,4.0523432770454555e-05
2026-09,FOTON I,MICROBUS,SIN DEFINIR,BJ6608,Estimado,Modelo estadístico,0.015686875510027613,3.068417026243861e-06
2026-09,FOTON I,MICROBUS,SIN DEFINIR,BJ6816,Estimado,Modelo estadístico,0.8773640004937809,0.00017161598787519196
2026-09,FOTON II,CAMIONES,SIN DEFINIR,AUMAN,Estimado,Modelo estadístico,1.7050181361513115,0.000333508522820683
2026-09,FOTON II,CAMIONES,SIN DEFINIR,AUMARK,Estimado,Modelo estadístico,0.6832844216037091,0.00013365322824649092
2026-09,FOTON II,CAMIONES,[2] LIVIANO [LD],BJ 1044,Estimado,Modelo estadístico,3.4930521366096148,0.000683255288325519
2026-09,FOTON II,CAMIONES,[3] MEDIANO [MD],BJ 1065,Estimado,Modelo estadístico,2.2669716791524928,0.00044342893483648865
2026-09,FOTON II,CAMIONES,[4] PESADO [HD],BJ 1108,Estimado,Modelo estadístico,2.471318422062013,0.000483399993751327
2026-09,FOTON II,CAMIONES,[4] PESADO [HD],BJ3259DLPKB-1,Estimado,Modelo estadístico,0.6832844216037091,0.00013365322824649092
2026-09,FOTON II,CAMIONES,[4] PESADO [HD],BJ3319DMPKC-AB,Estimado,Modelo estadístico,3.4930521366096148,0.000683255288325519
2026-09,FREIGHTLINER,CAMIONES,SIN DEFINIR,108 SD,Estimado,Modelo estadístico,0.08350614320257119,1.6334143241905313e-05
2026-09,FREIGHTLINER,CAMIONES,SIN DEFINIR,114 SD,Estimado,Modelo estadístico,5.18777198978838,0.001014749424865528
2026-09,FREIGHTLINER,CAMIONES,SIN DEFINIR,CASCADIA,Estimado,Modelo estadístico,1.1280264136958005,0.00022064658138100458
2026-09,FREIGHTLINER,CAMIONES,SIN DEFINIR,M2 106,Estimado,Modelo estadístico,7.412706961929967,0.0014499558078345633
2026-09,FREIGHTLINER,CAMIONES,SIN DEFINIR,M2 112,Estimado,Modelo estadístico,0.29962239409654945,5.8607366068667305e-05
2026-09,FUSO,CAMIONES,SIN DEFINIR,CANTER,Estimado,Modelo estadístico,19.788589196201627,0.003870729003755797
2026-09,GAC,PASAJEROS,SIN DEFINIR,M6,Estimado,Modelo estadístico,0.3255725124954305,6.368331539186243e-05
2026-09,GAC,PICK-UP,MEDIUM,01,Estimado,Modelo estadístico,0.07705859505642637,1.5072976446993776e-05
2026-09,GAC,SUV,MEDIUM,GS8,Estimado,Modelo estadístico,1.0696529027059787,0.0002092284838198742
2026-09,GAC,SUV,SIN DEFINIR,EMKOO,Estimado,Modelo estadístico,0.4587451183080525,8.973242191046143e-05
2026-09,GAC,SUV,SIN DEFINIR,EMZOOM,Estimado,Modelo estadístico,1.4410461143417739,0.0002818745154203798
2026-09,GAC,SUV,SIN DEFINIR,GS3,Estimado,Modelo estadístico,0.3623713844649767,7.088132529675041e-05
2026-09,GAC,SUV,SIN DEFINIR,GS4,Estimado,Modelo estadístico,1.717846679775606,0.00033601783843637304
2026-09,GAZ,MICROBUS,SIN DEFINIR,SOBOL,Estimado,Modelo estadístico,0.01058495639214425,2.070460774355124e-06
2026-09,GEELY,AUTOMOVILES,HB,PANDA MINI EV,Estimado,Modelo estadístico,0.01603102389719039,3.135733858716306e-06
2026-09,GEELY,CAMIONES,SIN DEFINIR,FARIZON E200,Estimado,Modelo estadístico,0.01603102389719039,3.135733858716306e-06
2026-09,GEELY,CAMIONES,SIN DEFINIR,FARIZON F1E,Estimado,Modelo estadístico,0.28323779564650464,5.540247158090594e-05
2026-09,GEELY,CAMIONES,SIN DEFINIR,FARIZON H9E,Estimado,Modelo estadístico,0.08725813047338707,1.7068047301809554e-05
2026-09,GEELY,CAMIONES,SIN DEFINIR,FARIZON LE17,Estimado,Modelo estadístico,1.0848581108944475,0.00021220268474747485
2026-09,GEELY,CAMIONES,SIN DEFINIR,FENGRUI F3E,Estimado,Modelo estadístico,0.15851365400812203,3.100591921824934e-05
2026-09,GEELY,PANEL,SIN DEFINIR,FARIZON E6,Estimado,Modelo estadístico,0.01603102389719039,3.135733858716306e-06
2026-09,GEELY,PANEL,SIN DEFINIR,FARIZON V5E,Estimado,Modelo estadístico,0.28323779564650464,5.540247158090594e-05
2026-09,GEELY,PANEL,SIN DEFINIR,FARIZON V6E,Estimado,Modelo estadístico,3.8754018945574433,0.0007580444652089193
2026-09,GEELY,PANEL,SIN DEFINIR,FARIZON V7E,Estimado,Modelo estadístico,0.19416887173006658,3.79802256735094e-05
2026-09,GEELY,PICK-UP,MEDIUM,RIDDARA RD6,Estimado,Modelo estadístico,20.78600973019912,0.00406582854074688
2026-09,GEELY,SUV,LARGE,M9,Estimado,Modelo estadístico,0.3723067195629427,7.282471748830247e-05
2026-09,GEELY,SUV,SIN DEFINIR,ASKARRA,Estimado,Modelo estadístico,1.7258225852283702,0.0003375779581731127
2026-09,GEELY,SUV,SIN DEFINIR,CITRAY,Estimado,Modelo estadístico,0.46137564347938076,9.024696339569902e-05
2026-09,GEELY,SUV,SIN DEFINIR,COOLRAY,Estimado,Modelo estadístico,64.78734986818814,0.012672670685356675
2026-09,GEELY,SUV,SIN DEFINIR,EX3,Estimado,Modelo estadístico,0.01603102389719039,3.135733858716306e-06
2026-09,GEELY,SUV,SIN DEFINIR,EX5,Estimado,Modelo estadístico,101.06331547362453,0.019768397966165686
2026-09,GEELY,SUV,SIN DEFINIR,GEOME,Estimado,Modelo estadístico,70.12573795533586,0.013716881235050304
2026-09,GEELY,SUV,SIN DEFINIR,GEOMETRY C,Estimado,Modelo estadístico,2.010787845450234,0.0003933183288921789
2026-09,GEELY,SUV,SIN DEFINIR,GEOMETRY E,Estimado,Modelo estadístico,17.11394663720899,0.0033475579770026807
2026-09,GEELY,SUV,SIN DEFINIR,GX3,Estimado,Modelo estadístico,62.86100502420487,0.01229586975301569
2026-09,GEELY,SUV,SIN DEFINIR,STARRAY,Estimado,Modelo estadístico,19.572986966283434,0.0038285563255348065
2026-09,GEELY,SUV,SMALL,OKAVANGO,Estimado,Modelo estadístico,10.0619738186863,0.0019681632434158745
2026-09,GMC,PICK-UP,LARGE,SIERRA,Estimado,Modelo estadístico,0.038681509136891806,7.566261436866427e-06
2026-09,GMC,PICK-UP,MEDIUM,HUMMER,Estimado,Modelo estadístico,0.007736301827378362,1.5132522873732855e-06
2026-09,GOLDEN DRAGON,BUS,SIN DEFINIR,XML6122C,Estimado,Modelo estadístico,0.206257030139847,4.034471891225493e-05
2026-09,GOLDEN DRAGON,BUSETAS,SIN DEFINIR,XML SERIES,Estimado,Modelo estadístico,0.40016139338400575,7.827320564379167e-05
2026-09,GREATWALL,AUTOMOVILES,HB,ORA3,Estimado,Modelo estadístico,0.5675964222739982,0.00011102418228711822
2026-09,GREATWALL,PICK-UP,MEDIUM,POER,Estimado,Modelo estadístico,27.210323700820737,0.005322450635872882
2026-09,GREATWALL,PICK-UP,MEDIUM,WINGLE,Estimado,Modelo estadístico,5.874622063932885,0.0011491001093364185
2026-09,GREATWALL I,SUV,LARGE,TANK 500,Estimado,Modelo estadístico,2.067160021301637,0.00040434495711258434
2026-09,GREATWALL I,SUV,SIN DEFINIR,ORA GOOD CAT,Estimado,Modelo estadístico,1.091655135354408,0.00021353221053910918
2026-09,GREATWALL I,SUV,SMALL,TANK 300,Estimado,Modelo estadístico,3.2453742614749386,0.0006348084826757045
2026-09,GREATWALL I,SUV,SMALL,TANK 300 HEV,Estimado,Modelo estadístico,0.2246606498464348,4.394454221780188e-05
2026-09,GROVE,CAMIONES,[4] PESADO [HD],TMC250,Estimado,Modelo estadístico,0.04641781096427017,9.079513724239713e-06
2026-09,HAVAL,SUV,MEDIUM,H9,Estimado,Modelo estadístico,2.406024299580175,0.00047062819626948597
2026-09,HAVAL,SUV,SIN DEFINIR,H6,Estimado,Modelo estadístico,5.569636926710948,0.001089443768772939
2026-09,HAVAL,SUV,SIN DEFINIR,JOLION,Estimado,Modelo estadístico,7.17081457623277,0.001402640667587701
2026-09,HAVAL,SUV,SMALL,H7,Estimado,Modelo estadístico,1.4215324757646524,0.0002780575678825649
2026-09,HENGWANG,CAMIONES,[4] PESADO [HD],HWQY16T-3,Estimado,Modelo estadístico,0.04641781096427017,9.079513724239713e-06
2026-09,HIGER,BUS,SIN DEFINIR,KLQ6126G,Estimado,Modelo estadístico,0.18736596244134845,3.664954878529468e-05
2026-09,HIGER,BUS,SIN DEFINIR,KLQ6136G,Estimado,Modelo estadístico,0.18736596244134845,3.664954878529468e-05
2026-09,HIGER,BUSETAS,SIN DEFINIR,KLQ6540,Estimado,Modelo estadístico,1.694496009045233,0.00033145035171172285
2026-09,HIGER,BUSETAS,SIN DEFINIR,KLQ6600,Estimado,Modelo estadístico,1.8390689626757066,0.00035972941290338833
2026-09,HIGER,BUSETAS,SIN DEFINIR,KLQ6886,Estimado,Modelo estadístico,0.10509366961858031,2.0556751725476742e-05
2026-09,HINO,CAMIONES,SIN DEFINIR,FC9JJSA,Estimado,Modelo estadístico,1.8419919408698726,0.0003603011593963458
2026-09,HINO,CAMIONES,SIN DEFINIR,FG8JM7A,Estimado,Modelo estadístico,0.510141583435216,9.978578075710531e-05
2026-09,HINO,CAMIONES,SIN DEFINIR,FG8JP7A,Estimado,Modelo estadístico,3.870672983032667,0.0007571194707682514
2026-09,HINO,CAMIONES,SIN DEFINIR,FM8JR7A,Estimado,Modelo estadístico,1.7266290768595653,0.0003377357112356076
2026-09,HINO,CAMIONES,SIN DEFINIR,GD8JLSA,Estimado,Modelo estadístico,2.2419690330300837,0.0004385383149667696
2026-09,HINO,CAMIONES,SIN DEFINIR,GH8JM7A,Estimado,Modelo estadístico,0.7550841457737797,0.00014769754803357834
2026-09,HINO,CAMIONES,SIN DEFINIR,LY230L,Estimado,Modelo estadístico,12.916321839919096,0.0025264853937751065
2026-09,HINO,CAMIONES,SIN DEFINIR,SH1EEVA,Estimado,Modelo estadístico,0.015602958091792019,3.0520024359229316e-06
2026-09,HINO,CAMIONES,SIN DEFINIR,SS1EKVA,Estimado,Modelo estadístico,0.29823971634176866,5.8336908643167495e-05
2026-09,HINO,CAMIONES,SIN DEFINIR,WU600L,Estimado,Modelo estadístico,0.015602958091792019,3.0520024359229316e-06
2026-09,HINO,CAMIONES,SIN DEFINIR,WU650L,Estimado,Modelo estadístico,0.015602958091792019,3.0520024359229316e-06
2026-09,HINO,CAMIONES,SIN DEFINIR,XZU600L,Estimado,Modelo estadístico,15.20946155006775,0.002975032902530319
2026-09,HINO,CAMIONES,SIN DEFINIR,XZU650L,Estimado,Modelo estadístico,3.100948980885153,0.0006065583069349419
2026-09,HINO,CAMIONES,SIN DEFINIR,XZU710L,Estimado,Modelo estadístico,8.067218257248937,0.0015779808948661947
2026-09,HINO,CAMIONES,SIN DEFINIR,XZU720L,Estimado,Modelo estadístico,2.5388226255980104,0.0004966040921290109
2026-09,HINO,CAMIONES,SIN DEFINIR,XZU730L,Estimado,Modelo estadístico,6.096689777537738,0.001192537462617421
2026-09,HONDA,AUTOMOVILES,HB,CIVIC,Estimado,Modelo estadístico,0.36145312501060006,7.070170999078857e-05
2026-09,HONDA,AUTOMOVILES,SD,ACCORD,Estimado,Modelo estadístico,0.013175197698008817,2.5771225707029287e-06
2026-09,HONDA,AUTOMOVILES,SD,CITY,Estimado,Modelo estadístico,0.23290521022574917,4.555721195726736e-05
2026-09,HONDA,AUTOMOVILES,SD,CIVIC,Estimado,Modelo estadístico,0.013175197698008817,2.5771225707029287e-06
2026-09,HONDA,PASAJEROS,SIN DEFINIR,ODYSSEY,Estimado,Modelo estadístico,0.4173102646466874,8.162759502041674e-05
2026-09,HONDA,PICK-UP,MEDIUM,RIDGELINE,Estimado,Modelo estadístico,0.6500481118822317,0.0001271520700921023
2026-09,HONDA,SUV,MEDIUM,PILOT,Estimado,Modelo estadístico,6.051895110886447,0.001183775442561236
2026-09,HONDA,SUV,SIN DEFINIR,BR-V,Estimado,Modelo estadístico,0.689693354615278,0.0001349068417631013
2026-09,HONDA,SUV,SIN DEFINIR,CR-V,Estimado,Modelo estadístico,20.20038392375648,0.00395127773715647
2026-09,HONDA,SUV,SIN DEFINIR,CR-V HEV,Estimado,Modelo estadístico,1.3452491773204815,0.00026313624262473966
2026-09,HONDA,SUV,SIN DEFINIR,ENP1,Estimado,Modelo estadístico,0.013175197698008817,2.5771225707029287e-06
2026-09,HONDA,SUV,SIN DEFINIR,ENP2,Estimado,Modelo estadístico,0.44622709836301505,8.728384599681568e-05
2026-09,HONDA,SUV,SIN DEFINIR,HR-V,Estimado,Modelo estadístico,9.095087104168616,0.0017790362464317681
2026-09,HONDA,SUV,SIN DEFINIR,NS-1,Estimado,Modelo estadístico,0.9554767342665395,0.0001868951581676809
2026-09,HUANGHAI,PICK-UP,LARGE,N7,Estimado,Modelo estadístico,0.05746967071766782,1.1241302706201547e-05
2026-09,HUANGHAI,PICK-UP,MEDIUM,N2,Estimado,Modelo estadístico,0.19893347556115787,3.8912201675313056e-05
2026-09,HUANGHAI,PICK-UP,MEDIUM,N3,Estimado,Modelo estadístico,0.02210371950679531,4.323577963923671e-06
2026-09,HYCAN,SUV,SIN DEFINIR,Z03,Estimado,Modelo estadístico,0.006615597745090157,1.2940379839719528e-06
2026-09,HYPER,AUTOMOVILES,SD,GT560,Estimado,Modelo estadístico,0.26157707489810184,5.116554598647341e-05
2026-09,HYPER,AUTOMOVILES,SD,SSR,Estimado,Modelo estadístico,0.12554163775527755,2.4556457947574715e-05
2026-09,HYPER,SUV,MEDIUM,HT,Estimado,Modelo estadístico,2.3923906538497395,0.00046796139938808643
2026-09,HYUNDAI,AUTOMOVILES,HB,I10 HB,Estimado,Modelo estadístico,19.292035057270592,0.003773600982731222
2026-09,HYUNDAI,AUTOMOVILES,HB,I20 HB,Estimado,Modelo estadístico,0.014048045075358784,2.7478550886132604e-06
2026-09,HYUNDAI,AUTOMOVILES,SD,ACCENT,Estimado,Modelo estadístico,6.560569962142984,0.0012832743245036525
2026-09,HYUNDAI,AUTOMOVILES,SD,ELANTRA,Estimado,Modelo estadístico,0.014048045075358784,2.7478550886132604e-06
2026-09,HYUNDAI,AUTOMOVILES,SD,I10 SD,Estimado,Modelo estadístico,18.082718170212694,0.0035370536521936225
2026-09,HYUNDAI,AUTOMOVILES,SD,IONIQ 6,Estimado,Modelo estadístico,0.014048045075358784,2.7478550886132604e-06
2026-09,HYUNDAI,AUTOMOVILES,SD,IONIQ EV,Estimado,Modelo estadístico,0.18082062704511626,3.536925440420922e-05
2026-09,HYUNDAI,AUTOMOVILES,SD,VERNA,Estimado,Modelo estadístico,0.014048045075358784,2.7478550886132604e-06
2026-09,HYUNDAI,BUSETAS,SIN DEFINIR,COUNTY,Estimado,Modelo estadístico,3.5955687800071567,0.000703307963179304
2026-09,HYUNDAI,CAMIONES,SIN DEFINIR,EX6 MIGHTY,Estimado,Modelo estadístico,1.7031695394276454,0.0003331469297387509
2026-09,HYUNDAI,CAMIONES,SIN DEFINIR,EX8 MIGHTY,Estimado,Modelo estadístico,0.014048045075358784,2.7478550886132604e-06
2026-09,HYUNDAI,CAMIONES,SIN DEFINIR,EX9 MIGHTY,Estimado,Modelo estadístico,1.6901076135277857,0.00033059196359517157
2026-09,HYUNDAI,CAMIONES,SIN DEFINIR,H100,Estimado,Modelo estadístico,6.278797157429379,0.0012281584111426373
2026-09,HYUNDAI,CAMIONES,SIN DEFINIR,HD36,Estimado,Modelo estadístico,0.014048045075358784,2.7478550886132604e-06
2026-09,HYUNDAI,MICROBUS,SIN DEFINIR,STARIA,Estimado,Modelo estadístico,12.304775389998726,0.002406864406276663
2026-09,HYUNDAI,PANEL,SIN DEFINIR,STARIA,Estimado,Modelo estadístico,3.6927530432019697,0.0007223176026501666
2026-09,HYUNDAI,PASAJEROS,SIN DEFINIR,STARGAZER,Estimado,Modelo estadístico,0.187351589995046,3.664673747599889e-05
2026-09,HYUNDAI,SUV,MEDIUM,PALISADE,Estimado,Modelo estadístico,0.4445986187424699,8.696530872077382e-05
2026-09,HYUNDAI,SUV,MEDIUM,PALISADE HV,Estimado,Modelo estadístico,1.1176127163363847,0.00021860961957408795
2026-09,HYUNDAI,SUV,SIN DEFINIR,CRETA,Estimado,Modelo estadístico,49.07212310453574,0.00959870803791616
2026-09,HYUNDAI,SUV,SIN DEFINIR,CRETA GRAND,Estimado,Modelo estadístico,12.751899326039295,0.0024943236773922552
2026-09,HYUNDAI,SUV,SIN DEFINIR,IONIQ 5,Estimado,Modelo estadístico,0.12522976638853042,2.44954546323439e-05
2026-09,HYUNDAI,SUV,SIN DEFINIR,KONA,Estimado,Modelo estadístico,12.530428993503545,0.0024510031742923117
2026-09,HYUNDAI,SUV,SIN DEFINIR,SANTA FE,Estimado,Modelo estadístico,6.1503513194222235,0.001203033879744439
2026-09,HYUNDAI,SUV,SIN DEFINIR,TUCSON,Estimado,Modelo estadístico,90.37404733466119,0.017677533387383582
2026-09,HYUNDAI,SUV,SIN DEFINIR,TUCSON HEV,Estimado,Modelo estadístico,0.014048045075358784,2.7478550886132604e-06
2026-09,HYUNDAI,SUV,SIN DEFINIR,VENUE,Estimado,Modelo estadístico,31.637622566528275,0.006188448406501154
2026-09,INEOS,SUV,MEDIUM,GRENADIER,Estimado,Modelo estadístico,0.3491588151471702,6.829689268432423e-05
2026-09,INTERNATIONAL,CAMIONES,SIN DEFINIR,SERIE HV,Estimado,Modelo estadístico,3.0283993703668646,0.0005923673063102876
2026-09,INTERNATIONAL,CAMIONES,SIN DEFINIR,SERIE HX,Estimado,Modelo estadístico,0.08538338642384417,1.670133969596481e-05
2026-09,INTERNATIONAL,CAMIONES,SIN DEFINIR,SERIE LT,Estimado,Modelo estadístico,0.20978302227315365,4.1034417398695015e-05
2026-09,INTERNATIONAL,CAMIONES,SIN DEFINIR,SERIE MV,Estimado,Modelo estadístico,0.013703917104255475,2.6805422496055716e-06
2026-09,INTERNATIONAL,CAMIONES,SIN DEFINIR,SERIE PROSTAR,Estimado,Modelo estadístico,0.4209131529024293,8.233233470299442e-05
2026-09,ISUZU,BUSETAS,SIN DEFINIR,B700,Estimado,Modelo estadístico,0.015642766048026696,3.0597890350205258e-06
2026-09,ISUZU,CAMIONES,SIN DEFINIR,ELF,Estimado,Modelo estadístico,0.5120064814179259,0.00010015056243199634
2026-09,ISUZU,CAMIONES,SIN DEFINIR,ELF EV,Estimado,Modelo estadístico,0.015642766048026696,3.0597890350205258e-06
2026-09,ISUZU,CAMIONES,SIN DEFINIR,FRR,Estimado,Modelo estadístico,4.252304033383731,0.0008317680655054243
2026-09,ISUZU,CAMIONES,SIN DEFINIR,FTR,Estimado,Modelo estadístico,2.047459476109532,0.0004004914498762262
2026-09,ISUZU,CAMIONES,SIN DEFINIR,FVR,Estimado,Modelo estadístico,2.0870816025610313,0.00040824169990798367
2026-09,ISUZU,CAMIONES,SIN DEFINIR,FVZ,Estimado,Modelo estadístico,2.8968305874644034,0.0005666319141143063
2026-09,ISUZU,CAMIONES,SIN DEFINIR,FXR,Estimado,Modelo estadístico,0.1289194544397082,2.5217172710014963e-05
2026-09,ISUZU,CAMIONES,SIN DEFINIR,GIGA,Estimado,Modelo estadístico,0.39872979302624445,7.799317875700191e-05
2026-09,ISUZU,CAMIONES,SIN DEFINIR,KV100,Estimado,Modelo estadístico,0.10557954557687214,2.065179105068285e-05
2026-09,ISUZU,CAMIONES,SIN DEFINIR,KV600,Estimado,Modelo estadístico,0.03898267491086275,7.625170694352638e-06
2026-09,ISUZU,CAMIONES,SIN DEFINIR,M100,Estimado,Modelo estadístico,0.4254925578115793,8.322808503800016e-05
2026-09,ISUZU,CAMIONES,SIN DEFINIR,M600,Estimado,Modelo estadístico,1.0515211688764108,0.00020568184250418302
2026-09,ISUZU,CAMIONES,SIN DEFINIR,NKR - ELF,Estimado,Modelo estadístico,0.4685375401855769,9.16478596914237e-05
2026-09,ISUZU,CAMIONES,SIN DEFINIR,NLR,Estimado,Modelo estadístico,10.916940378854497,0.0021353982003333486
2026-09,ISUZU,CAMIONES,SIN DEFINIR,NMR,Estimado,Modelo estadístico,10.029584027515504,0.0019618276677531867
2026-09,ISUZU,CAMIONES,SIN DEFINIR,NPR,Estimado,Modelo estadístico,4.890238098683436,0.0009565505785262808
2026-09,ISUZU,CAMIONES,SIN DEFINIR,NPS,Estimado,Modelo estadístico,6.992604483906389,0.0013677820444544192
2026-09,ISUZU,CAMIONES,SIN DEFINIR,NQR,Estimado,Modelo estadístico,12.50464702654172,0.002445960116078128
2026-09,ISUZU,CAMIONES,SIN DEFINIR,NZR,Estimado,Modelo estadístico,3.4601992766657923,0.0006768291345163687
2026-09,ISUZU,CAMIONES,SIN DEFINIR,NZS,Estimado,Modelo estadístico,0.19541033539112973,3.82230610445579e-05
2026-09,ISUZU,CAMIONES,SIN DEFINIR,QKR77,Estimado,Modelo estadístico,0.015642766048026696,3.0597890350205258e-06
2026-09,ISUZU,CAMIONES,SIN DEFINIR,QLR77,Estimado,Modelo estadístico,19.29351160720775,0.0037738898019396352
2026-09,ISUZU,PICK-UP,MEDIUM,D-MAX,Estimado,Modelo estadístico,94.66444387942762,0.01851675250395551
2026-09,ISUZU,SUV,SMALL,MU-X,Estimado,Modelo estadístico,10.595013562042622,0.0020724279979320733
2026-09,IVECO,BUS,SIN DEFINIR,GRAN V,Estimado,Modelo estadístico,0.5319089003733798,0.00010404355700235012
2026-09,IVECO,BUSETAS,SIN DEFINIR,GRAN MICRO S3,Estimado,Modelo estadístico,0.01736582866998943,3.3968271330876106e-06
2026-09,IVECO,CAMIONES,SIN DEFINIR,AD380T42H,Estimado,Modelo estadístico,0.15886517338842185,3.1074677847134814e-05
2026-09,IVECO,CAMIONES,SIN DEFINIR,DAILY,Estimado,Modelo estadístico,0.27785325871983085,5.434923412940177e-05
2026-09,IVECO,CAMIONES,SIN DEFINIR,EUROCARGO ML11,Estimado,Modelo estadístico,1.056099654671209,0.00020657741305666135
2026-09,IVECO,CAMIONES,SIN DEFINIR,EUROCARGO ML15,Estimado,Modelo estadístico,0.22318305735134558,4.365551908079262e-05
2026-09,IVECO,CAMIONES,SIN DEFINIR,EUROCARGO ML16,Estimado,Modelo estadístico,0.6380334089122042,0.00012480194503788553
2026-09,IVECO,CAMIONES,SIN DEFINIR,ML 150 E24,Estimado,Modelo estadístico,0.01736582866998943,3.3968271330876106e-06
2026-09,IVECO,CAMIONES,SIN DEFINIR,ML 180 E28,Estimado,Modelo estadístico,0.08489960683105945,1.660671042842832e-05
2026-09,IVECO,CAMIONES,SIN DEFINIR,S WAY,Estimado,Modelo estadístico,0.01736582866998943,3.3968271330876106e-06
2026-09,IVECO,CAMIONES,SIN DEFINIR,T WAY,Estimado,Modelo estadístico,1.7539486956689323,0.00034307954044184865
2026-09,IVECO,CAMIONES,SIN DEFINIR,TECTOR,Estimado,Modelo estadístico,0.8245552724046831,0.00016128638461549317
2026-09,IVECO,CAMIONES,SIN DEFINIR,TRAKKER,Estimado,Modelo estadístico,0.01736582866998943,3.3968271330876106e-06
2026-09,IVECO,MICROBUS,SIN DEFINIR,DAILY,Estimado,Modelo estadístico,0.22318305735134558,4.365551908079262e-05
2026-09,IVECO,PANEL,SIN DEFINIR,DAILY,Estimado,Modelo estadístico,0.34860293107904705,6.818815948642537e-05
2026-09,JAC,AUTOMOVILES,HB,E-JS1,Estimado,Modelo estadístico,1.1467555496353323,0.0002243100769934329
2026-09,JAC,AUTOMOVILES,HB,E30X,Estimado,Modelo estadístico,2.042724496543425,0.00039956526850184906
2026-09,JAC,AUTOMOVILES,SD,E-J7,Estimado,Modelo estadístico,0.013444593605267738,2.6298175122867564e-06
2026-09,JAC,MICROBUS,SIN DEFINIR,M4,Estimado,Modelo estadístico,0.7998117890297259,0.0001564464580394349
2026-09,JAC,PASAJEROS,SIN DEFINIR,RF8,Estimado,Modelo estadístico,0.04227652178066502,8.269460617523166e-06
2026-09,JAC,PICK-UP,MEDIUM,T8,Estimado,Modelo estadístico,8.985695832553189,0.0017576388661738145
2026-09,JAC,PICK-UP,MEDIUM,T8 BEV,Estimado,Modelo estadístico,0.04227652178066502,8.269460617523166e-06
2026-09,JAC,PICK-UP,MEDIUM,T9,Estimado,Modelo estadístico,6.216424439176205,0.0012159580522796624
2026-09,JAC,SUV,MEDIUM,JS8,Estimado,Modelo estadístico,0.756814552165479,0.00014803602260304996
2026-09,JAC,SUV,SIN DEFINIR,E-JS4,Estimado,Modelo estadístico,1.008546896460934,0.00019727589900792725
2026-09,JAC,SUV,SIN DEFINIR,JS2,Estimado,Modelo estadístico,10.486300969175023,0.002051163370013733
2026-09,JAC,SUV,SIN DEFINIR,JS3,Estimado,Modelo estadístico,0.4039994151151354,7.902393839610834e-05
2026-09,JAC,SUV,SIN DEFINIR,JS4,Estimado,Modelo estadístico,0.6587259785316403,0.0001288494963106949
2026-09,JAC,SUV,SIN DEFINIR,JS5,Estimado,Modelo estadístico,0.2069367080494251,4.047766669199463e-05
2026-09,JAC I,CAMIONES,SIN DEFINIR,HFC1012K,Estimado,Modelo estadístico,3.9699211403390975,0.0007765328163709313
2026-09,JAC I,CAMIONES,SIN DEFINIR,HFC1035K,Estimado,Modelo estadístico,15.582553662654233,0.0030480112461071427
2026-09,JAC I,CAMIONES,SIN DEFINIR,HFC1042,Estimado,Modelo estadístico,12.515327059660299,0.0024480491742491415
2026-09,JAC I,CAMIONES,SIN DEFINIR,HFC1070K,Estimado,Modelo estadístico,0.6393660099420057,0.0001250626072511108
2026-09,JAC I,CAMIONES,SIN DEFINIR,HFC1085K,Estimado,Modelo estadístico,0.01568065496896925,3.067200262964027e-06
2026-09,JAC I,CAMIONES,SIN DEFINIR,HFC1090K,Estimado,Modelo estadístico,0.0780491904662729,1.5266740961778705e-05
2026-09,JAC I,CAMIONES,SIN DEFINIR,HFC1091K,Estimado,Modelo estadístico,0.3898918679527911,7.62644444558521e-05
2026-09,JAC I,CAMIONES,SIN DEFINIR,HFC1171K,Estimado,Modelo estadístico,0.5332487577710876,0.00010430563859082434
2026-09,JAC I,CAMIONES,SIN DEFINIR,N55 EV,Estimado,Modelo estadístico,0.01568065496896925,3.067200262964027e-06
2026-09,JAC I,CAMIONES,SIN DEFINIR,N75,Estimado,Modelo estadístico,4.446453324531866,0.0008697444611370019
2026-09,JAC I,CAMIONES,SIN DEFINIR,N90,Estimado,Modelo estadístico,5.725428009733301,0.0011199171419680781
2026-09,JAC I,CAMIONES,[2] LIVIANO [LD],N45,Estimado,Modelo estadístico,0.11011866916135812,2.153966219378962e-05
2026-09,JAC I,MICROBUS,SIN DEFINIR,SUNRAY,Estimado,Modelo estadístico,5.810563818006058,0.0011365700543648249
2026-09,JAC I,PANEL,SIN DEFINIR,REFINE,Estimado,Modelo estadístico,0.01568065496896925,3.067200262964027e-06
2026-09,JAC I,PANEL,SIN DEFINIR,SUNRAY,Estimado,Modelo estadístico,1.1383142939204351,0.0002226589328416283
2026-09,JAECOO,SUV,SIN DEFINIR,J5,Estimado,Modelo estadístico,5.313759007476216,0.0010393930009500024
2026-09,JAECOO,SUV,SIN DEFINIR,J5 BEV,Estimado,Modelo estadístico,1.6241630461947814,0.00031769293643941137
2026-09,JAECOO,SUV,SIN DEFINIR,J7,Estimado,Modelo estadístico,3.214342192510766,0.0006287384830312009
2026-09,JAECOO,SUV,SMALL,J8,Estimado,Modelo estadístico,2.068963486620314,0.00040469772230706375
2026-09,JEEP,PICK-UP,LARGE,GLADIATOR,Estimado,Modelo estadístico,0.29387045592407846,5.7482263430412164e-05
2026-09,JEEP,SUV,MEDIUM,GRAND CHEROKEE,Estimado,Modelo estadístico,0.6880701314353483,0.00013458933266834842
2026-09,JEEP,SUV,SIN DEFINIR,AVENGER,Estimado,Modelo estadístico,1.408304318558485,0.00027547008621540384
2026-09,JEEP,SUV,SIN DEFINIR,COMPASS,Estimado,Modelo estadístico,4.116007355621034,0.0008051078777325185
2026-09,JEEP,SUV,SIN DEFINIR,RENEGADE,Estimado,Modelo estadístico,0.9175934817949526,0.00017948503900029118
2026-09,JEEP,SUV,SMALL,COMMANDER,Estimado,Modelo estadístico,0.4083542356251279,7.987575910384299e-05
2026-09,JEEP,SUV,SMALL,WRANGLER,Estimado,Modelo estadístico,1.2097550780807302,0.00023663304249434627
2026-09,JETOUR,SUV,LARGE,G700,Estimado,Modelo estadístico,0.6992853891975536,0.0001367830829693096
2026-09,JETOUR,SUV,SIN DEFINIR,DASHING,Estimado,Modelo estadístico,4.371333174406265,0.000855050652448838
2026-09,JETOUR,SUV,SIN DEFINIR,X50,Estimado,Modelo estadístico,7.867163065144299,0.001538849280845929
2026-09,JETOUR,SUV,SIN DEFINIR,X70,Estimado,Modelo estadístico,4.740100627303409,0.0009271830748978377
2026-09,JETOUR,SUV,SMALL,T1,Estimado,Modelo estadístico,2.1475256951620127,0.00042006481170320096
2026-09,JETOUR,SUV,SMALL,T2,Estimado,Modelo estadístico,1.2112579870063718,0.00023692701762874347
2026-09,JMC,AUTOMOVILES,HB,EV EASY,Estimado,Modelo estadístico,0.018500048519880626,3.6186851759263647e-06
2026-09,JMC,CAMIONES,SIN DEFINIR,JX1031,Estimado,Modelo estadístico,0.9428881694370772,0.0001844327833860359
2026-09,JMC,CAMIONES,SIN DEFINIR,JX1033,Estimado,Modelo estadístico,0.018500048519880626,3.6186851759263647e-06
2026-09,JMC,CAMIONES,SIN DEFINIR,JX1034,Estimado,Modelo estadístico,0.04122933636276131,8.06462686564721e-06
2026-09,JMC,CAMIONES,SIN DEFINIR,JX1035,Estimado,Modelo estadístico,0.018500048519880626,3.6186851759263647e-06
2026-09,JMC,CAMIONES,SIN DEFINIR,JX1044,Estimado,Modelo estadístico,4.6890634794704145,0.0009171999999839339
2026-09,JMC,CAMIONES,SIN DEFINIR,JX1054,Estimado,Modelo estadístico,2.512344915454897,0.0004914249437022165
2026-09,JMC,CAMIONES,SIN DEFINIR,JX1079,Estimado,Modelo estadístico,0.13214648773428403,2.584839362453058e-05
2026-09,JMC,CAMIONES,SIN DEFINIR,JX1083,Estimado,Modelo estadístico,0.018500048519880626,3.6186851759263647e-06
2026-09,JMC,CAMIONES,SIN DEFINIR,N601,Estimado,Modelo estadístico,0.8426154221941392,0.00016481902380008145
2026-09,JMC,CAMIONES,SIN DEFINIR,N720,Estimado,Modelo estadístico,0.22367794418264142,4.3752320969622636e-05
2026-09,JMC,CAMIONES,SIN DEFINIR,N801 EV,Estimado,Modelo estadístico,0.018500048519880626,3.6186851759263647e-06
2026-09,JMC,CAMIONES,SIN DEFINIR,N822,Estimado,Modelo estadístico,10.814411443652668,0.002115343121152358
2026-09,JMC,MICROBUS,SIN DEFINIR,N520,Estimado,Modelo estadístico,0.12108899635126102,2.36855030727745e-05
2026-09,JMC,MICROBUS,SIN DEFINIR,TOURING BUS,Estimado,Modelo estadístico,0.7260384773144588,0.00014201609645437489
2026-09,JMC,PANEL,SIN DEFINIR,TOURING VAN,Estimado,Modelo estadístico,0.6266157119388392,0.00012256859679902365
2026-09,JMC,PICK-UP,MEDIUM,GRAND AVENUE,Estimado,Modelo estadístico,14.728288176107913,0.002880913422058266
2026-09,JMC,PICK-UP,MEDIUM,VIGUS,Estimado,Modelo estadístico,1.3455902604027912,0.0002632029598710424
2026-09,JMC,PICK-UP,MEDIUM,VIGUS T500,Estimado,Modelo estadístico,0.018500048519880626,3.6186851759263647e-06
2026-09,JMC,SUV,SIN DEFINIR,EWIND,Estimado,Modelo estadístico,0.10091158588730649,1.9738719038341875e-05
2026-09,JMEV,AUTOMOVILES,HB,EV2-EV3,Estimado,Modelo estadístico,0.20856554113176493,4.079627310660957e-05
2026-09,JMEV,AUTOMOVILES,SD,GSE,Estimado,Modelo estadístico,0.041713108226353,8.159254621321917e-06
2026-09,JOYLONG,MICROBUS,SIN DEFINIR,A5,Estimado,Modelo estadístico,0.08398081113766366,1.6426990231920548e-05
2026-09,JOYLONG,MICROBUS,SIN DEFINIR,A6,Estimado,Modelo estadístico,0.16762915667304046,3.278894883188575e-05
2026-09,KAIYI,AUTOMOVILES,HB,E-QUTE 04,Estimado,Modelo estadístico,0.018813354105954937,3.6799690303251065e-06
2026-09,KAIYI,SUV,SIN DEFINIR,FX12,Estimado,Modelo estadístico,0.018813354105954937,3.6799690303251065e-06
2026-09,KAIYI,SUV,SIN DEFINIR,X3,Estimado,Modelo estadístico,20.234859947980365,0.003958021388539318
2026-09,KAIYI,SUV,SIN DEFINIR,X3 PRO EV,Estimado,Modelo estadístico,2.72188410325471,0.0005324116660803764
2026-09,KAIYI,SUV,SIN DEFINIR,X7,Estimado,Modelo estadístico,15.107424374830675,0.0029550740136102707
2026-09,KALMAR,CAMIONES,SIN DEFINIR,OTTAWA T2,Estimado,Modelo estadístico,0.46103958726274397,9.018122942488729e-05
2026-09,KARRY,CAMIONES,[2] LIVIANO [LD],YORY,Estimado,Modelo estadístico,0.11949481886969736,2.3373675435450698e-05
2026-09,KARRY,MICROBUS,SIN DEFINIR,Q22L,Estimado,Modelo estadístico,1.2501845004846295,0.00024454120291711684
2026-09,KARRY,MICROBUS,SIN DEFINIR,YOYO,Estimado,Modelo estadístico,0.11949481886969736,2.3373675435450698e-05
2026-09,KARRY,PANEL,SIN DEFINIR,COWFISH,Estimado,Modelo estadístico,0.3894220465468098,7.617254546675861e-05
2026-09,KARRY,PANEL,SIN DEFINIR,DOLPHIN,Estimado,Modelo estadístico,0.0895770526408904,1.7521637964701798e-05
2026-09,KARRY,PANEL,SIN DEFINIR,EV6,Estimado,Modelo estadístico,0.1203303853491898,2.353711565722044e-05
2026-09,KARRY,PANEL,SIN DEFINIR,YOYO,Estimado,Modelo estadístico,0.6459802105520428,0.00012635637194975056
2026-09,KAVRED,MICROBUS,SIN DEFINIR,KA14,Estimado,Modelo estadístico,0.04641781096427017,9.079513724239713e-06
2026-09,KAZOKU,PANEL,SIN DEFINIR,H10,Estimado,Modelo estadístico,0.0211699127842885,4.140921548710248e-06
2026-09,KENWORTH,CAMIONES,SIN DEFINIR,T460,Estimado,Modelo estadístico,0.018621268960706268,3.6423963900760795e-06
2026-09,KENWORTH,CAMIONES,SIN DEFINIR,T480,Estimado,Modelo estadístico,0.018621268960706268,3.6423963900760795e-06
2026-09,KENWORTH,CAMIONES,SIN DEFINIR,T680,Estimado,Modelo estadístico,0.018621268960706268,3.6423963900760795e-06
2026-09,KENWORTH,CAMIONES,SIN DEFINIR,T800 - T880,Estimado,Modelo estadístico,0.970379321834765,0.00018981016526391258
2026-09,KGE,BUS,SIN DEFINIR,URBANO,Estimado,Modelo estadístico,0.32492467674989123,6.3556596069678e-05
2026-09,KIA,AUTOMOVILES,HB,K3 HB,Estimado,Modelo estadístico,8.701967642269981,0.0017021404713957187
2026-09,KIA,AUTOMOVILES,HB,PICANTO HB,Estimado,Modelo estadístico,10.06288463562817,0.001968341402935942
2026-09,KIA,AUTOMOVILES,SD,K3 SD,Estimado,Modelo estadístico,2.9895920819760824,0.0005847764419367854
2026-09,KIA,AUTOMOVILES,SD,RIO,Estimado,Modelo estadístico,0.3398708555356196,6.648012978638899e-05
2026-09,KIA,AUTOMOVILES,SD,SOLUTO,Estimado,Modelo estadístico,14.327224072586883,0.0028024636426186005
2026-09,KIA,CAMIONES,SIN DEFINIR,K2500,Estimado,Modelo estadístico,37.158003675099835,0.007268257535735846
2026-09,KIA,PASAJEROS,SIN DEFINIR,CARENS,Estimado,Modelo estadístico,0.015036640440862656,2.9412283865423977e-06
2026-09,KIA,PASAJEROS,SIN DEFINIR,CARNIVAL,Estimado,Modelo estadístico,1.464895301616097,0.00028653951402050464
2026-09,KIA,PASAJEROS,SIN DEFINIR,PV5,Estimado,Modelo estadístico,0.08419449107579997,1.6468786902004724e-05
2026-09,KIA,PICK-UP,MEDIUM,TASMAN,Estimado,Modelo estadístico,2.6325976880893482,0.0005149468779949132
2026-09,KIA,SUV,LARGE,EV9,Estimado,Modelo estadístico,0.2707518539975773,5.2960170313214637e-05
2026-09,KIA,SUV,MEDIUM,TELLURIDE,Estimado,Modelo estadístico,0.015036640440862656,2.9412283865423977e-06
2026-09,KIA,SUV,SIN DEFINIR,EV3,Estimado,Modelo estadístico,1.5698796031961753,0.00030707487291021547
2026-09,KIA,SUV,SIN DEFINIR,EV5,Estimado,Modelo estadístico,7.087119124098234,0.0013862694947442227
2026-09,KIA,SUV,SIN DEFINIR,EV6,Estimado,Modelo estadístico,0.4991415948854238,9.763413799477867e-05
2026-09,KIA,SUV,SIN DEFINIR,NIRO,Estimado,Modelo estadístico,0.17745374798824118,3.471067908646571e-05
2026-09,KIA,SUV,SIN DEFINIR,SELTOS,Estimado,Modelo estadístico,27.15314720000834,0.005311266678399537
2026-09,KIA,SUV,SIN DEFINIR,SONET,Estimado,Modelo estadístico,8.941643008991539,0.001749021953660913
2026-09,KIA,SUV,SIN DEFINIR,SOUL,Estimado,Modelo estadístico,0.015036640440862656,2.9412283865423977e-06
2026-09,KIA,SUV,SIN DEFINIR,SPORTAGE,Estimado,Modelo estadístico,13.645927446329063,0.002669199235274023
2026-09,KIA,SUV,SMALL,SORENTO,Estimado,Modelo estadístico,2.9739555918058316,0.000581717880489133
2026-09,KING LONG,BUS,SIN DEFINIR,XMQ,Estimado,Modelo estadístico,1.4183669924713247,0.00027743838640010025
2026-09,KING LONG,MICROBUS,SIN DEFINIR,XMQ,Estimado,Modelo estadístico,16.40883190972385,0.0032096346516159485
2026-09,KING LONG,PANEL,SIN DEFINIR,XMQ,Estimado,Modelo estadístico,0.42997171827628305,8.410422714956277e-05
2026-09,LAMBORGHINI,SUV,LARGE,URUS,Estimado,Modelo estadístico,0.006615597745090157,1.2940379839719528e-06
2026-09,LAND ROVER,SUV,LARGE,DEFENDER,Estimado,Modelo estadístico,6.021976239556843,0.0011779231889282502
2026-09,LAND ROVER,SUV,LARGE,DISCOVERY,Estimado,Modelo estadístico,1.6581719018838883,0.00032434520774562655
2026-09,LAND ROVER,SUV,LARGE,RANGE ROVER,Estimado,Modelo estadístico,1.2430271345799613,0.00024314119286470697
2026-09,LAND ROVER,SUV,LARGE,RANGE ROVER SPORT,Estimado,Modelo estadístico,6.04151334263278,0.0011817447262180288
2026-09,LAND ROVER,SUV,LARGE,RANGE ROVER VOGUE,Estimado,Modelo estadístico,0.013915075710763907,2.7218457369083313e-06
2026-09,LAND ROVER,SUV,SIN DEFINIR,DISCOVERY SPORT,Estimado,Modelo estadístico,0.4540870466315,8.882128403391863e-05
2026-09,LAND ROVER,SUV,SIN DEFINIR,EVOQUE,Estimado,Modelo estadístico,0.9407264294558172,0.00018400993820181995
2026-09,LAND ROVER,SUV,SIN DEFINIR,RANGE ROVER VELAR,Estimado,Modelo estadístico,0.10702491801850435,2.0934511813420648e-05
2026-09,LEAPMOTOR,AUTOMOVILES,HB,T03,Estimado,Modelo estadístico,0.23004227129240565,4.499720938935305e-05
2026-09,LEAPMOTOR,SUV,SIN DEFINIR,B10,Estimado,Modelo estadístico,1.014774881495085,0.00019849411835987945
2026-09,LEAPMOTOR,SUV,SIN DEFINIR,C10,Estimado,Modelo estadístico,1.4238498838768048,0.0002785108623900364
2026-09,LEAPMOTOR,SUV,SIN DEFINIR,C11,Estimado,Modelo estadístico,0.02262396022561812,4.425339176879102e-06
2026-09,LEAPMOTOR,SUV,SMALL,C16,Estimado,Modelo estadístico,0.30331086913683103,5.9328846876444526e-05
2026-09,LEXUS,AUTOMOVILES,SD,IS350,Estimado,Modelo estadístico,0.014020990004821472,2.7425630061313253e-06
2026-09,LEXUS,AUTOMOVILES,SD,LC500,Estimado,Modelo estadístico,0.014020990004821472,2.7425630061313253e-06
2026-09,LEXUS,SUV,LARGE,GX,Estimado,Modelo estadístico,3.2563978505898725,0.000636964741805125
2026-09,LEXUS,SUV,LARGE,LX 700H,Estimado,Modelo estadístico,1.2299287097953302,0.00024057908738994594
2026-09,LEXUS,SUV,LARGE,LX DSL,Estimado,Modelo estadístico,1.2101268419992166,0.00023670576103772335
2026-09,LEXUS,SUV,SIN DEFINIR,LBX,Estimado,Modelo estadístico,5.137495791851615,0.0010049151948644446
2026-09,LEXUS,SUV,SIN DEFINIR,NX HEV,Estimado,Modelo estadístico,4.78690545344662,0.0009363382903743936
2026-09,LEXUS,SUV,SIN DEFINIR,RX HEV,Estimado,Modelo estadístico,1.911438695378123,0.00037388522869136106
2026-09,LEXUS,SUV,SIN DEFINIR,RX350,Estimado,Modelo estadístico,0.014020990004821472,2.7425630061313253e-06
2026-09,LEXUS,SUV,SIN DEFINIR,RZ,Estimado,Modelo estadístico,0.24055535564090952,4.705361169793682e-05
2026-09,LEXUS,SUV,SIN DEFINIR,UX HEV,Estimado,Modelo estadístico,1.26475162581178,0.0002473905922265867
2026-09,LEXUS,SUV,SIN DEFINIR,UX300E,Estimado,Modelo estadístico,0.014020990004821472,2.7425630061313253e-06
2026-09,LI,SUV,MEDIUM,L6,Estimado,Modelo estadístico,0.18567124385708067,3.631805489695885e-05
2026-09,LINCOLN,SUV,LARGE,NAVIGATOR,Estimado,Modelo estadístico,0.007736301827378362,1.5132522873732855e-06
2026-09,LINCOLN,SUV,SIN DEFINIR,AVIATOR,Estimado,Modelo estadístico,0.038681509136891806,7.566261436866427e-06
2026-09,LINXYS,PANEL,SIN DEFINIR,G105,Estimado,Modelo estadístico,0.5536383362552411,0.0001082939235580072
2026-09,LINXYS,PASAJEROS,SIN DEFINIR,G200,Estimado,Modelo estadístico,0.2786379537263566,5.4502723682939245e-05
2026-09,LOTUS,AUTOMOVILES,SD,ELISE,Estimado,Modelo estadístico,0.2567785417467042,5.022693327080979e-05
2026-09,LOTUS,AUTOMOVILES,SD,EMIRA,Estimado,Modelo estadístico,0.15406712504802253,3.0136159962485875e-05
2026-09,LUCID,AUTOMOVILES,SD,AIR,Estimado,Modelo estadístico,0.04641781096427017,9.079513724239713e-06
2026-09,LYNK & CO,AUTOMOVILES,SD,03,Estimado,Modelo estadístico,0.6507243629175515,0.0001272843475612174
2026-09,LYNK & CO,SUV,LARGE,09,Estimado,Modelo estadístico,1.417660730236427,0.0002773002386175691
2026-09,LYNK & CO,SUV,SIN DEFINIR,01,Estimado,Modelo estadístico,0.8876303717031161,0.0001736241320844277
2026-09,LYNK & CO,SUV,SIN DEFINIR,02,Estimado,Modelo estadístico,0.02176018746030908,4.256381690209066e-06
2026-09,LYNK & CO,SUV,SIN DEFINIR,05,Estimado,Modelo estadístico,1.2557679959054184,0.00024563335746402787
2026-09,LYNK & CO,SUV,SIN DEFINIR,06,Estimado,Modelo estadístico,1.554379306185884,0.0003040429514018302
2026-09,LYNK & CO,SUV,SIN DEFINIR,08,Estimado,Modelo estadístico,0.16439583051523934,3.215649700757857e-05
2026-09,M.G.,AUTOMOVILES,HB,MG 3 HB,Estimado,Modelo estadístico,0.35770886453534406,6.99693173237069e-05
2026-09,M.G.,AUTOMOVILES,HB,MG 4,Estimado,Modelo estadístico,14.043354556186273,0.0027469376038737627
2026-09,M.G.,AUTOMOVILES,SD,MG 5,Estimado,Modelo estadístico,0.032518987685031274,6.3608470294278986e-06
2026-09,M.G.,SUV,SIN DEFINIR,HS,Estimado,Modelo estadístico,1.3524117932984112,0.000264537279612958
2026-09,M.G.,SUV,SIN DEFINIR,MARVEL R,Estimado,Modelo estadístico,9.875544112811987,0.001931696830245406
2026-09,M.G.,SUV,SIN DEFINIR,ONE,Estimado,Modelo estadístico,22.557145647757277,0.004412269972104802
2026-09,M.G.,SUV,SIN DEFINIR,RX,Estimado,Modelo estadístico,23.003229536320347,0.004499525805678864
2026-09,M.G.,SUV,SIN DEFINIR,ZS,Estimado,Modelo estadístico,6.756136180207773,0.0013215278768369087
2026-09,M.G.,SUV,SIN DEFINIR,ZS EV,Estimado,Modelo estadístico,4.924510259948237,0.0009632543534803097
2026-09,MACK,CAMIONES,SIN DEFINIR,AN64TX,Estimado,Modelo estadístico,1.9592624157021779,0.000383239744038082
2026-09,MACK,CAMIONES,SIN DEFINIR,GR64BX,Estimado,Modelo estadístico,0.024596670001085653,4.8112092795017e-06
2026-09,MACK,CAMIONES,SIN DEFINIR,GR84BX,Estimado,Modelo estadístico,0.43974305364675476,8.601554032347865e-05
2026-09,MACK,CAMIONES,SIN DEFINIR,RD688,Estimado,Modelo estadístico,0.05482134665974127,1.072327968592842e-05
2026-09,MACLAREN,AUTOMOVILES,SD,750S,Estimado,Modelo estadístico,0.04641781096427017,9.079513724239713e-06
2026-09,MAHINDRA,PICK-UP,MEDIUM,PIK UP,Estimado,Modelo estadístico,2.857020756985549,0.0005588449484068833
2026-09,MAHINDRA,SUV,SIN DEFINIR,XUV300,Estimado,Modelo estadístico,4.83006713551163,0.0009447808919648085
2026-09,MASERATI,AUTOMOVILES,SD,MC20,Estimado,Modelo estadístico,0.014812485211369936,2.8973827066135044e-06
2026-09,MASERATI,SUV,SIN DEFINIR,GRECALE,Estimado,Modelo estadístico,0.022788438786722976,4.457511856328468e-06
2026-09,MASERATI,SUV,SIN DEFINIR,LEVANTE,Estimado,Modelo estadístico,0.043298033694773655,8.46927252702409e-06
2026-09,MASERATI,SUV,SIN DEFINIR,LEVANTE HEV,Estimado,Modelo estadístico,0.014812485211369936,2.8973827066135044e-06
2026-09,MAXUS,CAMIONES,SIN DEFINIR,C100-28D5,Estimado,Modelo estadístico,0.014391714058324378,2.815078147663449e-06
2026-09,MAXUS,CAMIONES,SIN DEFINIR,H500,Estimado,Modelo estadístico,0.014391714058324378,2.815078147663449e-06
2026-09,MAXUS,CAMIONES,SIN DEFINIR,TRACTOR,Estimado,Modelo estadístico,0.014391714058324378,2.815078147663449e-06
2026-09,MAXUS,MICROBUS,SIN DEFINIR,DELIVERY 9,Estimado,Modelo estadístico,7.617911909488771,0.0014900947350897974
2026-09,MAXUS,MICROBUS,SIN DEFINIR,EV70,Estimado,Modelo estadístico,0.014391714058324378,2.815078147663449e-06
2026-09,MAXUS,MICROBUS,SIN DEFINIR,V80,Estimado,Modelo estadístico,1.694626085395047,0.0003314757951779011
2026-09,MAXUS,MICROBUS,SIN DEFINIR,V90,Estimado,Modelo estadístico,1.3758607685286686,0.0002691239950999585
2026-09,MAXUS,PANEL,SIN DEFINIR,DANA V1,Estimado,Modelo estadístico,0.014391714058324378,2.815078147663449e-06
2026-09,MAXUS,PANEL,SIN DEFINIR,DELIVERY 9,Estimado,Modelo estadístico,1.1347309334211928,0.00022195801286811181
2026-09,MAXUS,PANEL,SIN DEFINIR,EV30,Estimado,Modelo estadístico,0.3154917061823639,6.171146843550025e-05
2026-09,MAXUS,PANEL,SIN DEFINIR,EV90,Estimado,Modelo estadístico,0.014391714058324378,2.815078147663449e-06
2026-09,MAXUS,PANEL,SIN DEFINIR,G 10,Estimado,Modelo estadístico,0.375894676412225,7.352653652669087e-05
2026-09,MAXUS,PANEL,SIN DEFINIR,V90,Estimado,Modelo estadístico,0.10365083379980505,2.0274527136547323e-05
2026-09,MAXUS,PASAJEROS,SIN DEFINIR,EUNIQ 5,Estimado,Modelo estadístico,0.014391714058324378,2.815078147663449e-06
2026-09,MAXUS,PASAJEROS,SIN DEFINIR,G 10,Estimado,Modelo estadístico,0.2643207767353742,5.170222529058603e-05
2026-09,MAXUS,PICK-UP,MEDIUM,INTERSTELLAR,Estimado,Modelo estadístico,0.014391714058324378,2.815078147663449e-06
2026-09,MAXUS,PICK-UP,MEDIUM,T60,Estimado,Modelo estadístico,5.5941366379121495,0.0010942360125145158
2026-09,MAXUS,PICK-UP,MEDIUM,T90,Estimado,Modelo estadístico,0.667216048973486,0.00013051018882279626
2026-09,MAXUS,SUV,SIN DEFINIR,D60,Estimado,Modelo estadístico,1.4760608716311858,0.00028872354519485265
2026-09,MAXUS,SUV,SIN DEFINIR,D90,Estimado,Modelo estadístico,1.562082741386137,0.0003055497748424773
2026-09,MAXUS,SUV,SIN DEFINIR,EUNIQ6,Estimado,Modelo estadístico,0.9176916904304427,0.00017950424901117383
2026-09,MAZDA,AUTOMOVILES,SD,MAZDA 3,Estimado,Modelo estadístico,0.3479708127880096,6.80645145626431e-05
2026-09,MAZDA,AUTOMOVILES,SD,MX5,Estimado,Modelo estadístico,0.4206545121991994,8.228174352331921e-05
2026-09,MAZDA,PICK-UP,MEDIUM,BT50,Estimado,Modelo estadístico,0.9138916915934354,0.0001787609536925027
2026-09,MAZDA,SUV,MEDIUM,CX-9,Estimado,Modelo estadístico,0.014777985915613185,2.890634503223622e-06
2026-09,MAZDA,SUV,MEDIUM,CX-90,Estimado,Modelo estadístico,1.5624828851989043,0.0003056280446092806
2026-09,MAZDA,SUV,SIN DEFINIR,CX-30,Estimado,Modelo estadístico,14.308408362285812,0.002798783212706871
2026-09,MAZDA,SUV,SIN DEFINIR,CX-30 BEV,Estimado,Modelo estadístico,0.014777985915613185,2.890634503223622e-06
2026-09,MAZDA,SUV,SIN DEFINIR,CX-5,Estimado,Modelo estadístico,30.018245698675,0.005871691666126047
2026-09,MAZDA,SUV,SIN DEFINIR,CX-60,Estimado,Modelo estadístico,4.1967231711393405,0.0008208962214638888
2026-09,MAZDA,SUV,SIN DEFINIR,EZ-60,Estimado,Modelo estadístico,0.5109980893928154,9.995331682645816e-05
2026-09,MERCEDES BENZ,AUTOMOVILES,HB,A200,Estimado,Modelo estadístico,0.013444743207414756,2.6298467750787497e-06
2026-09,MERCEDES BENZ,AUTOMOVILES,HB,A45,Estimado,Modelo estadístico,0.013444743207414756,2.6298467750787497e-06
2026-09,MERCEDES BENZ,AUTOMOVILES,SD,A35,Estimado,Modelo estadístico,0.013444743207414756,2.6298467750787497e-06
2026-09,MERCEDES BENZ,AUTOMOVILES,SD,C200,Estimado,Modelo estadístico,0.07821942729425056,1.5300039981786005e-05
2026-09,MERCEDES BENZ,AUTOMOVILES,SD,C43,Estimado,Modelo estadístico,0.013444743207414756,2.6298467750787497e-06
2026-09,MERCEDES BENZ,AUTOMOVILES,SD,C63,Estimado,Modelo estadístico,0.053939105460442935,1.0550709698013978e-05
2026-09,MERCEDES BENZ,AUTOMOVILES,SD,CLA200,Estimado,Modelo estadístico,0.013444743207414756,2.6298467750787497e-06
2026-09,MERCEDES BENZ,AUTOMOVILES,SD,CLE 200,Estimado,Modelo estadístico,0.062005386875030016,1.2128507342622803e-05
2026-09,MERCEDES BENZ,AUTOMOVILES,SD,CLE 53,Estimado,Modelo estadístico,0.34386459633838806,6.726132182617959e-05
2026-09,MERCEDES BENZ,AUTOMOVILES,SD,CLS 53 AMG,Estimado,Modelo estadístico,0.013444743207414756,2.6298467750787497e-06
2026-09,MERCEDES BENZ,AUTOMOVILES,SD,E200,Estimado,Modelo estadístico,0.10739781302853413,2.1007451602931016e-05
2026-09,MERCEDES BENZ,AUTOMOVILES,SD,E300,Estimado,Modelo estadístico,0.013444743207414756,2.6298467750787497e-06
2026-09,MERCEDES BENZ,AUTOMOVILES,SD,E63,Estimado,Modelo estadístico,0.013444743207414756,2.6298467750787497e-06
2026-09,MERCEDES BENZ,AUTOMOVILES,SD,EQE,Estimado,Modelo estadístico,0.07821942729425056,1.5300039981786005e-05
2026-09,MERCEDES BENZ,AUTOMOVILES,SD,EQS,Estimado,Modelo estadístico,0.053939105460442935,1.0550709698013978e-05
2026-09,MERCEDES BENZ,AUTOMOVILES,SD,GT AMG,Estimado,Modelo estadístico,0.013444743207414756,2.6298467750787497e-06
2026-09,MERCEDES BENZ,AUTOMOVILES,SD,S450,Estimado,Modelo estadístico,0.013444743207414756,2.6298467750787497e-06
2026-09,MERCEDES BENZ,AUTOMOVILES,SD,S580,Estimado,Modelo estadístico,0.10739781302853413,2.1007451602931016e-05
2026-09,MERCEDES BENZ,AUTOMOVILES,SD,SL43,Estimado,Modelo estadístico,0.013444743207414756,2.6298467750787497e-06
2026-09,MERCEDES BENZ,AUTOMOVILES,SD,SLC,Estimado,Modelo estadístico,0.013444743207414756,2.6298467750787497e-06
2026-09,MERCEDES BENZ,BUS,SIN DEFINIR,TORINO OF-1724/59,Estimado,Modelo estadístico,0.859022371597489,0.0001680282902257491
2026-09,MERCEDES BENZ,CAMIONES,SIN DEFINIR,ACTROS,Estimado,Modelo estadístico,0.20135088284965352,3.938505643078329e-05
2026-09,MERCEDES BENZ,CAMIONES,SIN DEFINIR,AROCS,Estimado,Modelo estadístico,0.013444743207414756,2.6298467750787497e-06
2026-09,MERCEDES BENZ,CAMIONES,SIN DEFINIR,ATEGO,Estimado,Modelo estadístico,0.4896280049312802,9.57732408787573e-05
2026-09,MERCEDES BENZ,MICROBUS,SIN DEFINIR,SPRINTER,Estimado,Modelo estadístico,0.2531612216214263,4.9519370655508725e-05
2026-09,MERCEDES BENZ,MICROBUS,SIN DEFINIR,VITO,Estimado,Modelo estadístico,0.013444743207414756,2.6298467750787497e-06
2026-09,MERCEDES BENZ,PANEL,SIN DEFINIR,SPRINTER,Estimado,Modelo estadístico,0.30164038769899515,5.9002093873107226e-05
2026-09,MERCEDES BENZ,PANEL,SIN DEFINIR,VITO,Estimado,Modelo estadístico,0.013444743207414756,2.6298467750787497e-06
2026-09,MERCEDES BENZ,PASAJEROS,SIN DEFINIR,V300,Estimado,Modelo estadístico,0.013444743207414756,2.6298467750787497e-06
2026-09,MERCEDES BENZ,SUV,LARGE,EQS,Estimado,Modelo estadístico,0.09443346771347111,1.8471572620949206e-05
2026-09,MERCEDES BENZ,SUV,LARGE,G450,Estimado,Modelo estadístico,0.6257238058017462,0.0001223941363097364
2026-09,MERCEDES BENZ,SUV,LARGE,G500,Estimado,Modelo estadístico,0.11871378954727875,2.3220902904721236e-05
2026-09,MERCEDES BENZ,SUV,LARGE,G580,Estimado,Modelo estadístico,0.22563120468346112,4.4134386714555304e-05
2026-09,MERCEDES BENZ,SUV,LARGE,G63,Estimado,Modelo estadístico,0.3146862106041045,6.155391020503458e-05
2026-09,MERCEDES BENZ,SUV,LARGE,GLS400,Estimado,Modelo estadístico,0.47024574699794863,9.198199193235827e-05
2026-09,MERCEDES BENZ,SUV,LARGE,GLS450,Estimado,Modelo estadístico,0.07821942729425056,1.5300039981786005e-05
2026-09,MERCEDES BENZ,SUV,LARGE,GLS600,Estimado,Modelo estadístico,0.013444743207414756,2.6298467750787497e-06
2026-09,MERCEDES BENZ,SUV,SIN DEFINIR,EQA,Estimado,Modelo estadístico,1.6282867343264988,0.00031849954670837115
2026-09,MERCEDES BENZ,SUV,SIN DEFINIR,EQB,Estimado,Modelo estadístico,0.41838836573769644,8.183847600443102e-05
2026-09,MERCEDES BENZ,SUV,SIN DEFINIR,EQE,Estimado,Modelo estadístico,0.6985992064047362,0.00013664886280779622
2026-09,MERCEDES BENZ,SUV,SIN DEFINIR,GLA200,Estimado,Modelo estadístico,1.8648476026133114,0.0003647718203380233
2026-09,MERCEDES BENZ,SUV,SIN DEFINIR,GLB200,Estimado,Modelo estadístico,0.15595845669614936,3.0506112170475063e-05
2026-09,MERCEDES BENZ,SUV,SIN DEFINIR,GLB35,Estimado,Modelo estadístico,0.10739781302853413,2.1007451602931016e-05
2026-09,MERCEDES BENZ,SUV,SIN DEFINIR,GLC200,Estimado,Modelo estadístico,7.859270191353648,0.001537305402441989
2026-09,MERCEDES BENZ,SUV,SIN DEFINIR,GLC300,Estimado,Modelo estadístico,0.013444743207414756,2.6298467750787497e-06
2026-09,MERCEDES BENZ,SUV,SIN DEFINIR,GLC43,Estimado,Modelo estadístico,0.43291960225903153,8.468084531665887e-05
2026-09,MERCEDES BENZ,SUV,SIN DEFINIR,GLE300,Estimado,Modelo estadístico,3.1102263568630524,0.0006083729996308364
2026-09,MERCEDES BENZ,SUV,SIN DEFINIR,GLE350,Estimado,Modelo estadístico,0.07821942729425056,1.5300039981786005e-05
2026-09,MERCEDES BENZ,SUV,SIN DEFINIR,GLE400,Estimado,Modelo estadístico,0.013444743207414756,2.6298467750787497e-06
2026-09,MERCEDES BENZ,SUV,SIN DEFINIR,GLE43,Estimado,Modelo estadístico,0.013444743207414756,2.6298467750787497e-06
2026-09,MERCEDES BENZ,SUV,SIN DEFINIR,GLE450,Estimado,Modelo estadístico,1.934520350600623,0.0003784000948821035
2026-09,MERCEDES BENZ,SUV,SIN DEFINIR,GLE53,Estimado,Modelo estadístico,0.6596717353579801,0.00012903449021510704
2026-09,MINI,AUTOMOVILES,HB,COOPER,Estimado,Modelo estadístico,1.331459409747522,0.0002604389076722332
2026-09,MINI,AUTOMOVILES,HB,COOPER BEV,Estimado,Modelo estadístico,0.864508167033379,0.00016910133425591405
2026-09,MINI,AUTOMOVILES,HB,JOHN COOPER WORKS,Estimado,Modelo estadístico,0.45696880367066073,8.938496750031742e-05
2026-09,MINI,SUV,SIN DEFINIR,ACEMAN,Estimado,Modelo estadístico,2.641692173546107,0.0005167257965566503
2026-09,MINI,SUV,SIN DEFINIR,COUNTRYMAN,Estimado,Modelo estadístico,1.4120464541420445,0.00027620206324497655
2026-09,MITSUBISHI,AUTOMOVILES,HB,MIRAGE HB,Estimado,Modelo estadístico,0.016794609839017663,3.2850943928395944e-06
2026-09,MITSUBISHI,AUTOMOVILES,SD,MIRAGE,Estimado,Modelo estadístico,0.10779949599701251,2.1086022434888173e-05
2026-09,MITSUBISHI,BUSETAS,SIN DEFINIR,ROSA,Estimado,Modelo estadístico,1.905181183905008,0.000372661233847152
2026-09,MITSUBISHI,PASAJEROS,SIN DEFINIR,XPANDER,Estimado,Modelo estadístico,4.406099536971928,0.0008618510951991392
2026-09,MITSUBISHI,PICK-UP,MEDIUM,L200,Estimado,Modelo estadístico,68.70015075880555,0.013438030547197732
2026-09,MITSUBISHI,SUV,SIN DEFINIR,ASX,Estimado,Modelo estadístico,2.1099069914728985,0.0004127064393599568
2026-09,MITSUBISHI,SUV,SIN DEFINIR,DESTINATOR,Estimado,Modelo estadístico,22.0989225204752,0.004322639653774535
2026-09,MITSUBISHI,SUV,SIN DEFINIR,ECLIPSE CROSS,Estimado,Modelo estadístico,46.32395491868878,0.009061155097750087
2026-09,MITSUBISHI,SUV,SIN DEFINIR,OUTLANDER,Estimado,Modelo estadístico,21.079188715264635,0.004123175549648485
2026-09,MITSUBISHI,SUV,SIN DEFINIR,OUTLANDER SPORT,Estimado,Modelo estadístico,71.2652989253326,0.013939784022832725
2026-09,MITSUBISHI,SUV,SIN DEFINIR,XFORCE,Estimado,Modelo estadístico,0.016794609839017663,3.2850943928395944e-06
2026-09,MITSUBISHI,SUV,SMALL,MONTERO SPORT,Estimado,Modelo estadístico,71.93254998753878,0.014070301060387078
2026-09,MUDAN,BUSETAS,SIN DEFINIR,MD6773,Estimado,Modelo estadístico,0.11643452031358677,2.277506851790637e-05
2026-09,NETA,SUV,SIN DEFINIR,AYA (PREVIOUS V),Estimado,Modelo estadístico,0.5223663693297252,0.00010217699889081969
2026-09,NETA,SUV,SIN DEFINIR,U,Estimado,Modelo estadístico,0.08522247280706553,1.6669864334210174e-05
2026-09,NETA,SUV,SIN DEFINIR,X,Estimado,Modelo estadístico,0.20338416937912263,3.978277559431379e-05
2026-09,NIO,AUTOMOVILES,HB,FIREFLY,Estimado,Modelo estadístico,3.1203587968589903,0.0006103549463468064
2026-09,NIO,AUTOMOVILES,SD,ET5T,Estimado,Modelo estadístico,0.16699446798168618,3.266480112728575e-05
2026-09,NIO,SUV,LARGE,L90,Estimado,Modelo estadístico,0.2140912196269681,4.187711842634151e-05
2026-09,NIO,SUV,MEDIUM,L60,Estimado,Modelo estadístico,1.2350072839302337,0.0002415724772676573
2026-09,NIO,SUV,SIN DEFINIR,EC6,Estimado,Modelo estadístico,0.14116864360530626,2.7613164223390384e-05
2026-09,NIO,SUV,SIN DEFINIR,ES6,Estimado,Modelo estadístico,0.21864611673444603,4.2768074935076476e-05
2026-09,NIO,SUV,SIN DEFINIR,ES8,Estimado,Modelo estadístico,0.15408155579349622,3.0138982675338066e-05
2026-09,NIO,SUV,SMALL,EL6,Estimado,Modelo estadístico,0.250552507637799,4.900909552781708e-05
2026-09,NISSAN,AUTOMOVILES,HB,LEAF EV,Estimado,Modelo estadístico,0.12521516553747367,2.449259864614374e-05
2026-09,NISSAN,AUTOMOVILES,HB,MARCH,Estimado,Modelo estadístico,2.176799888604339,0.0004257909637039974
2026-09,NISSAN,AUTOMOVILES,SD,GT-R,Estimado,Modelo estadístico,0.014318694020345798,2.8007951295029986e-06
2026-09,NISSAN,AUTOMOVILES,SD,N7,Estimado,Modelo estadístico,0.10205739846523983,1.996284466621261e-05
2026-09,NISSAN,AUTOMOVILES,SD,SENTRA,Estimado,Modelo estadístico,2.113703557310045,0.0004134490631698104
2026-09,NISSAN,AUTOMOVILES,SD,VERSA,Estimado,Modelo estadístico,7.617526084309473,0.0014900192661062796
2026-09,NISSAN,MICROBUS,SIN DEFINIR,URVAN,Estimado,Modelo estadístico,7.314239991170142,0.0014306952655163071
2026-09,NISSAN,PANEL,SIN DEFINIR,URVAN,Estimado,Modelo estadístico,0.10205739846523983,1.996284466621261e-05
2026-09,NISSAN,PICK-UP,MEDIUM,FRONTIER,Estimado,Modelo estadístico,155.00296651619308,0.030319214382275462
2026-09,NISSAN,PICK-UP,MEDIUM,FRONTIER PHEV,Estimado,Modelo estadístico,0.10205739846523983,1.996284466621261e-05
2026-09,NISSAN,SUV,LARGE,ARMADA,Estimado,Modelo estadístico,0.10205739846523983,1.996284466621261e-05
2026-09,NISSAN,SUV,LARGE,PATROL,Estimado,Modelo estadístico,0.014318694020345798,2.8007951295029986e-06
2026-09,NISSAN,SUV,MEDIUM,PATHFINDER,Estimado,Modelo estadístico,4.958426443029087,0.0009698884976452176
2026-09,NISSAN,SUV,SIN DEFINIR,ARIYA,Estimado,Modelo estadístico,0.014318694020345798,2.8007951295029986e-06
2026-09,NISSAN,SUV,SIN DEFINIR,KAIT,Estimado,Modelo estadístico,18.61492403633788,0.0036411552969119404
2026-09,NISSAN,SUV,SIN DEFINIR,KICKS,Estimado,Modelo estadístico,96.57817553243386,0.018891086244539636
2026-09,NISSAN,SUV,SIN DEFINIR,MAGNITE,Estimado,Modelo estadístico,59.485937374164266,0.011635692712948696
2026-09,NISSAN,SUV,SIN DEFINIR,QASHQAI,Estimado,Modelo estadístico,21.909021330577847,0.004285494204126992
2026-09,NISSAN,SUV,SIN DEFINIR,QASHQAI E-POWER,Estimado,Modelo estadístico,5.541857074048669,0.0010840099159422085
2026-09,NISSAN,SUV,SIN DEFINIR,X-TRAIL,Estimado,Modelo estadístico,40.018548067186394,0.00782779172158401
2026-09,NISSAN,SUV,SIN DEFINIR,X-TRAIL E-POWER,Estimado,Modelo estadístico,51.22559986356898,0.010019936902058935
2026-09,NISSAN,SUV,SMALL,TERRA,Estimado,Modelo estadístico,0.17201383470807796,3.3646609793669135e-05
2026-09,OMODA,AUTOMOVILES,SD,O5,Estimado,Modelo estadístico,0.01441881893528898,2.820379972486325e-06
2026-09,OMODA,SUV,SIN DEFINIR,C5,Estimado,Modelo estadístico,29.464567385018142,0.005763389922824732
2026-09,OMODA,SUV,SIN DEFINIR,C7,Estimado,Modelo estadístico,3.4525842468898187,0.0006753396035383856
2026-09,OMODA,SUV,SIN DEFINIR,E5,Estimado,Modelo estadístico,1.4819456552694965,0.0002898746329497093
2026-09,ONVO,SUV,SIN DEFINIR,L60,Estimado,Modelo estadístico,0.22228408423502927,4.3479676261457615e-05
2026-09,OSHKOSH,CAMIONES,[3] MEDIANO [MD],STRIKER 4X4,Estimado,Modelo estadístico,0.09283562192854034,1.8159027448479426e-05
2026-09,OSHKOSH,CAMIONES,[4] PESADO [HD],STRIKER 6X6,Estimado,Modelo estadístico,0.09283562192854034,1.8159027448479426e-05
2026-09,PEUGEOT,PANEL,SIN DEFINIR,EXPERT,Estimado,Modelo estadístico,0.014559421797422648,2.8478824675391978e-06
2026-09,PEUGEOT,PANEL,SIN DEFINIR,PARTNER,Estimado,Modelo estadístico,0.014559421797422648,2.8478824675391978e-06
2026-09,PEUGEOT,PASAJEROS,SIN DEFINIR,RIFTER,Estimado,Modelo estadístico,1.2679555152426965,0.0002480172861066868
2026-09,PEUGEOT,PICK-UP,MEDIUM,LANDTREK,Estimado,Modelo estadístico,4.626970462898056,0.0009050543519140123
2026-09,PEUGEOT,SUV,SIN DEFINIR,2008,Estimado,Modelo estadístico,2.333893432973112,0.00045651910366698804
2026-09,PEUGEOT,SUV,SIN DEFINIR,2008 BEV,Estimado,Modelo estadístico,2.0888437102026964,0.0004085863753716414
2026-09,PEUGEOT,SUV,SIN DEFINIR,3008,Estimado,Modelo estadístico,2.7475464238942533,0.0005374313209844374
2026-09,PEUGEOT,SUV,SMALL,5008,Estimado,Modelo estadístico,0.26036082092387997,5.092764173330626e-05
2026-09,POLESTAR,SUV,SIN DEFINIR,4,Estimado,Modelo estadístico,0.032599376834642015,6.376571475971328e-06
2026-09,PORSCHE,AUTOMOVILES,SD,911,Estimado,Modelo estadístico,0.5107948734503598,9.99135669567383e-05
2026-09,PORSCHE,AUTOMOVILES,SD,BOXSTER,Estimado,Modelo estadístico,0.03270084265405344,6.396418605354409e-06
2026-09,PORSCHE,AUTOMOVILES,SD,CAYMAN,Estimado,Modelo estadístico,0.13375335066370037,2.6162702587351722e-05
2026-09,PORSCHE,AUTOMOVILES,SD,CAYMAN GT4,Estimado,Modelo estadístico,0.01414017791758768,2.7658766494773517e-06
2026-09,PORSCHE,AUTOMOVILES,SD,TAYCAN,Estimado,Modelo estadístico,0.23301255773262594,4.55782095687812e-05
2026-09,PORSCHE,SUV,LARGE,CAYENNE,Estimado,Modelo estadístico,0.9163498811944883,0.0001792417856351534
2026-09,PORSCHE,SUV,LARGE,CAYENNE EV,Estimado,Modelo estadístico,0.01414017791758768,2.7658766494773517e-06
2026-09,PORSCHE,SUV,LARGE,CAYENNE HV,Estimado,Modelo estadístico,0.03270084265405344,6.396418605354409e-06
2026-09,PORSCHE,SUV,SIN DEFINIR,MACAN,Estimado,Modelo estadístico,0.7649952817976081,0.0001496362067872284
2026-09,PORSCHE,SUV,SIN DEFINIR,MACAN EV,Estimado,Modelo estadístico,1.0595449613110868,0.00020725132913049482
2026-09,POWERPLUS,CAMIONES,SIN DEFINIR,PT480TC,Estimado,Modelo estadístico,0.034635702113491776,6.774885031312496e-06
2026-09,POWERPLUS,CAMIONES,[4] PESADO [HD],PD680TC-III,Estimado,Modelo estadístico,0.16205234128599233,3.16981009269031e-05
2026-09,POWERPLUS,CAMIONES,[4] PESADO [HD],PD880TC-III,Estimado,Modelo estadístico,0.09240377877828114,1.80745571615778e-05
2026-09,RAM,PANEL,SIN DEFINIR,V700,Estimado,Modelo estadístico,0.014015535899379334,2.741496160793585e-06
2026-09,RAM,PICK-UP,LARGE,RAM 1500,Estimado,Modelo estadístico,7.210935006600574,0.0014104883879040959
2026-09,RAM,PICK-UP,LARGE,RAM 1500 HEV,Estimado,Modelo estadístico,0.08617737494520836,1.685664709902533e-05
2026-09,RAM,PICK-UP,LARGE,RAM 2500,Estimado,Modelo estadístico,3.414772484154135,0.0006679434680558098
2026-09,RAM,PICK-UP,LARGE,RAM 3500,Estimado,Modelo estadístico,1.1180985919812005,0.00021870465883797686
2026-09,RAM,PICK-UP,MEDIUM,RAM 1200 RAMPAGE,Estimado,Modelo estadístico,1.2416498613899072,0.00024287179259417828
2026-09,RAM,PICK-UP,SMALL,RAM 1000,Estimado,Modelo estadístico,0.014015535899379334,2.741496160793585e-06
2026-09,RAM,PICK-UP,SMALL,RAM 700,Estimado,Modelo estadístico,5.870527674612257,0.001148299230034772
2026-09,RENAULT,AUTOMOVILES,HB,KWID,Estimado,Modelo estadístico,0.7215407149572798,0.000141136315736542
2026-09,RENAULT,AUTOMOVILES,HB,KWID E-TECH,Estimado,Modelo estadístico,0.025914094216307127,5.068902845705339e-06
2026-09,RENAULT,AUTOMOVILES,HB,STEPWAY HB,Estimado,Modelo estadístico,0.14117842574844017,2.7615077650607043e-05
2026-09,RENAULT,AUTOMOVILES,HB,TWIZY EV,Estimado,Modelo estadístico,0.025914094216307127,5.068902845705339e-06
2026-09,RENAULT,AUTOMOVILES,SD,LOGAN,Estimado,Modelo estadístico,0.025914094216307127,5.068902845705339e-06
2026-09,RENAULT,MICROBUS,SIN DEFINIR,MASTER,Estimado,Modelo estadístico,0.5521177430250548,0.00010799648930129291
2026-09,RENAULT,PANEL,SIN DEFINIR,DOKKER,Estimado,Modelo estadístico,0.025914094216307127,5.068902845705339e-06
2026-09,RENAULT,PANEL,SIN DEFINIR,EXPRESS,Estimado,Modelo estadístico,0.2763269177939578,5.405067559989678e-05
2026-09,RENAULT,PANEL,SIN DEFINIR,KANGOO EV,Estimado,Modelo estadístico,0.12533489678323,2.4516018567645465e-05
2026-09,RENAULT,PANEL,SIN DEFINIR,KANGOO EXPRESS,Estimado,Modelo estadístico,0.025914094216307127,5.068902845705339e-06
2026-09,RENAULT,PANEL,SIN DEFINIR,MASTER,Estimado,Modelo estadístico,0.2008309072885939,3.928334708377112e-05
2026-09,RENAULT,PICK-UP,SMALL,OROCH,Estimado,Modelo estadístico,0.15314082177921964,2.9954971253514275e-05
2026-09,RENAULT,SUV,SIN DEFINIR,ARKANA,Estimado,Modelo estadístico,0.045798254729691706,8.958325990093365e-06
2026-09,RENAULT,SUV,SIN DEFINIR,ARKANA HEV,Estimado,Modelo estadístico,1.8120150150549446,0.0003544375500685242
2026-09,RENAULT,SUV,SIN DEFINIR,CAPTUR,Estimado,Modelo estadístico,0.025914094216307127,5.068902845705339e-06
2026-09,RENAULT,SUV,SIN DEFINIR,DUSTER,Estimado,Modelo estadístico,0.24463985986353748,4.7852557433973616e-05
2026-09,RENAULT,SUV,SIN DEFINIR,KARDIAN,Estimado,Modelo estadístico,0.2763269177939578,5.405067559989678e-05
2026-09,RENAULT,SUV,SIN DEFINIR,KOLEOS,Estimado,Modelo estadístico,1.2406289533862378,0.00024267209881202994
2026-09,RIVIAN,SUV,SIN DEFINIR,R1S,Estimado,Modelo estadístico,0.01058495639214425,2.070460774355124e-06
2026-09,ROLLS-ROYCE,AUTOMOVILES,SD,GHOST,Estimado,Modelo estadístico,0.04641781096427017,9.079513724239713e-06
2026-09,RVIAN,PICK-UP,MEDIUM,R1T,Estimado,Modelo estadístico,0.03319304508929865,6.492695415334807e-06
2026-09,SAGMOTO,CAMIONES,SIN DEFINIR,X6S,Estimado,Modelo estadístico,0.06347205854817982,1.2415394322182603e-05
2026-09,SAGMOTO,CAMIONES,SIN DEFINIR,X9,Estimado,Modelo estadístico,0.09923096477250645,1.940998267270801e-05
2026-09,SAGMOTO,CAMIONES,[2] LIVIANO [LD],I9,Estimado,Modelo estadístico,0.09923096477250645,1.940998267270801e-05
2026-09,SAGMOTO,CAMIONES,[4] PESADO [HD],SX5253GS,Estimado,Modelo estadístico,0.06347205854817982,1.2415394322182603e-05
2026-09,SAGMOTO,CAMIONES,[4] PESADO [HD],X3S,Estimado,Modelo estadístico,0.2780254958941397,5.4382924425335056e-05
2026-09,SANY,CAMIONES,SIN DEFINIR,HQC42503S,Estimado,Modelo estadístico,0.2158240036101443,4.221605806243296e-05
2026-09,SANY,CAMIONES,[3] MEDIANO [MD],SYZ420C,Estimado,Modelo estadístico,2.047057973635611,0.00040041291434974284
2026-09,SANY,CAMIONES,[4] PESADO [HD],HQC42593S,Estimado,Modelo estadístico,0.16350303303798813,3.198186216850982e-05
2026-09,SANY,CAMIONES,[4] PESADO [HD],SY39 RZ5-165,Estimado,Modelo estadístico,0.16350303303798813,3.198186216850982e-05
2026-09,SANY,CAMIONES,[4] PESADO [HD],SY410C,Estimado,Modelo estadístico,0.6867127387595501,0.00013432382110774123
2026-09,SANY,CAMIONES,[4] PESADO [HD],SYG5230THB,Estimado,Modelo estadístico,0.16350303303798813,3.198186216850982e-05
2026-09,SANY,CAMIONES,[4] PESADO [HD],SYP5312JSQSQ3,Estimado,Modelo estadístico,0.2681449741823005,5.2450253956356095e-05
2026-09,SCANIA,CAMIONES,SIN DEFINIR,G460,Estimado,Modelo estadístico,0.014568051441094024,2.8495704611460027e-06
2026-09,SCANIA,CAMIONES,SIN DEFINIR,P380,Estimado,Modelo estadístico,0.014568051441094024,2.8495704611460027e-06
2026-09,SCANIA,CAMIONES,SIN DEFINIR,P410,Estimado,Modelo estadístico,0.014568051441094024,2.8495704611460027e-06
2026-09,SCANIA,CAMIONES,SIN DEFINIR,P460,Estimado,Modelo estadístico,0.04884581953778584,9.554442134430713e-06
2026-09,SCANIA,CAMIONES,[4] PESADO [HD],G500,Estimado,Modelo estadístico,0.1859568919245531,3.637392882756956e-05
2026-09,SHACMAN,CAMIONES,SIN DEFINIR,F3000,Estimado,Modelo estadístico,0.6557347408839022,0.0001282643979893629
2026-09,SHACMAN,CAMIONES,SIN DEFINIR,H3000,Estimado,Modelo estadístico,0.5009516684100156,9.798819578136978e-05
2026-09,SHACMAN,CAMIONES,SIN DEFINIR,L3000,Estimado,Modelo estadístico,0.03831238329584518,7.494058912229189e-06
2026-09,SHACMAN,CAMIONES,SIN DEFINIR,X3000,Estimado,Modelo estadístico,1.427826775434928,0.00027928875864864254
2026-09,SHACMAN,CAMIONES,SIN DEFINIR,X5000,Estimado,Modelo estadístico,0.03831238329584518,7.494058912229189e-06
2026-09,SHACMAN,CAMIONES,[4] PESADO [HD],SX32556V384C,Estimado,Modelo estadístico,0.08516452852103838,1.665853019480774e-05
2026-09,SHACMAN,CAMIONES,[4] PESADO [HD],SX33156V306C,Estimado,Modelo estadístico,0.1483294279596748,2.901384293854686e-05
2026-09,SHACMAN,CAMIONES,[4] PESADO [HD],SX5255GJB6R384C,Estimado,Modelo estadístico,0.08516452852103838,1.665853019480774e-05
2026-09,SINOTRUK,CAMIONES,SIN DEFINIR,HOMAN,Estimado,Modelo estadístico,4.217471912022455,0.0008249547600656755
2026-09,SINOTRUK,CAMIONES,SIN DEFINIR,HOWO,Estimado,Modelo estadístico,3.639376231688453,0.0007118768799485688
2026-09,SINOTRUK,CAMIONES,SIN DEFINIR,SITRAK,Estimado,Modelo estadístico,12.38622973532706,0.0024227972094602694
2026-09,SINOTRUK,CAMIONES,SIN DEFINIR,ZZ1067F341BD165,Estimado,Modelo estadístico,0.022742996852721534,4.448623228130562e-06
2026-09,SINOTRUK,CAMIONES,SIN DEFINIR,ZZ1168G4215C1,Estimado,Modelo estadístico,0.022742996852721534,4.448623228130562e-06
2026-09,SINOTRUK,CAMIONES,SIN DEFINIR,ZZ1257V5847N1,Estimado,Modelo estadístico,0.12729775575174082,2.4899961812126752e-05
2026-09,SINOTRUK,CAMIONES,SIN DEFINIR,ZZ3256V364MC1,Estimado,Modelo estadístico,0.022742996852721534,4.448623228130562e-06
2026-09,SINOTRUK,CAMIONES,[4] PESADO [HD],HOVA,Estimado,Modelo estadístico,0.0925663473358597,1.8106356236523416e-05
2026-09,SINOTRUK,PANEL,SIN DEFINIR,V VANGUARD,Estimado,Modelo estadístico,0.232213048302136,4.5421822253309126e-05
2026-09,SINOTRUK,PICK-UP,MEDIUM,BOLDEN,Estimado,Modelo estadístico,7.605807226948028,0.0014877270096634338
2026-09,SKYWELL,MICROBUS,SIN DEFINIR,NJL5039,Estimado,Modelo estadístico,0.11155109516378436,2.1819850580053635e-05
2026-09,SKYWELL,PANEL,SIN DEFINIR,NJL5040,Estimado,Modelo estadístico,0.11155109516378436,2.1819850580053635e-05
2026-09,SKYWELL,SUV,SIN DEFINIR,BE11,Estimado,Modelo estadístico,0.2592746165836076,5.071517572058492e-05
2026-09,SMART,SUV,SIN DEFINIR,#1,Estimado,Modelo estadístico,0.23706239171037977,4.6370373663081384e-05
2026-09,SMART,SUV,SIN DEFINIR,#3,Estimado,Modelo estadístico,0.273533528896592,5.350427730355544e-05
2026-09,SOUEAST,SUV,SIN DEFINIR,DX3,Estimado,Modelo estadístico,0.11826001108987366,2.313214198200247e-05
2026-09,SOUEAST,SUV,SIN DEFINIR,DX7,Estimado,Modelo estadístico,0.11826001108987366,2.313214198200247e-05
2026-09,SOUEAST,SUV,SIN DEFINIR,S06,Estimado,Modelo estadístico,0.33430871136727563,6.539215163180622e-05
2026-09,SOUEAST,SUV,SIN DEFINIR,S07,Estimado,Modelo estadístico,1.5659644738375171,0.00030630905759049964
2026-09,SOUEAST,SUV,SMALL,S08,Estimado,Modelo estadístico,0.19027624451567432,3.721881186527039e-05
2026-09,SOUEAST,SUV,SMALL,S09,Estimado,Modelo estadístico,1.1127065306572943,0.000217649949583591
2026-09,SSANG YONG,PICK-UP,MEDIUM,REXTON SPORT,Estimado,Modelo estadístico,0.01417623895226994,2.772930335390285e-06
2026-09,SSANG YONG,SUV,SIN DEFINIR,ACTYON,Estimado,Modelo estadístico,0.42608899876542644,8.334475132866867e-05
2026-09,SSANG YONG,SUV,SIN DEFINIR,TIVOLI,Estimado,Modelo estadístico,0.562526997904878,0.00011003258214102663
2026-09,SSANG YONG,SUV,SIN DEFINIR,TORRES,Estimado,Modelo estadístico,1.452768638078741,0.00028416748902127724
2026-09,SSANG YONG,SUV,SIN DEFINIR,TORRES EV,Estimado,Modelo estadístico,0.23879771932372607,4.670981084364033e-05
2026-09,SSANG YONG,SUV,SMALL,REXTON,Estimado,Modelo estadístico,2.6067083437413223,0.0005098828163246977
2026-09,SUBARU,SUV,MEDIUM,EVOLTIS,Estimado,Modelo estadístico,0.06713081552961683,1.313106215607046e-05
2026-09,SUBARU,SUV,SIN DEFINIR,CROSSTREK,Estimado,Modelo estadístico,1.7032792252482174,0.00033316838473398984
2026-09,SUBARU,SUV,SIN DEFINIR,FORESTER,Estimado,Modelo estadístico,1.5969465120752107,0.00031236927102022363
2026-09,SUBARU,SUV,SIN DEFINIR,OUTBACK,Estimado,Modelo estadístico,0.06713081552961683,1.313106215607046e-05
2026-09,SUBARU,SUV,SIN DEFINIR,XV,Estimado,Modelo estadístico,0.008766827869231622,1.714827397138702e-06
2026-09,SUZUKI,AUTOMOVILES,HB,ALTO,Estimado,Modelo estadístico,6.838171954754622,0.0013375744099543385
2026-09,SUZUKI,AUTOMOVILES,HB,BALENO,Estimado,Modelo estadístico,8.029636905394012,0.0015706298286945277
2026-09,SUZUKI,AUTOMOVILES,HB,CELERIO HB,Estimado,Modelo estadístico,5.156377695192906,0.0010086085724056427
2026-09,SUZUKI,AUTOMOVILES,HB,S-PRESSO,Estimado,Modelo estadístico,24.773325255340318,0.004845763769947165
2026-09,SUZUKI,AUTOMOVILES,HB,SWIFT HB,Estimado,Modelo estadístico,39.86355416977417,0.007797474281155572
2026-09,SUZUKI,AUTOMOVILES,SD,CIAZ,Estimado,Modelo estadístico,0.014567136517168396,2.84939149828311e-06
2026-09,SUZUKI,AUTOMOVILES,SD,SWIFT D-ZIRE,Estimado,Modelo estadístico,7.226055555264316,0.0014134460290823098
2026-09,SUZUKI,PANEL,SIN DEFINIR,APV,Estimado,Modelo estadístico,16.187404681696886,0.0031663225799342678
2026-09,SUZUKI,PANEL,SIN DEFINIR,EECO,Estimado,Modelo estadístico,3.5782530298271658,0.0006999209316037359
2026-09,SUZUKI,PASAJEROS,SIN DEFINIR,XL7,Estimado,Modelo estadístico,8.55296708912419,0.0016729953536251312
2026-09,SUZUKI,SUV,SIN DEFINIR,ACROSS,Estimado,Modelo estadístico,22.177985842171083,0.004338104762953732
2026-09,SUZUKI,SUV,SIN DEFINIR,E VITARA,Estimado,Modelo estadístico,0.3393058721311451,6.636961672107356e-05
2026-09,SUZUKI,SUV,SIN DEFINIR,FRONX,Estimado,Modelo estadístico,81.23379162009232,0.015889661975968493
2026-09,SUZUKI,SUV,SIN DEFINIR,GRAND VITARA,Estimado,Modelo estadístico,27.959601635410994,0.005469012465245208
2026-09,SUZUKI,SUV,SIN DEFINIR,JIMNY,Estimado,Modelo estadístico,126.73790303171866,0.024790452329680305
2026-09,SUZUKI,SUV,SIN DEFINIR,S CROSS,Estimado,Modelo estadístico,2.2071142996356206,0.00043172058652082157
2026-09,SUZUKI,SUV,SIN DEFINIR,VITARA,Estimado,Modelo estadístico,12.396009940009604,0.0024247102575079118
2026-09,SWM,SUV,SIN DEFINIR,G01,Estimado,Modelo estadístico,0.5998212840702458,0.00011732749708940337
2026-09,TESLA,AUTOMOVILES,SD,MODEL 3 EV,Estimado,Modelo estadístico,0.10690140945492568,2.0910353033099517e-05
2026-09,TESLA,AUTOMOVILES,SD,MODEL S EV,Estimado,Modelo estadístico,0.12374037781661419,2.4204124134448415e-05
2026-09,TESLA,PICK-UP,LARGE,CYBERTRUCK,Estimado,Modelo estadístico,0.333533091889816,6.524043728888291e-05
2026-09,TESLA,SUV,SIN DEFINIR,MODEL X,Estimado,Modelo estadístico,0.014547479883603073,2.8455465803405967e-06
2026-09,TESLA,SUV,SIN DEFINIR,MODEL Y,Estimado,Modelo estadístico,0.9632584293333737,0.00018841728955839977
2026-09,TOYOTA,AUTOMOVILES,HB,AGYA,Estimado,Modelo estadístico,9.618833397784742,0.001881483164158408
2026-09,TOYOTA,AUTOMOVILES,HB,YARIS GR,Estimado,Modelo estadístico,0.5681375844508872,0.00011113003582286306
2026-09,TOYOTA,AUTOMOVILES,HB,YARIS HB,Estimado,Modelo estadístico,1.2773253587760947,0.0002498500658347303
2026-09,TOYOTA,AUTOMOVILES,SD,BZ3,Estimado,Modelo estadístico,2.5797752791214124,0.0005046145986993439
2026-09,TOYOTA,AUTOMOVILES,SD,COROLLA,Estimado,Modelo estadístico,0.4679125723243087,9.152561342095737e-05
2026-09,TOYOTA,AUTOMOVILES,SD,COROLLA GR,Estimado,Modelo estadístico,0.013256360294365175,2.592998306594044e-06
2026-09,TOYOTA,AUTOMOVILES,SD,COROLLA HV,Estimado,Modelo estadístico,1.5487711354929654,0.0003029459702707418
2026-09,TOYOTA,AUTOMOVILES,SD,YARIS SD,Estimado,Modelo estadístico,19.522849077434326,0.0038187491493571046
2026-09,TOYOTA,BUSETAS,SIN DEFINIR,COASTER,Estimado,Modelo estadístico,2.9472825477262026,0.0005765005239452267
2026-09,TOYOTA,MICROBUS,SIN DEFINIR,HIACE,Estimado,Modelo estadístico,20.77452332609548,0.004063581753112249
2026-09,TOYOTA,PANEL,SIN DEFINIR,HIACE,Estimado,Modelo estadístico,2.915980400627199,0.0005703776959126351
2026-09,TOYOTA,PANEL,SIN DEFINIR,LITE ACE,Estimado,Modelo estadístico,14.668012875318661,0.0028691233266319666
2026-09,TOYOTA,PASAJEROS,SIN DEFINIR,AVANZA,Estimado,Modelo estadístico,2.2434904530363067,0.0004388359109442591
2026-09,TOYOTA,PASAJEROS,SIN DEFINIR,SIENNA,Estimado,Modelo estadístico,0.013256360294365175,2.592998306594044e-06
2026-09,TOYOTA,PICK-UP,LARGE,TUNDRA,Estimado,Modelo estadístico,0.5115281256142701,0.00010005699407980269
2026-09,TOYOTA,PICK-UP,LARGE,TUNDRA HEV,Estimado,Modelo estadístico,0.24460263302357954,4.784527571177934e-05
2026-09,TOYOTA,PICK-UP,MEDIUM,HI-LUX,Estimado,Modelo estadístico,132.06331162963752,0.02583212403818046
2026-09,TOYOTA,PICK-UP,MEDIUM,LAND CRUISER PK,Estimado,Modelo estadístico,3.9479090745002026,0.0007722271662394126
2026-09,TOYOTA,PICK-UP,MEDIUM,TACOMA,Estimado,Modelo estadístico,1.9322689077999566,0.00037795970345942903
2026-09,TOYOTA,SUV,LARGE,LAND CRUISER,Estimado,Modelo estadístico,3.993598334751453,0.0007811641724636163
2026-09,TOYOTA,SUV,LARGE,LAND CRUISER 300,Estimado,Modelo estadístico,6.130056464561428,0.0011990641231055083
2026-09,TOYOTA,SUV,LARGE,LAND CRUISER 300 HEV,Estimado,Modelo estadístico,0.23912642928379904,4.677410785661395e-05
2026-09,TOYOTA,SUV,LARGE,SEQUOIA,Estimado,Modelo estadístico,0.1120390300799278,2.1915292645838903e-05
2026-09,TOYOTA,SUV,LARGE,SEQUOIA HEV,Estimado,Modelo estadístico,0.47047270201301333,9.202638526179923e-05
2026-09,TOYOTA,SUV,MEDIUM,4RUNNER,Estimado,Modelo estadístico,11.913761598002061,0.0023303805088879326
2026-09,TOYOTA,SUV,MEDIUM,4RUNNER HEV,Estimado,Modelo estadístico,0.2906969723726262,5.686151706472855e-05
2026-09,TOYOTA,SUV,MEDIUM,HIGHLANDER,Estimado,Modelo estadístico,0.03104597022510325,6.072718788013068e-06
2026-09,TOYOTA,SUV,MEDIUM,HIGHLANDER HEV,Estimado,Modelo estadístico,0.08261651331393044,1.616012799612767e-05
2026-09,TOYOTA,SUV,MEDIUM,LAND CRUISER LX,Estimado,Modelo estadístico,3.825261435318042,0.0007482367862523599
2026-09,TOYOTA,SUV,MEDIUM,PRADO,Estimado,Modelo estadístico,64.02036635433679,0.012522645572245689
2026-09,TOYOTA,SUV,SIN DEFINIR,BZ4X,Estimado,Modelo estadístico,2.5276063998316567,0.0004944101524824781
2026-09,TOYOTA,SUV,SIN DEFINIR,BZ5,Estimado,Modelo estadístico,0.39675413260135634,7.760673149528126e-05
2026-09,TOYOTA,SUV,SIN DEFINIR,C-HR,Estimado,Modelo estadístico,0.013256360294365175,2.592998306594044e-06
2026-09,TOYOTA,SUV,SIN DEFINIR,COROLLA CROSS,Estimado,Modelo estadístico,19.696240175668493,0.0038526651575309908
2026-09,TOYOTA,SUV,SIN DEFINIR,COROLLA CROSS HV,Estimado,Modelo estadístico,6.23170771271294,0.0012189475231087566
2026-09,TOYOTA,SUV,SIN DEFINIR,RAIZE,Estimado,Modelo estadístico,64.41300541920447,0.012599447379657134
2026-09,TOYOTA,SUV,SIN DEFINIR,RAV4,Estimado,Modelo estadístico,140.59943837179827,0.0275018253510441
2026-09,TOYOTA,SUV,SIN DEFINIR,RAV4 HV,Estimado,Modelo estadístico,18.11302931335916,0.0035429826357988078
2026-09,TOYOTA,SUV,SIN DEFINIR,RUSH,Estimado,Modelo estadístico,10.546159258722394,0.002062871896335089
2026-09,TOYOTA,SUV,SIN DEFINIR,YARIS CROSS,Estimado,Modelo estadístico,89.2222196275762,0.017452231175642326
2026-09,TOYOTA,SUV,SIN DEFINIR,YARIS CROSS HV,Estimado,Modelo estadístico,6.773642527007932,0.0013249521898911305
2026-09,TOYOTA,SUV,SMALL,FJ CRUISER,Estimado,Modelo estadístico,0.013256360294365175,2.592998306594044e-06
2026-09,TOYOTA,SUV,SMALL,FORTUNER,Estimado,Modelo estadístico,51.2036462490665,0.01001564268524795
2026-09,UD,CAMIONES,SIN DEFINIR,CRONER,Estimado,Modelo estadístico,0.5621820837041077,0.00010996511551227955
2026-09,UD,CAMIONES,SIN DEFINIR,QUESTER,Estimado,Modelo estadístico,0.6500845331980988,0.0001271591942504889
2026-09,VGV,PICK-UP,MEDIUM,VX7,Estimado,Modelo estadístico,0.7875686303104873,0.0001540516461060385
2026-09,VGV,SUV,SIN DEFINIR,U70-U75,Estimado,Modelo estadístico,12.42849265250037,0.0024310640089609363
2026-09,VOLKSWAGEN,AUTOMOVILES,HB,ID3,Estimado,Modelo estadístico,0.25386458007853147,4.965695044722407e-05
2026-09,VOLKSWAGEN,AUTOMOVILES,SD,ID.7,Estimado,Modelo estadístico,0.014326040503843456,2.8022321317302955e-06
2026-09,VOLKSWAGEN,AUTOMOVILES,SD,JETTA,Estimado,Modelo estadístico,0.34932350271846946,6.832910624702271e-05
2026-09,VOLKSWAGEN,BUS,SIN DEFINIR,17-260,Estimado,Modelo estadístico,0.4509008724011108,8.819805531951618e-05
2026-09,VOLKSWAGEN,CAMIONES,SIN DEFINIR,CONSTELLATION,Estimado,Modelo estadístico,4.114858856066206,0.0008048832265209746
2026-09,VOLKSWAGEN,CAMIONES,SIN DEFINIR,DELIVERY,Estimado,Modelo estadístico,2.611368672323776,0.000510794395661268
2026-09,VOLKSWAGEN,CAMIONES,SIN DEFINIR,E-DELIVERY,Estimado,Modelo estadístico,0.014326040503843456,2.8022321317302955e-06
2026-09,VOLKSWAGEN,CAMIONES,SIN DEFINIR,METEOR,Estimado,Modelo estadístico,0.5001967364351831,9.784052799859488e-05
2026-09,VOLKSWAGEN,MICROBUS,SIN DEFINIR,VOLARE,Estimado,Modelo estadístico,0.014326040503843456,2.8022321317302955e-06
2026-09,VOLKSWAGEN,PICK-UP,MEDIUM,AMAROK,Estimado,Modelo estadístico,3.6421883082736426,0.0007124269336331015
2026-09,VOLKSWAGEN,PICK-UP,SMALL,SAVEIRO,Estimado,Modelo estadístico,4.384416583882845,0.0008576098208679152
2026-09,VOLKSWAGEN,SUV,SIN DEFINIR,ATLAS,Estimado,Modelo estadístico,0.014326040503843456,2.8022321317302955e-06
2026-09,VOLKSWAGEN,SUV,SIN DEFINIR,ID.4,Estimado,Modelo estadístico,2.736663943315906,0.0005353026632620615
2026-09,VOLKSWAGEN,SUV,SIN DEFINIR,ID.6,Estimado,Modelo estadístico,0.994742516209213,0.0001945757057556732
2026-09,VOLKSWAGEN,SUV,SIN DEFINIR,ID.UNYX,Estimado,Modelo estadístico,1.070393635474825,0.0002093733741798679
2026-09,VOLKSWAGEN,SUV,SIN DEFINIR,NIVUS,Estimado,Modelo estadístico,3.364630666353573,0.0006581355233591293
2026-09,VOLKSWAGEN,SUV,SIN DEFINIR,T-CROSS,Estimado,Modelo estadístico,7.723729410701341,0.0015107930712363216
2026-09,VOLKSWAGEN,SUV,SIN DEFINIR,TAOS,Estimado,Modelo estadístico,2.2254400439391016,0.0004353051770789252
2026-09,VOLKSWAGEN,SUV,SIN DEFINIR,TERA,Estimado,Modelo estadístico,10.979919210076343,0.002147717117372661
2026-09,VOLKSWAGEN,SUV,SIN DEFINIR,TIGUAN,Estimado,Modelo estadístico,4.890953092817532,0.0009566904343040183
2026-09,VOLVO,AUTOMOVILES,SD,S60,Estimado,Modelo estadístico,0.011748536426980078,2.298061789484325e-06
2026-09,VOLVO,BUS,SIN DEFINIR,B430R,Estimado,Modelo estadístico,0.1302518255058996,2.547778994141729e-05
2026-09,VOLVO,BUS,SIN DEFINIR,B450R,Estimado,Modelo estadístico,0.24875511458481903,4.8657518093350236e-05
2026-09,VOLVO,CAMIONES,SIN DEFINIR,FM,Estimado,Modelo estadístico,0.011748536426980078,2.298061789484325e-06
2026-09,VOLVO,SUV,MEDIUM,EX90,Estimado,Modelo estadístico,0.32856810115780766,6.426926478945823e-05
2026-09,VOLVO,SUV,MEDIUM,XC90,Estimado,Modelo estadístico,0.011748536426980078,2.298061789484325e-06
2026-09,VOLVO,SUV,MEDIUM,XC90 B6-T8,Estimado,Modelo estadístico,0.4642253436548978,9.080437640842147e-05
2026-09,VOLVO,SUV,SIN DEFINIR,C40 P8,Estimado,Modelo estadístico,1.1273505345855284,0.00022051437666195038
2026-09,VOLVO,SUV,SIN DEFINIR,EX30,Estimado,Modelo estadístico,10.847449152560943,0.0021218054321751898
2026-09,VOLVO,SUV,SIN DEFINIR,EX40,Estimado,Modelo estadístico,2.4410659625448297,0.00047748248890410995
2026-09,VOLVO,SUV,SIN DEFINIR,XC40,Estimado,Modelo estadístico,1.234656650764142,0.00024150389198589653
2026-09,VOLVO,SUV,SIN DEFINIR,XC60 B5-B6,Estimado,Modelo estadístico,1.151983575855532,0.00022533270031045068
2026-09,VOLVO,SUV,SIN DEFINIR,XC60 T8,Estimado,Modelo estadístico,0.1302518255058996,2.547778994141729e-05
2026-09,VOYAH - DONGFENG,SUV,SIN DEFINIR,COURAGE,Estimado,Modelo estadístico,0.38559776861474515,7.542450105776622e-05
2026-09,WELTMEISTER,SUV,SIN DEFINIR,EX5,Estimado,Modelo estadístico,0.09957913526789597,1.9478086246004427e-05
2026-09,WULING,AUTOMOVILES,HB,BINGO,Estimado,Modelo estadístico,1.908475135949596,0.00037330554434294094
2026-09,WULING,AUTOMOVILES,HB,MINI EV,Estimado,Modelo estadístico,0.05001870691491572,9.783863703789844e-06
2026-09,WULING,MICROBUS,SIN DEFINIR,LZW6500BEVA3,Estimado,Modelo estadístico,0.36537410526923414,7.146866977047626e-05
2026-09,WULING,PANEL,SIN DEFINIR,EV50,Estimado,Modelo estadístico,1.8122652989536632,0.0003544865066230485
2026-09,WULING,PANEL,SIN DEFINIR,YANGGUANG,Estimado,Modelo estadístico,1.6741535681971569,0.00032747128705900127
2026-09,WULING,PASAJEROS,SIN DEFINIR,ZENGCHENG,Estimado,Modelo estadístico,0.1462285439108486,2.8602901423682305e-05
2026-09,WULING,PICK-UP,SMALL,RONGGUANG,Estimado,Modelo estadístico,0.11308978658577942,2.212082491712713e-05
2026-09,WULING,SUV,SIN DEFINIR,XINGCHI,Estimado,Modelo estadístico,0.05001870691491572,9.783863703789844e-06
2026-09,XCMG,CAMIONES,SIN DEFINIR,SLM2600S,Estimado,Modelo estadístico,0.050375918875952115,9.853735824756276e-06
2026-09,XCMG,CAMIONES,[3] MEDIANO [MD],SLM4,Estimado,Modelo estadístico,0.08491940610517644,1.6610583247446296e-05
2026-09,XCMG,CAMIONES,[4] PESADO [HD],XGA3251D3WC,Estimado,Modelo estadístico,0.050375918875952115,9.853735824756276e-06
2026-09,XIAOMI,AUTOMOVILES,SD,SU7,Estimado,Modelo estadístico,0.039349293452996,7.696882781064825e-06
2026-09,XIAOMI,SUV,SIN DEFINIR,YU7,Estimado,Modelo estadístico,0.3044504954154569,5.955176243886199e-05
2026-09,XPENG,AUTOMOVILES,SD,P7,Estimado,Modelo estadístico,0.089615991847143,1.752925463274876e-05
2026-09,XPENG,PASAJEROS,SIN DEFINIR,X9,Estimado,Modelo estadístico,0.48089188647315473,9.406442036806604e-05
2026-09,XPENG,SUV,MEDIUM,G9,Estimado,Modelo estadístico,0.641429795622899,0.0001254662921734348
2026-09,XPENG,SUV,SIN DEFINIR,G3,Estimado,Modelo estadístico,0.1881255643929609,3.6798130034633075e-05
2026-09,XPENG,SUV,SIN DEFINIR,G6,Estimado,Modelo estadístico,1.7198899682524738,0.0003364175140217336
2026-09,XPENG,SUV,SIN DEFINIR,G7,Estimado,Modelo estadístico,0.16787117077234534,3.2836287779812217e-05
2026-09,YAXING,BUS,SIN DEFINIR,YBL6125H,Estimado,Modelo estadístico,0.04641781096427017,9.079513724239713e-06
2026-09,YUTONG,BUS,SIN DEFINIR,ZK6117H,Estimado,Modelo estadístico,0.09919338415765841,1.9402631750697902e-05
2026-09,YUTONG,BUS,SIN DEFINIR,ZK6132H,Estimado,Modelo estadístico,0.09919338415765841,1.9402631750697902e-05
2026-09,YUTONG,BUSETAS,SIN DEFINIR,ZK6729D2,Estimado,Modelo estadístico,0.6805286569851073,0.0001331141894130003
2026-09,YUTONG,BUSETAS,SIN DEFINIR,ZK6860D D9,Estimado,Modelo estadístico,0.5924978870998078,0.0001158950106812802
2026-09,YUTONG,BUSETAS,SIN DEFINIR,ZK6907H C9,Estimado,Modelo estadístico,0.5102804699427829,9.981294752618315e-05
2026-09,YUTONG,MICROBUS,SIN DEFINIR,ZK6600DQ,Estimado,Modelo estadístico,0.9072005616842135,0.0001774521413082174
2026-09,ZEEKR,AUTOMOVILES,SD,001,Estimado,Modelo estadístico,1.009401741658984,0.00019744311022591788
2026-09,ZEEKR,AUTOMOVILES,SD,007,Estimado,Modelo estadístico,0.21311985466452643,4.168711546574254e-05
2026-09,ZEEKR,PASAJEROS,SIN DEFINIR,09,Estimado,Modelo estadístico,0.04614288764107832,9.025737597486226e-06
2026-09,ZEEKR,SUV,LARGE,9X,Estimado,Modelo estadístico,1.2900902856876832,0.00025234693776115305
2026-09,ZEEKR,SUV,SIN DEFINIR,7X,Estimado,Modelo estadístico,22.10863996961318,0.0043245404265809225
2026-09,ZEEKR,SUV,SIN DEFINIR,X,Estimado,Modelo estadístico,7.878655113264039,0.0015410971724731995
2026-09,ZHONGKE,CAMIONES,[4] PESADO [HD],315,Estimado,Modelo estadístico,0.09283562192854034,1.8159027448479426e-05
2026-09,ZOOMLION,CAMIONES,[4] PESADO [HD],ZAT300V8G,Estimado,Modelo estadístico,0.04641781096427017,9.079513724239713e-06
2026-09,ZOOMLION,CAMIONES,[4] PESADO [HD],ZTC250V5-1,Estimado,Modelo estadístico,0.04641781096427017,9.079513724239713e-06
2026-09,ZX,PICK-UP,MEDIUM,GRAND LION,Estimado,Modelo estadístico,0.7530321155235246,0.00014729616252157977
2026-09,ZX,PICK-UP,MEDIUM,GRAND TIGER,Estimado,Modelo estadístico,0.012026973001210048,2.3525251225139082e-06
2026-09,ZX,PICK-UP,MEDIUM,TERRALORD,Estimado,Modelo estadístico,0.4931058930496119,9.645353002307023e-05
2026-10,AIMA,AUTOMOVILES,HB,A05,Estimado,Modelo estadístico,0.06133013904629184,9.079478440522932e-06
2026-10,AION,AUTOMOVILES,HB,UT,Estimado,Modelo estadístico,4.553328127333603,0.0006740869205195733
2026-10,AION,AUTOMOVILES,SD,S,Estimado,Modelo estadístico,0.019825642802993607,2.935041387455858e-06
2026-10,AION,SUV,SIN DEFINIR,I60,Estimado,Modelo estadístico,3.536856366213345,0.0005236057120304534
2026-10,AION,SUV,SIN DEFINIR,LX,Estimado,Modelo estadístico,0.019825642802993607,2.935041387455858e-06
2026-10,AION,SUV,SIN DEFINIR,V,Estimado,Modelo estadístico,13.609223242587968,0.002014745946199058
2026-10,AION,SUV,SIN DEFINIR,Y,Estimado,Modelo estadístico,11.242010147495403,0.0016642973642254611
2026-10,ANKAI,BUS,SIN DEFINIR,HFF6130GZ-5,Estimado,Modelo estadístico,1.0505063420800484,0.00015551977922875917
2026-10,ANKAI,BUSETAS,SIN DEFINIR,HFF,Estimado,Modelo estadístico,0.1760964388457885,2.6069789581699516e-05
2026-10,ARCFOX,AUTOMOVILES,SD,ALPHA S,Estimado,Modelo estadístico,0.8119731681193916,0.0001202066877536105
2026-10,ARCFOX,PASAJEROS,SIN DEFINIR,KAOLA S,Estimado,Modelo estadístico,0.657213032164027,9.729558173445517e-05
2026-10,ARCFOX,SUV,SIN DEFINIR,ALPHA T,Estimado,Modelo estadístico,0.579832964186345,8.584002872487754e-05
2026-10,ASTON MARTIN,AUTOMOVILES,SD,VANTAGE,Estimado,Modelo estadístico,0.013985511893890095,2.0704527283788985e-06
2026-10,AUDI,AUTOMOVILES,HB,A3,Estimado,Modelo estadístico,0.7905576142429025,0.00011703627166232012
2026-10,AUDI,AUTOMOVILES,SD,A3,Estimado,Modelo estadístico,0.016919458767640137,2.5048021004836373e-06
2026-10,AUDI,AUTOMOVILES,SD,A4,Estimado,Modelo estadístico,0.016919458767640137,2.5048021004836373e-06
2026-10,AUDI,AUTOMOVILES,SD,A5,Estimado,Modelo estadístico,0.7045611461062469,0.00010430512364032504
2026-10,AUDI,AUTOMOVILES,SD,A6,Estimado,Modelo estadístico,0.016919458767640137,2.5048021004836373e-06
2026-10,AUDI,AUTOMOVILES,SD,A6 E-TRON,Estimado,Modelo estadístico,0.9489201289635625,0.0001404806835053773
2026-10,AUDI,AUTOMOVILES,SD,A8,Estimado,Modelo estadístico,0.1431158123757137,2.1187249094322465e-05
2026-10,AUDI,AUTOMOVILES,SD,E-TRON GT,Estimado,Modelo estadístico,0.2560430658630338,3.7905302882064275e-05
2026-10,AUDI,AUTOMOVILES,SD,RS3,Estimado,Modelo estadístico,0.17808032208520988,2.63634889826946e-05
2026-10,AUDI,AUTOMOVILES,SD,S3,Estimado,Modelo estadístico,0.4734712633696848,7.009395698136981e-05
2026-10,AUDI,SUV,LARGE,Q7,Estimado,Modelo estadístico,2.108788484512719,0.0003121907088178029
2026-10,AUDI,SUV,LARGE,Q8,Estimado,Modelo estadístico,0.43850675366018865,6.491771709299767e-05
2026-10,AUDI,SUV,LARGE,RSQ8,Estimado,Modelo estadístico,0.17284494632328812,2.5588429899222997e-05
2026-10,AUDI,SUV,LARGE,SQ7,Estimado,Modelo estadístico,0.26931216598378727,3.9869696088161294e-05
2026-10,AUDI,SUV,SIN DEFINIR,E-TRON,Estimado,Modelo estadístico,0.016919458767640137,2.5048021004836373e-06
2026-10,AUDI,SUV,SIN DEFINIR,Q2,Estimado,Modelo estadístico,1.835485537926145,0.0002717302068549556
2026-10,AUDI,SUV,SIN DEFINIR,Q2 E-TRON,Estimado,Modelo estadístico,0.016919458767640137,2.5048021004836373e-06
2026-10,AUDI,SUV,SIN DEFINIR,Q3,Estimado,Modelo estadístico,18.930802133750152,0.0028025667723572917
2026-10,AUDI,SUV,SIN DEFINIR,Q4 E-TRON,Estimado,Modelo estadístico,1.781623967224816,0.00026375639532346214
2026-10,AUDI,SUV,SIN DEFINIR,Q5,Estimado,Modelo estadístico,10.397011308200412,0.001539201467445334
2026-10,AUDI,SUV,SIN DEFINIR,Q5 E-TRON,Estimado,Modelo estadístico,0.22911228051236932,3.3918397116317555e-05
2026-10,AUDI,SUV,SIN DEFINIR,Q6 E-TRON,Estimado,Modelo estadístico,5.257233940792358,0.0007782950269553591
2026-10,AUDI,SUV,SIN DEFINIR,Q8 E-TRON,Estimado,Modelo estadístico,5.348700483240289,0.0007918359794641791
2026-10,AUDI,SUV,SIN DEFINIR,RSQ3,Estimado,Modelo estadístico,0.016919458767640137,2.5048021004836373e-06
2026-10,AUDI,SUV,SIN DEFINIR,SQ5,Estimado,Modelo estadístico,0.26931216598378727,3.9869696088161294e-05
2026-10,AUDI,SUV,SIN DEFINIR,SQ8 E-TRON,Estimado,Modelo estadístico,0.016919458767640137,2.5048021004836373e-06
2026-10,AVATR,AUTOMOVILES,SD,12,Estimado,Modelo estadístico,0.08469075470258673,1.2537846699700981e-05
2026-10,AVATR,SUV,MEDIUM,07,Estimado,Modelo estadístico,0.17179444187280102,2.543291040003074e-05
2026-10,AVATR,SUV,SIN DEFINIR,11,Estimado,Modelo estadístico,0.649269328460318,9.61195745112971e-05
2026-10,B.M.W.,AUTOMOVILES,HB,118,Estimado,Modelo estadístico,0.2391228368072685,3.540038674605856e-05
2026-10,B.M.W.,AUTOMOVILES,HB,128,Estimado,Modelo estadístico,0.07346309725664525,1.0875674147946983e-05
2026-10,B.M.W.,AUTOMOVILES,HB,I3 EV,Estimado,Modelo estadístico,0.18222571350568556,2.6977183857922728e-05
2026-10,B.M.W.,AUTOMOVILES,SD,218,Estimado,Modelo estadístico,1.3683859575391726,0.00020257953092872442
2026-10,B.M.W.,AUTOMOVILES,SD,220,Estimado,Modelo estadístico,0.016565973955062326,2.4524712598111576e-06
2026-10,B.M.W.,AUTOMOVILES,SD,320,Estimado,Modelo estadístico,1.4447275453786663,0.00021388134455058478
2026-10,B.M.W.,AUTOMOVILES,SD,330,Estimado,Modelo estadístico,0.016565973955062326,2.4524712598111576e-06
2026-10,B.M.W.,AUTOMOVILES,SD,340,Estimado,Modelo estadístico,0.016565973955062326,2.4524712598111576e-06
2026-10,B.M.W.,AUTOMOVILES,SD,420,Estimado,Modelo estadístico,0.39975094600376615,5.9180203277874215e-05
2026-10,B.M.W.,AUTOMOVILES,SD,425,Estimado,Modelo estadístico,0.18222571350568556,2.6977183857922728e-05
2026-10,B.M.W.,AUTOMOVILES,SD,430,Estimado,Modelo estadístico,0.23409120645314296,3.465549067976265e-05
2026-10,B.M.W.,AUTOMOVILES,SD,520I,Estimado,Modelo estadístico,0.12532859020410264,1.8553980969786904e-05
2026-10,B.M.W.,AUTOMOVILES,SD,530,Estimado,Modelo estadístico,0.016565973955062326,2.4524712598111576e-06
2026-10,B.M.W.,AUTOMOVILES,SD,540I,Estimado,Modelo estadístico,0.07346309725664525,1.0875674147946983e-05
2026-10,B.M.W.,AUTOMOVILES,SD,I4,Estimado,Modelo estadístico,0.18725734385981116,2.772207992421864e-05
2026-10,B.M.W.,AUTOMOVILES,SD,I5,Estimado,Modelo estadístico,0.07346309725664525,1.0875674147946983e-05
2026-10,B.M.W.,AUTOMOVILES,SD,I7,Estimado,Modelo estadístico,0.07346309725664525,1.0875674147946983e-05
2026-10,B.M.W.,AUTOMOVILES,SD,M135,Estimado,Modelo estadístico,0.016565973955062326,2.4524712598111576e-06
2026-10,B.M.W.,AUTOMOVILES,SD,M2,Estimado,Modelo estadístico,0.4043589109197436,5.9862378775270755e-05
2026-10,B.M.W.,AUTOMOVILES,SD,M240,Estimado,Modelo estadístico,0.12532859020410264,1.8553980969786904e-05
2026-10,B.M.W.,AUTOMOVILES,SD,M3,Estimado,Modelo estadístico,0.016565973955062326,2.4524712598111576e-06
2026-10,B.M.W.,AUTOMOVILES,SD,M4,Estimado,Modelo estadístico,0.07346309725664525,1.0875674147946983e-05
2026-10,B.M.W.,AUTOMOVILES,SD,M440,Estimado,Modelo estadístico,0.23409120645314296,3.465549067976265e-05
2026-10,B.M.W.,AUTOMOVILES,SD,M5,Estimado,Modelo estadístico,0.04480270288677968,6.63271241942938e-06
2026-10,B.M.W.,AUTOMOVILES,SD,Z4,Estimado,Modelo estadístico,0.016565973955062326,2.4524712598111576e-06
2026-10,B.M.W.,SUV,LARGE,X6,Estimado,Modelo estadístico,5.9405279829217275,0.0008794517114260833
2026-10,B.M.W.,SUV,LARGE,X7,Estimado,Modelo estadístico,2.957175638159275,0.0004377882207513138
2026-10,B.M.W.,SUV,LARGE,XM,Estimado,Modelo estadístico,0.016565973955062326,2.4524712598111576e-06
2026-10,B.M.W.,SUV,SIN DEFINIR,IX,Estimado,Modelo estadístico,4.028303192527491,0.0005963608196100194
2026-10,B.M.W.,SUV,SIN DEFINIR,IX1,Estimado,Modelo estadístico,11.333632513627055,0.0016778613852907668
2026-10,B.M.W.,SUV,SIN DEFINIR,IX2,Estimado,Modelo estadístico,2.9627962079492542,0.0004386203049928488
2026-10,B.M.W.,SUV,SIN DEFINIR,IX3,Estimado,Modelo estadístico,7.357016540040481,0.0010891524803400378
2026-10,B.M.W.,SUV,SIN DEFINIR,X1,Estimado,Modelo estadístico,14.254632439295651,0.002110294056442205
2026-10,B.M.W.,SUV,SIN DEFINIR,X2,Estimado,Modelo estadístico,0.04480270288677968,6.63271241942938e-06
2026-10,B.M.W.,SUV,SIN DEFINIR,X3,Estimado,Modelo estadístico,22.903651734812797,0.0033907180934078084
2026-10,B.M.W.,SUV,SIN DEFINIR,X4,Estimado,Modelo estadístico,3.74726746371516,0.0005547555358058815
2026-10,B.M.W.,SUV,SIN DEFINIR,X5,Estimado,Modelo estadístico,11.777144695021613,0.0017435201193438843
2026-10,B.M.W.,SUV,SIN DEFINIR,X5 PHV,Estimado,Modelo estadístico,0.5603790552002639,8.296001980968989e-05
2026-10,BAIC,AUTOMOVILES,HB,EC3 EV,Estimado,Modelo estadístico,0.022501066124432645,3.331118238805288e-06
2026-10,BAIC,AUTOMOVILES,SD,U5,Estimado,Modelo estadístico,0.28688417721453463,4.2471103807223756e-05
2026-10,BAIC,SUV,LARGE,BJ60,Estimado,Modelo estadístico,0.11532017182370813,1.707230784264894e-05
2026-10,BAIC,SUV,LARGE,BJ60 EV,Estimado,Modelo estadístico,3.4892987013610406,0.0005165651476452627
2026-10,BAIC,SUV,SIN DEFINIR,BJ30,Estimado,Modelo estadístico,6.3920796803451045,0.0009463006370162001
2026-10,BAIC,SUV,SIN DEFINIR,X3,Estimado,Modelo estadístico,18.191471679282778,0.002693114306960274
2026-10,BAIC,SUV,SIN DEFINIR,X5,Estimado,Modelo estadístico,5.23878750363955,0.0007755641668751795
2026-10,BAIC,SUV,SIN DEFINIR,X55,Estimado,Modelo estadístico,0.022501066124432645,3.331118238805288e-06
2026-10,BAIC,SUV,SIN DEFINIR,X7,Estimado,Modelo estadístico,0.28688417721453463,4.2471103807223756e-05
2026-10,BAIC,SUV,SMALL,BJ40,Estimado,Modelo estadístico,6.429913189247106,0.0009519016112475772
2026-10,BAIC,SUV,SMALL,BJ40 EV,Estimado,Modelo estadístico,2.1573404972077688,0.00031937847912720925
2026-10,BAIC,SUV,SMALL,BJ41,Estimado,Modelo estadístico,1.7801902382545474,0.0002635441422374993
2026-10,BAIC,SUV,SMALL,BJ41 EV,Estimado,Modelo estadístico,1.3912018485206132,0.0002059572566845873
2026-10,BAOJUN,AUTOMOVILES,HB,E300,Estimado,Modelo estadístico,0.3679030359134248,5.446535316441356e-05
2026-10,BAOJUN,SUV,SIN DEFINIR,YEP,Estimado,Modelo estadístico,0.039263421674639504,5.812662357197191e-06
2026-10,BAOJUN,SUV,SIN DEFINIR,YUNHAI,Estimado,Modelo estadístico,1.7289910349640405,0.0002559644747252957
2026-10,BAW,AUTOMOVILES,HB,PONY,Estimado,Modelo estadístico,0.005733162531504234,8.487527732737773e-07
2026-10,BAW,PANEL,SIN DEFINIR,M7,Estimado,Modelo estadístico,0.01442342994767907,2.1352832927624496e-06
2026-10,BAW,PASAJEROS,SIN DEFINIR,M7,Estimado,Modelo estadístico,0.037959570866485916,5.619636783044271e-06
2026-10,BAW,PASAJEROS,SIN DEFINIR,MPV,Estimado,Modelo estadístico,0.005733162531504234,8.487527732737773e-07
2026-10,BAW,PICK-UP,MEDIUM,CALORIE,Estimado,Modelo estadístico,0.005733162531504234,8.487527732737773e-07
2026-10,BAW,SUV,SMALL,212 OFFROAD,Estimado,Modelo estadístico,0.005733162531504234,8.487527732737773e-07
2026-10,BYD,AUTOMOVILES,HB,D1,Estimado,Modelo estadístico,0.09507944819873686,1.4075816775919141e-05
2026-10,BYD,AUTOMOVILES,HB,DOLPHIN,Estimado,Modelo estadístico,21.600808149777645,0.003197841631269484
2026-10,BYD,AUTOMOVILES,HB,E2 EV,Estimado,Modelo estadístico,2.0841956855906294,0.0003085499248398522
2026-10,BYD,AUTOMOVILES,HB,SEAGULL,Estimado,Modelo estadístico,64.37003951381669,0.009529513467109037
2026-10,BYD,AUTOMOVILES,SD,E5 EV,Estimado,Modelo estadístico,0.0196837569413253,2.9140362235663705e-06
2026-10,BYD,AUTOMOVILES,SD,F3,Estimado,Modelo estadístico,0.0196837569413253,2.9140362235663705e-06
2026-10,BYD,AUTOMOVILES,SD,HAN,Estimado,Modelo estadístico,0.0196837569413253,2.9140362235663705e-06
2026-10,BYD,AUTOMOVILES,SD,QIN PLUS,Estimado,Modelo estadístico,0.09855074929394121,1.458971750962989e-05
2026-10,BYD,AUTOMOVILES,SD,SEAL,Estimado,Modelo estadístico,0.14112563509716672,2.0892617906877303e-05
2026-10,BYD,CAMIONES,SIN DEFINIR,T4,Estimado,Modelo estadístico,0.14112563509716672,2.0892617906877303e-05
2026-10,BYD,PANEL,SIN DEFINIR,T3 EV,Estimado,Modelo estadístico,0.0196837569413253,2.9140362235663705e-06
2026-10,BYD,PASAJEROS,SIN DEFINIR,M3,Estimado,Modelo estadístico,0.0196837569413253,2.9140362235663705e-06
2026-10,BYD,PICK-UP,MEDIUM,SHARK,Estimado,Modelo estadístico,3.0005902665264657,0.0004442154388922297
2026-10,BYD,SUV,LARGE,ATTO8,Estimado,Modelo estadístico,0.8697769040322153,0.00012876410800674292
2026-10,BYD,SUV,MEDIUM,SEALION,Estimado,Modelo estadístico,17.347366830515558,0.0025681507589380196
2026-10,BYD,SUV,MEDIUM,TI7,Estimado,Modelo estadístico,1.3555444166555808,0.0002006784347399866
2026-10,BYD,SUV,SIN DEFINIR,S1 PRO EV,Estimado,Modelo estadístico,135.91105388847535,0.02012063730489411
2026-10,BYD,SUV,SIN DEFINIR,S2 EV,Estimado,Modelo estadístico,0.0196837569413253,2.9140362235663705e-06
2026-10,BYD,SUV,SIN DEFINIR,SONG PRO EV,Estimado,Modelo estadístico,12.400459513176727,0.0018357973184682194
2026-10,BYD,SUV,SIN DEFINIR,TANG,Estimado,Modelo estadístico,2.8908178563783524,0.00042796443658239076
2026-10,BYD,SUV,SIN DEFINIR,YUAN PLUS EV,Estimado,Modelo estadístico,36.73471461016257,0.005438305774424947
2026-10,BYD,SUV,SIN DEFINIR,YUAN UP EV,Estimado,Modelo estadístico,0.9908952513128252,0.00014669479331068494
2026-10,CADILLAC,SUV,LARGE,ESCALADE,Estimado,Modelo estadístico,1.4255776045590567,0.00021104633589884018
2026-10,CADILLAC,SUV,LARGE,LYRIQ,Estimado,Modelo estadístico,0.1597919368432905,2.3656027331732887e-05
2026-10,CADILLAC,SUV,SIN DEFINIR,XT4,Estimado,Modelo estadístico,0.011415898825110416,1.690040310907269e-06
2026-10,CADILLAC,SUV,SIN DEFINIR,XT5,Estimado,Modelo estadístico,0.011415898825110416,1.690040310907269e-06
2026-10,CAMC,CAMIONES,[4] PESADO [HD],HN3310B42C3M3,Estimado,Modelo estadístico,0.06133013904629184,9.079478440522932e-06
2026-10,CAMC,CAMIONES,[4] PESADO [HD],HN4180,Estimado,Modelo estadístico,0.06133013904629184,9.079478440522932e-06
2026-10,CHANGAN,AUTOMOVILES,HB,BENBEN,Estimado,Modelo estadístico,0.09568181322754254,1.4164992511983235e-05
2026-10,CHANGAN,AUTOMOVILES,HB,LUMIN,Estimado,Modelo estadístico,0.9624172294797719,0.00014247883050214175
2026-10,CHANGAN,AUTOMOVILES,SD,ALSVIN,Estimado,Modelo estadístico,2.7527104547660692,0.00040751864606381887
2026-10,CHANGAN,PANEL,SIN DEFINIR,EM60,Estimado,Modelo estadístico,0.1874866709814331,2.7756030126989614e-05
2026-10,CHANGAN,PANEL,SIN DEFINIR,HONOR,Estimado,Modelo estadístico,3.1127349645888285,0.00046081764107389495
2026-10,CHANGAN,PANEL,SIN DEFINIR,KARVAAN,Estimado,Modelo estadístico,0.10197921152194518,1.5097276262428632e-05
2026-10,CHANGAN,PANEL,SIN DEFINIR,STAR 3,Estimado,Modelo estadístico,0.01647175206245731,2.438522397867655e-06
2026-10,CHANGAN,PANEL,SIN DEFINIR,STAR 9,Estimado,Modelo estadístico,0.5160241893321782,7.639360638483854e-05
2026-10,CHANGAN,PASAJEROS,SIN DEFINIR,EM60,Estimado,Modelo estadístico,0.01647175206245731,2.438522397867655e-06
2026-10,CHANGAN,PASAJEROS,SIN DEFINIR,HONOR S,Estimado,Modelo estadístico,2.0686507790901665,0.0003062486151473311
2026-10,CHANGAN,PASAJEROS,SIN DEFINIR,KARVAAN,Estimado,Modelo estadístico,0.10197921152194518,1.5097276262428632e-05
2026-10,CHANGAN,PASAJEROS,SIN DEFINIR,M600,Estimado,Modelo estadístico,0.01647175206245731,2.438522397867655e-06
2026-10,CHANGAN,PASAJEROS,SIN DEFINIR,STAR 3,Estimado,Modelo estadístico,0.5646083298905974,8.35861329893934e-05
2026-10,CHANGAN,PICK-UP,MEDIUM,HUNTER,Estimado,Modelo estadístico,8.777622816306309,0.0012994628474515735
2026-10,CHANGAN,PICK-UP,MEDIUM,HUNTER EV,Estimado,Modelo estadístico,3.0947402926040213,0.00045815366152206287
2026-10,CHANGAN,PICK-UP,MEDIUM,LANTUOZHE,Estimado,Modelo estadístico,0.04076382234166693,6.034785700145089e-06
2026-10,CHANGAN,SUV,LARGE,E07,Estimado,Modelo estadístico,0.04076382234166693,6.034785700145089e-06
2026-10,CHANGAN,SUV,MEDIUM,CS 75,Estimado,Modelo estadístico,3.265755211522996,0.00048347116925118465
2026-10,CHANGAN,SUV,MEDIUM,X7 PLUS,Estimado,Modelo estadístico,3.007526389497088,0.00044524228115855894
2026-10,CHANGAN,SUV,SIN DEFINIR,CS 15,Estimado,Modelo estadístico,10.205950677840828,0.0015109163387768143
2026-10,CHANGAN,SUV,SIN DEFINIR,CS 55,Estimado,Modelo estadístico,29.395932993089005,0.004351852841037147
2026-10,CHANGAN,SUV,SIN DEFINIR,CS35,Estimado,Modelo estadístico,52.92954580753057,0.007835832063961403
2026-10,CHANGAN,SUV,SIN DEFINIR,CS35 MAX,Estimado,Modelo estadístico,3.6077850493609485,0.0005341061847094288
2026-10,CHANGAN,SUV,SIN DEFINIR,Q05,Estimado,Modelo estadístico,0.29098880242572794,4.3078763543382624e-05
2026-10,CHANGAN,SUV,SIN DEFINIR,S05,Estimado,Modelo estadístico,7.486867290284135,0.0011083759340229505
2026-10,CHANGAN,SUV,SIN DEFINIR,S07,Estimado,Modelo estadístico,1.3350729879243894,0.00019764778946994638
2026-10,CHANGAN,SUV,SIN DEFINIR,UNI-K,Estimado,Modelo estadístico,1.561590090335754,0.000231181989452786
2026-10,CHANGAN,SUV,SIN DEFINIR,UNI-T,Estimado,Modelo estadístico,3.3798531195665684,0.0005003625298823492
2026-10,CHENGLONG,CAMIONES,SIN DEFINIR,H5,Estimado,Modelo estadístico,0.5383991233952832,7.970605169465179e-05
2026-10,CHENGLONG,CAMIONES,SIN DEFINIR,H7,Estimado,Modelo estadístico,0.5383991233952832,7.970605169465179e-05
2026-10,CHENGLONG,CAMIONES,SIN DEFINIR,M3,Estimado,Modelo estadístico,0.39988009642874356,5.919932305352452e-05
2026-10,CHENGLONG,CAMIONES,SIN DEFINIR,T7,Estimado,Modelo estadístico,0.3933285208289748,5.822941021239012e-05
2026-10,CHERY,PICK-UP,MEDIUM,HIMLA,Estimado,Modelo estadístico,15.611163399954679,0.0023111185418050865
2026-10,CHERY,SUV,LARGE,ICAR V27,Estimado,Modelo estadístico,8.474099243994084,0.0012545284029214664
2026-10,CHERY,SUV,LARGE,TIGGO 9,Estimado,Modelo estadístico,0.06939765889768919,1.0273815738600227e-05
2026-10,CHERY,SUV,LARGE,TIGGO 9 PHEV,Estimado,Modelo estadístico,0.04328168519658966,6.407536877020933e-06
2026-10,CHERY,SUV,SIN DEFINIR,EQ5,Estimado,Modelo estadístico,0.017165711495490118,2.541258015441636e-06
2026-10,CHERY,SUV,SIN DEFINIR,EQ7,Estimado,Modelo estadístico,3.1509291578377057,0.0004664720119843309
2026-10,CHERY,SUV,SIN DEFINIR,FULWIN X3,Estimado,Modelo estadístico,0.20509756777323662,3.036319456890885e-05
2026-10,CHERY,SUV,SIN DEFINIR,ICAR 03,Estimado,Modelo estadístico,70.2929591314977,0.01040635838887082
2026-10,CHERY,SUV,SIN DEFINIR,ICAR V23,Estimado,Modelo estadístico,10.635315591188169,0.0015744806732863393
2026-10,CHERY,SUV,SIN DEFINIR,Q,Estimado,Modelo estadístico,0.11113163963436339,1.6452226292175246e-05
2026-10,CHERY,SUV,SIN DEFINIR,TIGGO 2,Estimado,Modelo estadístico,78.69037094567247,0.011649533778795235
2026-10,CHERY,SUV,SIN DEFINIR,TIGGO 4,Estimado,Modelo estadístico,41.23106311772053,0.006103957279056883
2026-10,CHERY,SUV,SIN DEFINIR,TIGGO 7,Estimado,Modelo estadístico,36.27812768832852,0.005370711420694754
2026-10,CHERY,SUV,SIN DEFINIR,TIGGO 8,Estimado,Modelo estadístico,17.364287976622176,0.0025706558108366953
2026-10,CHEVROLET,AUTOMOVILES,HB,AVEO HB,Estimado,Modelo estadístico,9.71067776823134,0.0014375948075541275
2026-10,CHEVROLET,AUTOMOVILES,HB,BOLT,Estimado,Modelo estadístico,0.017042574206127394,2.5230284405315027e-06
2026-10,CHEVROLET,AUTOMOVILES,SD,AVEO,Estimado,Modelo estadístico,1.4677218641507281,0.00021728548523560528
2026-10,CHEVROLET,AUTOMOVILES,SD,CAMARO,Estimado,Modelo estadístico,0.017042574206127394,2.5230284405315027e-06
2026-10,CHEVROLET,AUTOMOVILES,SD,CAVALIER,Estimado,Modelo estadístico,0.017042574206127394,2.5230284405315027e-06
2026-10,CHEVROLET,AUTOMOVILES,SD,CORVETTE,Estimado,Modelo estadístico,0.27248603794236315,4.033956461396259e-05
2026-10,CHEVROLET,AUTOMOVILES,SD,ONIX,Estimado,Modelo estadístico,0.0748160538648487,1.1075969476576095e-05
2026-10,CHEVROLET,CAMIONES,SIN DEFINIR,W4500,Estimado,Modelo estadístico,0.017042574206127394,2.5230284405315027e-06
2026-10,CHEVROLET,MICROBUS,SIN DEFINIR,EXPRESS,Estimado,Modelo estadístico,0.017042574206127394,2.5230284405315027e-06
2026-10,CHEVROLET,PANEL,SIN DEFINIR,N400,Estimado,Modelo estadístico,25.017675003638942,0.0037036837737494596
2026-10,CHEVROLET,PICK-UP,LARGE,SILVERADO,Estimado,Modelo estadístico,29.132408473606684,0.004312839963675448
2026-10,CHEVROLET,PICK-UP,LARGE,SILVERADO EV,Estimado,Modelo estadístico,0.35499936141378524,5.255505854834279e-05
2026-10,CHEVROLET,PICK-UP,MEDIUM,COLORADO,Estimado,Modelo estadístico,20.70005179437332,0.0030644912421095225
2026-10,CHEVROLET,PICK-UP,SMALL,MONTANA,Estimado,Modelo estadístico,0.0748160538648487,1.1075969476576095e-05
2026-10,CHEVROLET,SUV,LARGE,SUBURBAN,Estimado,Modelo estadístico,2.706116153156107,0.0004006207005594143
2026-10,CHEVROLET,SUV,LARGE,TAHOE,Estimado,Modelo estadístico,16.28319399442831,0.0024106077552453102
2026-10,CHEVROLET,SUV,LARGE,TRAVERSE,Estimado,Modelo estadístico,4.386967232025634,0.000649458406940716
2026-10,CHEVROLET,SUV,MEDIUM,BLAZER,Estimado,Modelo estadístico,0.13258953352357,1.962891051262069e-05
2026-10,CHEVROLET,SUV,MEDIUM,TRAIL BLAZER,Estimado,Modelo estadístico,4.7342471751134045,0.0007008706620753649
2026-10,CHEVROLET,SUV,SIN DEFINIR,CAPTIVA,Estimado,Modelo estadístico,10.194779348699772,0.001509262505218543
2026-10,CHEVROLET,SUV,SIN DEFINIR,CAPTIVA PHEV,Estimado,Modelo estadístico,2.2700878222571803,0.00033606989582594016
2026-10,CHEVROLET,SUV,SIN DEFINIR,GROOVE,Estimado,Modelo estadístico,48.97231771616679,0.007249993393146559
2026-10,CHEVROLET,SUV,SIN DEFINIR,MENLO,Estimado,Modelo estadístico,2.79016959782475,0.0004130641981706719
2026-10,CHEVROLET,SUV,SIN DEFINIR,SPARK EUV,Estimado,Modelo estadístico,5.674841208656414,0.0008401187280611962
2026-10,CHEVROLET,SUV,SIN DEFINIR,TRACKER,Estimado,Modelo estadístico,13.059515158894014,0.0019333656856600563
2026-10,CHEVROLET,SUV,SIN DEFINIR,TRAX,Estimado,Modelo estadístico,3.9959416233436387,0.000591569926025309
2026-10,CITROEN,AUTOMOVILES,HB,C3 HB,Estimado,Modelo estadístico,1.6414357674161102,0.00024300255785346828
2026-10,CITROEN,AUTOMOVILES,SD,C-ELYSEE,Estimado,Modelo estadístico,0.058366968724930274,8.640802750776124e-06
2026-10,CITROEN,MICROBUS,SIN DEFINIR,BERLINGO,Estimado,Modelo estadístico,0.016296043930555698,2.412510094288479e-06
2026-10,CITROEN,PANEL,SIN DEFINIR,BERLINGO,Estimado,Modelo estadístico,3.6239207745632704,0.0005364949607887737
2026-10,CITROEN,PANEL,SIN DEFINIR,JUMPER,Estimado,Modelo estadístico,0.6300163917472686,9.326931807096944e-05
2026-10,CITROEN,PANEL,SIN DEFINIR,JUMPY,Estimado,Modelo estadístico,1.1578777093713803,0.00017141532470787968
2026-10,CITROEN,SUV,SIN DEFINIR,BASALT,Estimado,Modelo estadístico,0.995260706186594,0.000147341066970354
2026-10,CITROEN,SUV,SIN DEFINIR,C3 AIRCROSS,Estimado,Modelo estadístico,0.7110673162490843,0.000105268314535713
2026-10,CITROEN,SUV,SIN DEFINIR,C4 CACTUS,Estimado,Modelo estadístico,0.17084229827723776,2.529195250587574e-05
2026-10,CITROEN,SUV,SIN DEFINIR,C5 AIRCROSS,Estimado,Modelo estadístico,0.2505194782959716,3.708757614918295e-05
2026-10,CLW,CAMIONES,[2] LIVIANO [LD],CLW5030,Estimado,Modelo estadístico,0.06133013904629184,9.079478440522932e-06
2026-10,CLW,CAMIONES,[3] MEDIANO [MD],CLW5130,Estimado,Modelo estadístico,0.06133013904629184,9.079478440522932e-06
2026-10,DAGANG,CAMIONES,[3] MEDIANO [MD],SS6000,Estimado,Modelo estadístico,0.06133013904629184,9.079478440522932e-06
2026-10,DAYUN,CAMIONES,SIN DEFINIR,CGC4250,Estimado,Modelo estadístico,0.4128901912269896,6.112537241631291e-05
2026-10,DAYUN,CAMIONES,SIN DEFINIR,WB39,Estimado,Modelo estadístico,0.013168152794659396,1.9494486929236902e-06
2026-10,DAYUN,CAMIONES,[4] PESADO [HD],CGC4251,Estimado,Modelo estadístico,0.8539545922631788,0.0001264217304934983
2026-10,DAYUN,CAMIONES,[4] PESADO [HD],DYK5310,Estimado,Modelo estadístico,0.07027130114213515,1.0403152081979295e-05
2026-10,DAYUN,CAMIONES,[4] PESADO [HD],DYX1310,Estimado,Modelo estadístico,0.6984059329643684,0.00010339388936159094
2026-10,DAYUN,PASAJEROS,SIN DEFINIR,YUANZHI M1,Estimado,Modelo estadístico,0.013168152794659396,1.9494486929236902e-06
2026-10,DAYUN,PICK-UP,MEDIUM,DYQ1030 BEV1H2,Estimado,Modelo estadístico,0.013168152794659396,1.9494486929236902e-06
2026-10,DAYUN,SUV,SIN DEFINIR,YUEHU,Estimado,Modelo estadístico,0.4606384303893686,6.819414993401145e-05
2026-10,DENZA,SUV,LARGE,N9,Estimado,Modelo estadístico,0.6732982656168995,9.967688287965393e-05
2026-10,DENZA,SUV,SIN DEFINIR,B3,Estimado,Modelo estadístico,5.521045778058576,0.0008173504396131622
2026-10,DFSK,CAMIONES,SIN DEFINIR,C32,Estimado,Modelo estadístico,0.0169844157348111,2.5144185042968645e-06
2026-10,DFSK,CAMIONES,[1] ULTRA LIVIANO [ULD],C31,Estimado,Modelo estadístico,1.2206865579585156,0.00018071371527879495
2026-10,DFSK,MICROBUS,SIN DEFINIR,C37,Estimado,Modelo estadístico,1.957537574788227,0.00028979911807126217
2026-10,DFSK,PANEL,SIN DEFINIR,C35,Estimado,Modelo estadístico,3.2303171288877808,0.00047822482035546403
2026-10,DFSK,PANEL,SIN DEFINIR,EC35,Estimado,Modelo estadístico,0.0169844157348111,2.5144185042968645e-06
2026-10,DFSK,PANEL,SIN DEFINIR,EC75,Estimado,Modelo estadístico,0.12141516555838221,1.7974627078666416e-05
2026-10,DFSK,SUV,SIN DEFINIR,E5,Estimado,Modelo estadístico,2.4136669049968877,0.0003573257287087135
2026-10,DFSK,SUV,SIN DEFINIR,GLORY 500,Estimado,Modelo estadístico,7.815296360705925,0.0011569974553582415
2026-10,DFSK,SUV,SIN DEFINIR,GLORY 560,Estimado,Modelo estadístico,4.584252872242897,0.0006786651027811636
2026-10,DFSK,SUV,SIN DEFINIR,GLORY 580,Estimado,Modelo estadístico,2.147942029297133,0.00031798710470517914
2026-10,DFSK,SUV,SIN DEFINIR,GLORY 600,Estimado,Modelo estadístico,0.0169844157348111,2.5144185042968645e-06
2026-10,DFSK,SUV,SIN DEFINIR,SERES 3,Estimado,Modelo estadístico,0.0169844157348111,2.5144185042968645e-06
2026-10,DFSK,SUV,SIN DEFINIR,SERES 5,Estimado,Modelo estadístico,1.7232297508596717,0.0002551115587588756
2026-10,DONGFENG,AUTOMOVILES,HB,NAMMI 01,Estimado,Modelo estadístico,14.699332734103951,0.002176128681994881
2026-10,DONGFENG,AUTOMOVILES,HB,NANO BOX,Estimado,Modelo estadístico,0.24858102202229557,3.680060187815686e-05
2026-10,DONGFENG,BUSETAS,SIN DEFINIR,DF6768,Estimado,Modelo estadístico,0.46131476876322597,6.829427688267696e-05
2026-10,DONGFENG,PICK-UP,MEDIUM,RICH,Estimado,Modelo estadístico,12.517740939171453,0.0018531599756438236
2026-10,DONGFENG,PICK-UP,MEDIUM,RICH EV,Estimado,Modelo estadístico,0.029045936613992837,4.3000384374228625e-06
2026-10,DONGFENG,PICK-UP,MEDIUM,Z9,Estimado,Modelo estadístico,0.21807309735447059,3.228412680417181e-05
2026-10,DONGFENG,SUV,MEDIUM,M-HERO 917,Estimado,Modelo estadístico,0.029045936613992837,4.3000384374228625e-06
2026-10,DONGFENG,SUV,SIN DEFINIR,AEOLUS L7,Estimado,Modelo estadístico,0.029045936613992837,4.3000384374228625e-06
2026-10,DONGFENG,SUV,SIN DEFINIR,EX1,Estimado,Modelo estadístico,0.029045936613992837,4.3000384374228625e-06
2026-10,DONGFENG,SUV,SIN DEFINIR,FRIDAY,Estimado,Modelo estadístico,13.929622135208263,0.0020621786584535933
2026-10,DONGFENG,SUV,SIN DEFINIR,JOYEAR SX6,Estimado,Modelo estadístico,0.029045936613992837,4.3000384374228625e-06
2026-10,DONGFENG,SUV,SIN DEFINIR,JOYEAR X5,Estimado,Modelo estadístico,0.029045936613992837,4.3000384374228625e-06
2026-10,DONGFENG,SUV,SIN DEFINIR,MAGE,Estimado,Modelo estadístico,1.7175876227852853,0.00025427628297103837
2026-10,DONGFENG,SUV,SIN DEFINIR,MAGE EV,Estimado,Modelo estadístico,0.07630272679911229,1.12960605291101e-05
2026-10,DONGFENG,SUV,SIN DEFINIR,MNV,Estimado,Modelo estadístico,0.24858102202229557,3.680060187815686e-05
2026-10,DONGFENG,SUV,SIN DEFINIR,NAMMI 06,Estimado,Modelo estadístico,69.88946245726527,0.01034662365792963
2026-10,DONGFENG,SUV,SIN DEFINIR,SX5,Estimado,Modelo estadístico,1.346256449063809,0.00019930341908182682
2026-10,DONGFENG,SUV,SIN DEFINIR,T5 EVO,Estimado,Modelo estadístico,0.24858102202229557,3.680060187815686e-05
2026-10,DONGFENG,SUV,SIN DEFINIR,T5L,Estimado,Modelo estadístico,0.4681161074305983,6.930116531889085e-05
2026-10,DONGFENG I,CAMIONES,SIN DEFINIR,CAPTAIN 5.0T,Estimado,Modelo estadístico,0.12203533444835127,1.8066438546136057e-05
2026-10,DONGFENG I,CAMIONES,SIN DEFINIR,CAPTAIN E 3.5T,Estimado,Modelo estadístico,0.5237657692147013,7.753969065485627e-05
2026-10,DONGFENG I,CAMIONES,SIN DEFINIR,CAPTAIN W,Estimado,Modelo estadístico,0.046266773426171054,6.849457352744715e-06
2026-10,DONGFENG I,CAMIONES,SIN DEFINIR,CHENGLONG M3,Estimado,Modelo estadístico,0.021602725756763728,3.198125518956e-06
2026-10,DONGFENG I,CAMIONES,SIN DEFINIR,DF116,Estimado,Modelo estadístico,0.5484298168841085,8.119102248864495e-05
2026-10,DONGFENG I,CAMIONES,SIN DEFINIR,DF1819,Estimado,Modelo estadístico,0.2622940309938084,3.883071254230472e-05
2026-10,DONGFENG I,CAMIONES,SIN DEFINIR,DFH4250C2,Estimado,Modelo estadístico,0.194251059442615,2.875744835547701e-05
2026-10,DONGFENG I,CAMIONES,SIN DEFINIR,DOLLICAR,Estimado,Modelo estadístico,0.29468366813420255,4.3625761382657066e-05
2026-10,DONGFENG I,CAMIONES,SIN DEFINIR,EQ1141G7D2,Estimado,Modelo estadístico,0.021602725756763728,3.198125518956e-06
2026-10,DONGFENG I,CAMIONES,SIN DEFINIR,EV150,Estimado,Modelo estadístico,0.021602725756763728,3.198125518956e-06
2026-10,DONGFENG I,CAMIONES,SIN DEFINIR,EV18,Estimado,Modelo estadístico,0.021602725756763728,3.198125518956e-06
2026-10,DONGFENG I,CAMIONES,SIN DEFINIR,EV200,Estimado,Modelo estadístico,0.021602725756763728,3.198125518956e-06
2026-10,DONGFENG I,CAMIONES,SIN DEFINIR,EV400,Estimado,Modelo estadístico,0.021602725756763728,3.198125518956e-06
2026-10,DONGFENG I,CAMIONES,SIN DEFINIR,RUICHI EG71,Estimado,Modelo estadístico,0.021602725756763728,3.198125518956e-06
2026-10,DONGFENG I,CAMIONES,SIN DEFINIR,V92-711,Estimado,Modelo estadístico,1.1795731313886,0.0001746271732300999
2026-10,DONGFENG I,CAMIONES,[3] MEDIANO [MD],DF1214,Estimado,Modelo estadístico,0.6129199524073855,9.07383152914223e-05
2026-10,DONGFENG I,CAMIONES,[3] MEDIANO [MD],DF310,Estimado,Modelo estadístico,1.8579373445603053,0.00027505403258657157
2026-10,DONGFENG I,CAMIONES,[3] MEDIANO [MD],DF813,Estimado,Modelo estadístico,1.2440632669118767,0.0001841744660328772
2026-10,DONGFENG I,CAMIONES,[3] MEDIANO [MD],DLQ5090TQZ3 (CA,Estimado,Modelo estadístico,0.12203533444835127,1.8066438546136057e-05
2026-10,DONGFENG I,CAMIONES,[4] PESADO [HD],EQ3313GP6,Estimado,Modelo estadístico,0.12203533444835127,1.8066438546136057e-05
2026-10,DONGFENG I,MICROBUS,SIN DEFINIR,DF3050P,Estimado,Modelo estadístico,1.4297664441105897,0.00021166646295203744
2026-10,DONGFENG I,MICROBUS,SIN DEFINIR,DFA6768,Estimado,Modelo estadístico,0.22246794313993878,3.293475157331611e-05
2026-10,DONGFENG I,MICROBUS,SIN DEFINIR,EQ6550,Estimado,Modelo estadístico,0.021602725756763728,3.198125518956e-06
2026-10,DONGFENG I,MICROBUS,SIN DEFINIR,UVAN DF-23P,Estimado,Modelo estadístico,0.22246794313993878,3.293475157331611e-05
2026-10,DONGFENG I,PANEL,SIN DEFINIR,DF3050,Estimado,Modelo estadístico,1.2232828339280282,0.00018109807494367432
2026-10,DONGFENG I,PANEL,SIN DEFINIR,EM26,Estimado,Modelo estadístico,0.021602725756763728,3.198125518956e-06
2026-10,DONGFENG I,PANEL,SIN DEFINIR,M5,Estimado,Modelo estadístico,0.021602725756763728,3.198125518956e-06
2026-10,DONGFENG I,PANEL,SIN DEFINIR,UVAN,Estimado,Modelo estadístico,0.12203533444835127,1.8066438546136057e-05
2026-10,DONGFENG I,PICK-UP,MEDIUM,P22,Estimado,Modelo estadístico,0.9353289901236391,0.00013846861482270082
2026-10,FANGCHENGBAO,SUV,LARGE,BAO 8,Estimado,Modelo estadístico,0.12150231883305129,1.798752948343321e-05
2026-10,FANGCHENGBAO,SUV,MEDIUM,BAO 5,Estimado,Modelo estadístico,0.4067345967095512,6.021408167771704e-05
2026-10,FANGCHENGBAO,SUV,MEDIUM,TAI 7,Estimado,Modelo estadístico,0.29402782982223596,4.352866931819142e-05
2026-10,FANGCHENGBAO,SUV,SIN DEFINIR,BAO 3,Estimado,Modelo estadístico,8.936935973664106,0.0013230479949828703
2026-10,FAW,CAMIONES,SIN DEFINIR,ACTIS,Estimado,Modelo estadístico,0.8405546193870528,0.00012443796253333524
2026-10,FAW,CAMIONES,SIN DEFINIR,CA1081,Estimado,Modelo estadístico,0.1849497182902543,2.738045283950298e-05
2026-10,FAW,CAMIONES,SIN DEFINIR,CA1160,Estimado,Modelo estadístico,0.1849497182902543,2.738045283950298e-05
2026-10,FAW,CAMIONES,SIN DEFINIR,TIGER,Estimado,Modelo estadístico,7.384895055990851,0.0010932796906881852
2026-10,FAW I,CAMIONES,SIN DEFINIR,CA1040,Estimado,Modelo estadístico,0.14410888156275278,2.133426572291454e-05
2026-10,FAW I,CAMIONES,SIN DEFINIR,CA1083,Estimado,Modelo estadístico,0.015267712709785558,2.2602731795531023e-06
2026-10,FAW I,CAMIONES,SIN DEFINIR,JK6,Estimado,Modelo estadístico,0.05560583566842483,8.232037200138225e-06
2026-10,FAW I,CAMIONES,SIN DEFINIR,WB 2500,Estimado,Modelo estadístico,0.015267712709785558,2.2602731795531023e-06
2026-10,FAW I,PASAJEROS,SIN DEFINIR,BESTUNE E05,Estimado,Modelo estadístico,1.1125684208451172,0.0001647076159903252
2026-10,FAW I,SUV,SIN DEFINIR,BESTUNE T33,Estimado,Modelo estadístico,0.015267712709785558,2.2602731795531023e-06
2026-10,FAW I,SUV,SIN DEFINIR,BESTUNE T55,Estimado,Modelo estadístico,0.4017912192686872,5.948225080963741e-05
2026-10,FAW I,SUV,SIN DEFINIR,BESTUNE T77,Estimado,Modelo estadístico,0.31589710670004234,4.676625578072978e-05
2026-10,FAW I,SUV,SIN DEFINIR,BESTUNE T99,Estimado,Modelo estadístico,0.015267712709785558,2.2602731795531023e-06
2026-10,FAW I,SUV,SIN DEFINIR,JOYFUL 03,Estimado,Modelo estadístico,2.2098691289804497,0.00032715495880109746
2026-10,FAW I,SUV,SIN DEFINIR,X40,Estimado,Modelo estadístico,0.015267712709785558,2.2602731795531023e-06
2026-10,FERRARI,AUTOMOVILES,SD,12CILINDRI,Estimado,Modelo estadístico,0.04274105529693887,6.327500575220339e-06
2026-10,FERRARI,AUTOMOVILES,SD,296 GTB,Estimado,Modelo estadístico,0.06754415474386713,9.999418007472556e-06
2026-10,FERRARI,AUTOMOVILES,SD,458,Estimado,Modelo estadístico,0.018823780830258055,2.786723051262844e-06
2026-10,FERRARI,AUTOMOVILES,SD,812 GTS,Estimado,Modelo estadístico,0.018823780830258055,2.786723051262844e-06
2026-10,FERRARI,AUTOMOVILES,SD,F8,Estimado,Modelo estadístico,0.018823780830258055,2.786723051262844e-06
2026-10,FERRARI,AUTOMOVILES,SD,PORTOFINO,Estimado,Modelo estadístico,0.018823780830258055,2.786723051262844e-06
2026-10,FERRARI,AUTOMOVILES,SD,ROMA,Estimado,Modelo estadístico,0.018823780830258055,2.786723051262844e-06
2026-10,FERRARI,SUV,SIN DEFINIR,PUROSANGUE,Estimado,Modelo estadístico,0.018823780830258055,2.786723051262844e-06
2026-10,FIAT,AUTOMOVILES,HB,500,Estimado,Modelo estadístico,0.033494359646924654,4.95859492612321e-06
2026-10,FIAT,AUTOMOVILES,HB,500 EV,Estimado,Modelo estadístico,0.033494359646924654,4.95859492612321e-06
2026-10,FIAT,PANEL,SIN DEFINIR,DUCATO,Estimado,Modelo estadístico,0.42452472416363146,6.28477799080693e-05
2026-10,FIAT,PANEL,SIN DEFINIR,FIORINO,Estimado,Modelo estadístico,0.033494359646924654,4.95859492612321e-06
2026-10,FIAT,PICK-UP,MEDIUM,TITANO,Estimado,Modelo estadístico,0.3087172043199145,4.5703323756130506e-05
2026-10,FIAT,SUV,SIN DEFINIR,PULSE,Estimado,Modelo estadístico,0.033494359646924654,4.95859492612321e-06
2026-10,FORCE,MICROBUS,SIN DEFINIR,URBANIA,Estimado,Modelo estadístico,0.04195653568167029,6.211358185136697e-06
2026-10,FORD,AUTOMOVILES,SD,MACH-E,Estimado,Modelo estadístico,0.04766705034214327,7.056758106779128e-06
2026-10,FORD,AUTOMOVILES,SD,MUSTANG,Estimado,Modelo estadístico,0.40190880161792475,5.949965801629779e-05
2026-10,FORD,MICROBUS,SIN DEFINIR,TRANSIT,Estimado,Modelo estadístico,0.6341257550369923,9.38776792449945e-05
2026-10,FORD,PANEL,SIN DEFINIR,E-TRANSIT,Estimado,Modelo estadístico,0.01944533479229587,2.878739568520115e-06
2026-10,FORD,PICK-UP,LARGE,F150,Estimado,Modelo estadístico,3.103626262563922,0.00045946916437153716
2026-10,FORD,PICK-UP,LARGE,F150 LIGHTNING,Estimado,Modelo estadístico,0.618790497527722,9.160740655198475e-05
2026-10,FORD,PICK-UP,LARGE,F250,Estimado,Modelo estadístico,0.1510120225952713,2.2356225254578615e-05
2026-10,FORD,PICK-UP,LARGE,F350,Estimado,Modelo estadístico,0.5739338015540449,8.496670085101313e-05
2026-10,FORD,PICK-UP,LARGE,F450,Estimado,Modelo estadístico,0.01944533479229587,2.878739568520115e-06
2026-10,FORD,PICK-UP,LARGE,F550,Estimado,Modelo estadístico,4.887412783502387,0.0007235457099526847
2026-10,FORD,PICK-UP,MEDIUM,MAVERICK,Estimado,Modelo estadístico,0.01944533479229587,2.878739568520115e-06
2026-10,FORD,PICK-UP,MEDIUM,RANGER,Estimado,Modelo estadístico,25.539100393916378,0.00378087698842311
2026-10,FORD,SUV,LARGE,EXPEDITION,Estimado,Modelo estadístico,4.110374825893187,0.0006085109245553203
2026-10,FORD,SUV,LARGE,EXPLORER,Estimado,Modelo estadístico,2.0922009337305427,0.0003097350432665774
2026-10,FORD,SUV,MEDIUM,BRONCO,Estimado,Modelo estadístico,1.5962007432482448,0.0002363058434309123
2026-10,FORD,SUV,SIN DEFINIR,BRONCO SPORT,Estimado,Modelo estadístico,11.13171104240916,0.001647968388582937
2026-10,FORD,SUV,SIN DEFINIR,EDGE,Estimado,Modelo estadístico,0.01944533479229587,2.878739568520115e-06
2026-10,FORD,SUV,SIN DEFINIR,EDGE HV,Estimado,Modelo estadístico,4.755846095699411,0.0007040682242666261
2026-10,FORD,SUV,SIN DEFINIR,ESCAPE,Estimado,Modelo estadístico,0.01944533479229587,2.878739568520115e-06
2026-10,FORD,SUV,SIN DEFINIR,TERRITORY,Estimado,Modelo estadístico,17.995903210789205,0.0026641618258319787
2026-10,FORD,SUV,SMALL,EVEREST,Estimado,Modelo estadístico,17.56769251744664,0.0026007683651507536
2026-10,FORLAND,CAMIONES,SIN DEFINIR,F200 PRO,Estimado,Modelo estadístico,10.297956701989326,0.00152453715760496
2026-10,FORLAND,CAMIONES,SIN DEFINIR,F2000,Estimado,Modelo estadístico,0.02064454428696955,3.0562737616896706e-06
2026-10,FORLAND,CAMIONES,SIN DEFINIR,F2500,Estimado,Modelo estadístico,10.162255417802493,0.0015044475751698763
2026-10,FORLAND,CAMIONES,SIN DEFINIR,F300 PRO,Estimado,Modelo estadístico,3.9942618893199455,0.000591321253690775
2026-10,FORLAND,CAMIONES,SIN DEFINIR,F4000,Estimado,Modelo estadístico,6.634522547374873,0.0009821925299498496
2026-10,FORLAND,CAMIONES,SIN DEFINIR,F4500,Estimado,Modelo estadístico,0.6871423947271849,0.00010172640492117051
2026-10,FORLAND,CAMIONES,SIN DEFINIR,F5000,Estimado,Modelo estadístico,5.374019277728159,0.0007955842417748048
2026-10,FORLAND,CAMIONES,SIN DEFINIR,F6000,Estimado,Modelo estadístico,6.68902461077749,0.0009902611617404048
2026-10,FORLAND,CAMIONES,SIN DEFINIR,X4000,Estimado,Modelo estadístico,3.002386615140423,0.0004444813751637875
2026-10,FORLAND,CAMIONES,[3] MEDIANO [MD],V3000 L5E D90,Estimado,Modelo estadístico,1.1288434483689869,0.00016711701475934408
2026-10,FORLAND,CAMIONES,[4] PESADO [HD],V6000 L7 D120,Estimado,Modelo estadístico,1.6213762946276609,0.00024003289964719045
2026-10,FOTON,BUSETAS,SIN DEFINIR,BJ6750,Estimado,Modelo estadístico,0.13886186718237545,2.055748362711999e-05
2026-10,FOTON,BUSETAS,SIN DEFINIR,H7,Estimado,Modelo estadístico,0.329639823780222,4.880076451304353e-05
2026-10,FOTON,CAMIONES,SIN DEFINIR,5045XXY,Estimado,Modelo estadístico,0.01869769847835951,2.76805748138815e-06
2026-10,FOTON,CAMIONES,[2] LIVIANO [LD],V1,Estimado,Modelo estadístico,0.13886186718237545,2.055748362711999e-05
2026-10,FOTON,MICROBUS,SIN DEFINIR,BJ6608,Estimado,Modelo estadístico,0.4993543732944233,7.392576206431551e-05
2026-10,FOTON,MICROBUS,SIN DEFINIR,GRAND EVIEW,Estimado,Modelo estadístico,1.228764748351977,0.00018190963227256718
2026-10,FOTON,MICROBUS,SIN DEFINIR,TOANO,Estimado,Modelo estadístico,1.6695315339987467,0.0002471619305684799
2026-10,FOTON,MICROBUS,SIN DEFINIR,VIEW,Estimado,Modelo estadístico,11.385115906721136,0.0016854831250244704
2026-10,FOTON,PANEL,SIN DEFINIR,CLW5030,Estimado,Modelo estadístico,0.01869769847835951,2.76805748138815e-06
2026-10,FOTON,PANEL,SIN DEFINIR,VIEW I7,Estimado,Modelo estadístico,4.531173047004051,0.0006708070229467277
2026-10,FOTON,PICK-UP,MEDIUM,TUNLAND,Estimado,Modelo estadístico,23.168974214896306,0.003429997145683982
2026-10,FOTON I,CAMIONES,SIN DEFINIR,AUMAN,Estimado,Modelo estadístico,3.2566355247812044,0.00048212106634184805
2026-10,FOTON I,CAMIONES,SIN DEFINIR,AUMARK,Estimado,Modelo estadístico,10.29746605129816,0.001524464520359365
2026-10,FOTON I,CAMIONES,SIN DEFINIR,BJ 1030,Estimado,Modelo estadístico,0.017939482204605117,2.6558091086001725e-06
2026-10,FOTON I,CAMIONES,SIN DEFINIR,BJ 1040,Estimado,Modelo estadístico,0.017939482204605117,2.6558091086001725e-06
2026-10,FOTON I,CAMIONES,SIN DEFINIR,BJ 1186,Estimado,Modelo estadístico,0.39685127184966557,5.8750927731200074e-05
2026-10,FOTON I,CAMIONES,SIN DEFINIR,BJ 4269,Estimado,Modelo estadístico,0.04458432488166536,6.60038315326184e-06
2026-10,FOTON I,CAMIONES,SIN DEFINIR,E WONDER,Estimado,Modelo estadístico,0.017939482204605117,2.6558091086001725e-06
2026-10,FOTON I,CAMIONES,SIN DEFINIR,EST-A,Estimado,Modelo estadístico,0.017939482204605117,2.6558091086001725e-06
2026-10,FOTON I,CAMIONES,SIN DEFINIR,EV LDT-6T,Estimado,Modelo estadístico,0.017939482204605117,2.6558091086001725e-06
2026-10,FOTON I,CAMIONES,SIN DEFINIR,M2,Estimado,Modelo estadístico,0.13040284507906308,1.9305187284583403e-05
2026-10,FOTON I,CAMIONES,SIN DEFINIR,MILER,Estimado,Modelo estadístico,2.777248654916603,0.00041115134709304436
2026-10,FOTON I,CAMIONES,SIN DEFINIR,PT,Estimado,Modelo estadístico,0.4591761487708122,6.797766983733933e-05
2026-10,FOTON I,CAMIONES,SIN DEFINIR,TM,Estimado,Modelo estadístico,5.486000935039888,0.0008121623069660224
2026-10,FOTON I,CAMIONES,SIN DEFINIR,WONDER,Estimado,Modelo estadístico,0.43526409885915973,6.443766577053486e-05
2026-10,FOTON I,MICROBUS,SIN DEFINIR,BJ 6946,Estimado,Modelo estadístico,0.24286620795352104,3.595456546056663e-05
2026-10,FOTON I,MICROBUS,SIN DEFINIR,BJ6608,Estimado,Modelo estadístico,0.017939482204605117,2.6558091086001725e-06
2026-10,FOTON I,MICROBUS,SIN DEFINIR,BJ6816,Estimado,Modelo estadístico,1.0301097480747268,0.00015250021269244923
2026-10,FOTON II,CAMIONES,SIN DEFINIR,AUMAN,Estimado,Modelo estadístico,2.144189106637472,0.0003174315119589826
2026-10,FOTON II,CAMIONES,SIN DEFINIR,AUMARK,Estimado,Modelo estadístico,0.8592817768172641,0.00012721038119704547
2026-10,FOTON II,CAMIONES,[2] LIVIANO [LD],BJ 1044,Estimado,Modelo estadístico,4.3927769338228355,0.0006503184907923726
2026-10,FOTON II,CAMIONES,[3] MEDIANO [MD],BJ 1065,Estimado,Modelo estadístico,2.8508881380385866,0.00042205313387804806
2026-10,FOTON II,CAMIONES,[4] PESADO [HD],BJ 1108,Estimado,Modelo estadístico,3.1078696040026283,0.0004600973600304355
2026-10,FOTON II,CAMIONES,[4] PESADO [HD],BJ3259DLPKB-1,Estimado,Modelo estadístico,0.8592817768172641,0.00012721038119704547
2026-10,FOTON II,CAMIONES,[4] PESADO [HD],BJ3319DMPKC-AB,Estimado,Modelo estadístico,4.3927769338228355,0.0006503184907923726
2026-10,FREIGHTLINER,CAMIONES,SIN DEFINIR,108 SD,Estimado,Modelo estadístico,0.029767587184624317,4.406873525350741e-06
2026-10,FREIGHTLINER,CAMIONES,SIN DEFINIR,114 SD,Estimado,Modelo estadístico,1.2847420014454902,0.00019019665510547852
2026-10,FREIGHTLINER,CAMIONES,SIN DEFINIR,CASCADIA,Estimado,Modelo estadístico,0.406598179499073,6.01938861076317e-05
2026-10,FREIGHTLINER,CAMIONES,SIN DEFINIR,M2 106,Estimado,Modelo estadístico,2.0810249586341905,0.0003080805219086108
2026-10,FREIGHTLINER,CAMIONES,SIN DEFINIR,M2 112,Estimado,Modelo estadístico,0.2469356664179063,3.65570190171141e-05
2026-10,FUSO,CAMIONES,SIN DEFINIR,CANTER,Estimado,Modelo estadístico,23.30663397621981,0.003450376666332401
2026-10,GAC,PASAJEROS,SIN DEFINIR,M6,Estimado,Modelo estadístico,0.46684568003654026,6.911308783669416e-05
2026-10,GAC,PICK-UP,MEDIUM,01,Estimado,Modelo estadístico,0.10752539431077443,1.591834805260288e-05
2026-10,GAC,SUV,MEDIUM,GS8,Estimado,Modelo estadístico,1.27360537482047,0.00018854795900084874
2026-10,GAC,SUV,SIN DEFINIR,EMKOO,Estimado,Modelo estadístico,0.46647605977849604,6.90583682613552e-05
2026-10,GAC,SUV,SIN DEFINIR,EMZOOM,Estimado,Modelo estadístico,2.1914315298994866,0.0003244254071328018
2026-10,GAC,SUV,SIN DEFINIR,GS3,Estimado,Modelo estadístico,1.0143072872981125,0.00015016077397341776
2026-10,GAC,SUV,SIN DEFINIR,GS4,Estimado,Modelo estadístico,2.363148203385844,0.0003498468044921147
2026-10,GAZ,MICROBUS,SIN DEFINIR,SOBOL,Estimado,Modelo estadístico,0.013985511893890095,2.0704527283788985e-06
2026-10,GEELY,AUTOMOVILES,HB,PANDA MINI EV,Estimado,Modelo estadístico,0.018268469907202975,2.7045133313425963e-06
2026-10,GEELY,CAMIONES,SIN DEFINIR,FARIZON E200,Estimado,Modelo estadístico,0.018268469907202975,2.7045133313425963e-06
2026-10,GEELY,CAMIONES,SIN DEFINIR,FARIZON F1E,Estimado,Modelo estadístico,0.34010841311198475,5.035056258326616e-05
2026-10,GEELY,CAMIONES,SIN DEFINIR,FARIZON H9E,Estimado,Modelo estadístico,0.1040586906604048,1.5405127936968456e-05
2026-10,GEELY,CAMIONES,SIN DEFINIR,FARIZON LE17,Estimado,Modelo estadístico,2.2104848587715598,0.00032724611309245413
2026-10,GEELY,CAMIONES,SIN DEFINIR,FENGRUI F3E,Estimado,Modelo estadístico,0.018268469907202975,2.7045133313425963e-06
2026-10,GEELY,PANEL,SIN DEFINIR,FARIZON E6,Estimado,Modelo estadístico,0.09367318791097212,1.3867630227460706e-05
2026-10,GEELY,PANEL,SIN DEFINIR,FARIZON V5E,Estimado,Modelo estadístico,0.34010841311198475,5.035056258326616e-05
2026-10,GEELY,PANEL,SIN DEFINIR,FARIZON V6E,Estimado,Modelo estadístico,3.551232044716761,0.0005257339260712064
2026-10,GEELY,PANEL,SIN DEFINIR,FARIZON V7E,Estimado,Modelo estadístico,0.2328284320437242,3.446854616595831e-05
2026-10,GEELY,PICK-UP,MEDIUM,RIDDARA RD6,Estimado,Modelo estadístico,26.02031698663519,0.0038521175847556002
2026-10,GEELY,SUV,LARGE,M9,Estimado,Modelo estadístico,0.44738839418024534,6.6232579000574e-05
2026-10,GEELY,SUV,SIN DEFINIR,ASKARRA,Estimado,Modelo estadístico,1.8279817019976625,0.0002706193188381772
2026-10,GEELY,SUV,SIN DEFINIR,CITRAY,Estimado,Modelo estadístico,0.554668375248506,8.211459541788188e-05
2026-10,GEELY,SUV,SIN DEFINIR,COOLRAY,Estimado,Modelo estadístico,78.34442880633652,0.011598319575719676
2026-10,GEELY,SUV,SIN DEFINIR,EX3,Estimado,Modelo estadístico,0.018268469907202975,2.7045133313425963e-06
2026-10,GEELY,SUV,SIN DEFINIR,EX5,Estimado,Modelo estadístico,120.03806978153916,0.017770758122704258
2026-10,GEELY,SUV,SIN DEFINIR,GEOME,Estimado,Modelo estadístico,80.83521205527772,0.011967061815024034
2026-10,GEELY,SUV,SIN DEFINIR,GEOMETRY C,Estimado,Modelo estadístico,2.2050052920165086,0.00032643490331876783
2026-10,GEELY,SUV,SIN DEFINIR,GEOMETRY E,Estimado,Modelo estadístico,28.822870747347014,0.00426701516764846
2026-10,GEELY,SUV,SIN DEFINIR,GX3,Estimado,Modelo estadístico,72.04312032293812,0.010665456950397464
2026-10,GEELY,SUV,SIN DEFINIR,STARRAY,Estimado,Modelo estadístico,21.121756067821043,0.0031269214749214025
2026-10,GEELY,SUV,SMALL,OKAVANGO,Estimado,Modelo estadístico,14.843123008401909,0.002197415780242934
2026-10,GMC,PICK-UP,LARGE,SIERRA,Estimado,Modelo estadístico,0.05110844920524319,7.5662320337691094e-06
2026-10,GMC,PICK-UP,MEDIUM,HUMMER,Estimado,Modelo estadístico,0.010221689841048641,1.5132464067538222e-06
2026-10,GOLDEN DRAGON,BUS,SIN DEFINIR,XML6122C,Estimado,Modelo estadístico,0.5525635299977386,8.180298847597433e-05
2026-10,GOLDEN DRAGON,BUSETAS,SIN DEFINIR,XML SERIES,Estimado,Modelo estadístico,1.718098391521072,0.00025435189854597075
2026-10,GREATWALL,AUTOMOVILES,HB,ORA3,Estimado,Modelo estadístico,0.710316929768194,0.00010515722530648167
2026-10,GREATWALL,PICK-UP,MEDIUM,POER,Estimado,Modelo estadístico,32.77938615394275,0.004852748330696862
2026-10,GREATWALL,PICK-UP,MEDIUM,WINGLE,Estimado,Modelo estadístico,8.821692294133468,0.0013059870112646504
2026-10,GREATWALL I,SUV,LARGE,TANK 500,Estimado,Modelo estadístico,2.7030328609353864,0.0004001642417011891
2026-10,GREATWALL I,SUV,SIN DEFINIR,ORA GOOD CAT,Estimado,Modelo estadístico,1.283389352922455,0.00018999640538660485
2026-10,GREATWALL I,SUV,SMALL,TANK 300,Estimado,Modelo estadístico,3.520035119101971,0.0005211154494472371
2026-10,GREATWALL I,SUV,SMALL,TANK 300 HEV,Estimado,Modelo estadístico,0.2667262470183991,3.948686970197848e-05
2026-10,GROVE,CAMIONES,[4] PESADO [HD],TMC250,Estimado,Modelo estadístico,0.06133013904629184,9.079478440522932e-06
2026-10,HAVAL,SUV,MEDIUM,H9,Estimado,Modelo estadístico,2.818139123724189,0.0004172048818760183
2026-10,HAVAL,SUV,SIN DEFINIR,H6,Estimado,Modelo estadístico,7.061451599810402,0.0010453962530703118
2026-10,HAVAL,SUV,SIN DEFINIR,JOLION,Estimado,Modelo estadístico,9.362116391138333,0.0013859928454890132
2026-10,HAVAL,SUV,SMALL,H7,Estimado,Modelo estadístico,1.8035817232506455,0.00026700708047661825
2026-10,HENGWANG,CAMIONES,[4] PESADO [HD],HWQY16T-3,Estimado,Modelo estadístico,0.06133013904629184,9.079478440522932e-06
2026-10,HIGER,BUS,SIN DEFINIR,KLQ6126G,Estimado,Modelo estadístico,0.23802964906307691,3.5238548297472295e-05
2026-10,HIGER,BUS,SIN DEFINIR,KLQ6136G,Estimado,Modelo estadístico,0.23802964906307691,3.5238548297472295e-05
2026-10,HIGER,BUSETAS,SIN DEFINIR,KLQ6540,Estimado,Modelo estadístico,2.3380910960237498,0.0003461372830461535
2026-10,HIGER,BUSETAS,SIN DEFINIR,KLQ6600,Estimado,Modelo estadístico,2.150948531030207,0.0003184321952934498
2026-10,HIGER,BUSETAS,SIN DEFINIR,KLQ6886,Estimado,Modelo estadístico,0.1335109588321958,1.9765320789106536e-05
2026-10,HINO,CAMIONES,SIN DEFINIR,FC9JJSA,Estimado,Modelo estadístico,2.1410206381417494,0.00031696244337632904
2026-10,HINO,CAMIONES,SIN DEFINIR,FG8JM7A,Estimado,Modelo estadístico,0.017574252854169404,2.601739575012057e-06
2026-10,HINO,CAMIONES,SIN DEFINIR,FG8JP7A,Estimado,Modelo estadístico,4.910929336374259,0.0007270271635759093
2026-10,HINO,CAMIONES,SIN DEFINIR,FM8JR7A,Estimado,Modelo estadístico,1.9422338206910446,0.0002875335092279567
2026-10,HINO,CAMIONES,SIN DEFINIR,GD8JLSA,Estimado,Modelo estadístico,2.1053096441554335,0.00031167569195149266
2026-10,HINO,CAMIONES,SIN DEFINIR,GH8JM7A,Estimado,Modelo estadístico,0.7097886392257057,0.00010507901575624349
2026-10,HINO,CAMIONES,SIN DEFINIR,LY230L,Estimado,Modelo estadístico,14.253599146731476,0.0021101410850368723
2026-10,HINO,CAMIONES,SIN DEFINIR,SH1EEVA,Estimado,Modelo estadístico,0.017574252854169404,2.601739575012057e-06
2026-10,HINO,CAMIONES,SIN DEFINIR,SS1EKVA,Estimado,Modelo estadístico,0.3352592932333072,4.9632685857750634e-05
2026-10,HINO,CAMIONES,SIN DEFINIR,WU600L,Estimado,Modelo estadístico,0.017574252854169404,2.601739575012057e-06
2026-10,HINO,CAMIONES,SIN DEFINIR,WU650L,Estimado,Modelo estadístico,0.017574252854169404,2.601739575012057e-06
2026-10,HINO,CAMIONES,SIN DEFINIR,XZU600L,Estimado,Modelo estadístico,17.460091108271556,0.002584838763653557
2026-10,HINO,CAMIONES,SIN DEFINIR,XZU650L,Estimado,Modelo estadístico,3.001688711875295,0.0004443780556907219
2026-10,HINO,CAMIONES,SIN DEFINIR,XZU710L,Estimado,Modelo estadístico,9.84798033985814,0.0014579214488808809
2026-10,HINO,CAMIONES,SIN DEFINIR,XZU720L,Estimado,Modelo estadístico,2.577940405840736,0.0003816452188069693
2026-10,HINO,CAMIONES,SIN DEFINIR,XZU730L,Estimado,Modelo estadístico,7.208543777312884,0.0010671721739335485
2026-10,HONDA,AUTOMOVILES,HB,CIVIC,Estimado,Modelo estadístico,0.6772632422653785,0.00010026386866766705
2026-10,HONDA,AUTOMOVILES,SD,ACCORD,Estimado,Modelo estadístico,0.0170055082892107,2.517541102678423e-06
2026-10,HONDA,AUTOMOVILES,SD,CITY,Estimado,Modelo estadístico,0.0170055082892107,2.517541102678423e-06
2026-10,HONDA,AUTOMOVILES,SD,CIVIC,Estimado,Modelo estadístico,0.25695470048823477,3.8040263719490366e-05
2026-10,HONDA,PASAJEROS,SIN DEFINIR,ODYSSEY,Estimado,Modelo estadístico,0.7572959646910324,0.0001121121277634373
2026-10,HONDA,PICK-UP,MEDIUM,RIDGELINE,Estimado,Modelo estadístico,0.5772512437581266,8.545782390140937e-05
2026-10,HONDA,SUV,MEDIUM,PILOT,Estimado,Modelo estadístico,7.96138557647064,0.0011786248950731173
2026-10,HONDA,SUV,SIN DEFINIR,BR-V,Estimado,Modelo estadístico,0.9076202518524551,0.00013436653881799103
2026-10,HONDA,SUV,SIN DEFINIR,CR-V,Estimado,Modelo estadístico,29.2919417223596,0.004336457694127769
2026-10,HONDA,SUV,SIN DEFINIR,CR-V HEV,Estimado,Modelo estadístico,1.8281872310487588,0.0002706497459106957
2026-10,HONDA,SUV,SIN DEFINIR,ENP1,Estimado,Modelo estadístico,0.0170055082892107,2.517541102678423e-06
2026-10,HONDA,SUV,SIN DEFINIR,ENP2,Estimado,Modelo estadístico,0.8174489163080644,0.00012101733221647827
2026-10,HONDA,SUV,SIN DEFINIR,HR-V,Estimado,Modelo estadístico,14.083882199777657,0.0020850157325622027
2026-10,HONDA,SUV,SIN DEFINIR,NS-1,Estimado,Modelo estadístico,0.7974696402264664,0.00011805954654599083
2026-10,HUANGHAI,PICK-UP,LARGE,N7,Estimado,Modelo estadístico,0.07593255310493274,1.124125902159982e-05
2026-10,HUANGHAI,PICK-UP,MEDIUM,N2,Estimado,Modelo estadístico,0.26284345305553647,3.8912050459384e-05
2026-10,HUANGHAI,PICK-UP,MEDIUM,N3,Estimado,Modelo estadístico,0.029204828117281822,4.323561162153776e-06
2026-10,HYCAN,AUTOMOVILES,SD,A06 PLUS,Estimado,Modelo estadístico,0.12656691350654203,1.8737305676068903e-05
2026-10,HYCAN,SUV,SIN DEFINIR,Z03,Estimado,Modelo estadístico,0.3296303131983566,4.879935654097064e-05
2026-10,HYPER,AUTOMOVILES,SD,GT560,Estimado,Modelo estadístico,0.17092848318464474,2.5304711550953226e-05
2026-10,HYPER,AUTOMOVILES,SD,SSR,Estimado,Modelo estadístico,0.1389196249382609,2.0566034240366425e-05
2026-10,HYPER,SUV,MEDIUM,HT,Estimado,Modelo estadístico,2.053472592401769,0.00030400159564033933
2026-10,HYUNDAI,AUTOMOVILES,HB,I10 HB,Estimado,Modelo estadístico,26.30617333806191,0.0038944365264737403
2026-10,HYUNDAI,AUTOMOVILES,HB,I20 HB,Estimado,Modelo estadístico,0.017258445298365063,2.554986576586349e-06
2026-10,HYUNDAI,AUTOMOVILES,SD,ACCENT,Estimado,Modelo estadístico,8.79479651734449,0.001302005288260365
2026-10,HYUNDAI,AUTOMOVILES,SD,ELANTRA,Estimado,Modelo estadístico,0.017258445298365063,2.554986576586349e-06
2026-10,HYUNDAI,AUTOMOVILES,SD,I10 SD,Estimado,Modelo estadístico,24.74587771661551,0.00366344617367066
2026-10,HYUNDAI,AUTOMOVILES,SD,IONIQ 6,Estimado,Modelo estadístico,0.017258445298365063,2.554986576586349e-06
2026-10,HYUNDAI,AUTOMOVILES,SD,IONIQ EV,Estimado,Modelo estadístico,0.017258445298365063,2.554986576586349e-06
2026-10,HYUNDAI,AUTOMOVILES,SD,VERNA,Estimado,Modelo estadístico,0.017258445298365063,2.554986576586349e-06
2026-10,HYUNDAI,BUSETAS,SIN DEFINIR,COUNTY,Estimado,Modelo estadístico,4.2170598748239225,0.0006243048656217446
2026-10,HYUNDAI,CAMIONES,SIN DEFINIR,EX6 MIGHTY,Estimado,Modelo estadístico,2.6261927621893264,0.0003887886271863434
2026-10,HYUNDAI,CAMIONES,SIN DEFINIR,EX8 MIGHTY,Estimado,Modelo estadístico,0.017258445298365063,2.554986576586349e-06
2026-10,HYUNDAI,CAMIONES,SIN DEFINIR,EX9 MIGHTY,Estimado,Modelo estadístico,2.459844996865782,0.0003641620574056311
2026-10,HYUNDAI,CAMIONES,SIN DEFINIR,H100,Estimado,Modelo estadístico,10.200765174684163,0.0015101486629677204
2026-10,HYUNDAI,CAMIONES,SIN DEFINIR,HD36,Estimado,Modelo estadístico,0.017258445298365063,2.554986576586349e-06
2026-10,HYUNDAI,MICROBUS,SIN DEFINIR,STARIA,Estimado,Modelo estadístico,16.65931694042849,0.002466290005967373
2026-10,HYUNDAI,PANEL,SIN DEFINIR,STARIA,Estimado,Modelo estadístico,6.049989402785246,0.0008956566738992595
2026-10,HYUNDAI,PASAJEROS,SIN DEFINIR,STARGAZER,Estimado,Modelo estadístico,0.6307769853316361,9.338191838720306e-05
2026-10,HYUNDAI,SUV,MEDIUM,PALISADE,Estimado,Modelo estadístico,0.7798339102348784,0.00011544870573050456
2026-10,HYUNDAI,SUV,MEDIUM,PALISADE HV,Estimado,Modelo estadístico,1.494802940104769,0.0002212946404257686
2026-10,HYUNDAI,SUV,SIN DEFINIR,CRETA,Estimado,Modelo estadístico,64.45728656112782,0.009542429754229514
2026-10,HYUNDAI,SUV,SIN DEFINIR,CRETA GRAND,Estimado,Modelo estadístico,16.064006020849295,0.002378158579171693
2026-10,HYUNDAI,SUV,SIN DEFINIR,IONIQ 5,Estimado,Modelo estadístico,0.6654574709746415,9.85161105902382e-05
2026-10,HYUNDAI,SUV,SIN DEFINIR,KONA,Estimado,Modelo estadístico,21.17935871153558,0.0031354491249456187
2026-10,HYUNDAI,SUV,SIN DEFINIR,SANTA FE,Estimado,Modelo estadístico,6.756967871431943,0.0010003196644583802
2026-10,HYUNDAI,SUV,SIN DEFINIR,TUCSON,Estimado,Modelo estadístico,114.61200288747708,0.01696746861207252
2026-10,HYUNDAI,SUV,SIN DEFINIR,TUCSON HEV,Estimado,Modelo estadístico,0.017258445298365063,2.554986576586349e-06
2026-10,HYUNDAI,SUV,SIN DEFINIR,VENUE,Estimado,Modelo estadístico,43.19819950085306,0.006395177430485839
2026-10,IM,SUV,SIN DEFINIR,LS6,Estimado,Modelo estadístico,0.136398925160422,2.019286307780564e-05
2026-10,IM,SUV,SIN DEFINIR,LS7,Estimado,Modelo estadístico,0.136398925160422,2.019286307780564e-05
2026-10,INEOS,SUV,MEDIUM,GRENADIER,Estimado,Modelo estadístico,0.013985511893890095,2.0704527283788985e-06
2026-10,INTERNATIONAL,CAMIONES,SIN DEFINIR,SERIE HV,Estimado,Modelo estadístico,3.202412563919596,0.0004740937536407845
2026-10,INTERNATIONAL,CAMIONES,SIN DEFINIR,SERIE HX,Estimado,Modelo estadístico,0.0989823800554186,1.4653617286379823e-05
2026-10,INTERNATIONAL,CAMIONES,SIN DEFINIR,SERIE LT,Estimado,Modelo estadístico,0.22578696872194298,3.342610903123097e-05
2026-10,INTERNATIONAL,CAMIONES,SIN DEFINIR,SERIE MV,Estimado,Modelo estadístico,0.29592444742447094,4.380944967997098e-05
2026-10,INTERNATIONAL,CAMIONES,SIN DEFINIR,SERIE PROSTAR,Estimado,Modelo estadístico,0.5604860587865734,8.297586090788506e-05
2026-10,ISUZU,BUSETAS,SIN DEFINIR,B700,Estimado,Modelo estadístico,0.01742917099679671,2.580261267338042e-06
2026-10,ISUZU,CAMIONES,SIN DEFINIR,ELF,Estimado,Modelo estadístico,0.8041313280292901,0.00011904576069328925
2026-10,ISUZU,CAMIONES,SIN DEFINIR,ELF EV,Estimado,Modelo estadístico,0.01742917099679671,2.580261267338042e-06
2026-10,ISUZU,CAMIONES,SIN DEFINIR,FRR,Estimado,Modelo estadístico,5.112567522848207,0.0007568782220496963
2026-10,ISUZU,CAMIONES,SIN DEFINIR,FTR,Estimado,Modelo estadístico,2.499029786446811,0.0003699630788565827
2026-10,ISUZU,CAMIONES,SIN DEFINIR,FVR,Estimado,Modelo estadístico,2.3207520758500126,0.00034357036794869367
2026-10,ISUZU,CAMIONES,SIN DEFINIR,FVZ,Estimado,Modelo estadístico,3.5655737952844793,0.0005278571173292707
2026-10,ISUZU,CAMIONES,SIN DEFINIR,FXR,Estimado,Modelo estadístico,0.14934268456109281,2.2109091970243027e-05
2026-10,ISUZU,CAMIONES,SIN DEFINIR,GIGA,Estimado,Modelo estadístico,0.46354351673810457,6.862422671650981e-05
2026-10,ISUZU,CAMIONES,SIN DEFINIR,KV100,Estimado,Modelo estadístico,0.12216278172246733,1.8085306182760305e-05
2026-10,ISUZU,CAMIONES,SIN DEFINIR,KV600,Estimado,Modelo estadístico,0.11416717307771873,1.6901614812778927e-05
2026-10,ISUZU,CAMIONES,SIN DEFINIR,M100,Estimado,Modelo estadístico,0.7033837179324509,0.00010413081401237562
2026-10,ISUZU,CAMIONES,SIN DEFINIR,M600,Estimado,Modelo estadístico,1.4940954829808615,0.0002211899065737996
2026-10,ISUZU,CAMIONES,SIN DEFINIR,NKR - ELF,Estimado,Modelo estadístico,0.3899758094798908,5.7733065823078885e-05
2026-10,ISUZU,CAMIONES,SIN DEFINIR,NLR,Estimado,Modelo estadístico,14.263572324719814,0.0021116175410817585
2026-10,ISUZU,CAMIONES,SIN DEFINIR,NMR,Estimado,Modelo estadístico,12.386362940302492,0.0018337104239741391
2026-10,ISUZU,CAMIONES,SIN DEFINIR,NPR,Estimado,Modelo estadístico,5.482758997545032,0.0008116823618354912
2026-10,ISUZU,CAMIONES,SIN DEFINIR,NPS,Estimado,Modelo estadístico,7.668528769280886,0.001135269587089342
2026-10,ISUZU,CAMIONES,SIN DEFINIR,NQR,Estimado,Modelo estadístico,16.133529584062153,0.002388451034123132
2026-10,ISUZU,CAMIONES,SIN DEFINIR,NZR,Estimado,Modelo estadístico,4.971025338416088,0.0007359239370609418
2026-10,ISUZU,CAMIONES,SIN DEFINIR,NZS,Estimado,Modelo estadístico,0.14934268456109281,2.2109091970243027e-05
2026-10,ISUZU,CAMIONES,SIN DEFINIR,QKR77,Estimado,Modelo estadístico,0.01742917099679671,2.580261267338042e-06
2026-10,ISUZU,CAMIONES,SIN DEFINIR,QLR77,Estimado,Modelo estadístico,22.906782253317136,0.0033911815437718514
2026-10,ISUZU,PICK-UP,MEDIUM,D-MAX,Estimado,Modelo estadístico,105.66795133874884,0.015643367208253614
2026-10,ISUZU,SUV,SMALL,MU-X,Estimado,Modelo estadístico,11.513249946233008,0.0017044524322417103
2026-10,IVECO,BUS,SIN DEFINIR,GRAN V,Estimado,Modelo estadístico,0.5549773027408809,8.216032987324623e-05
2026-10,IVECO,BUSETAS,SIN DEFINIR,GRAN MICRO S3,Estimado,Modelo estadístico,0.01855139594341245,2.746398461328811e-06
2026-10,IVECO,CAMIONES,SIN DEFINIR,AD380T42H,Estimado,Modelo estadístico,0.01855139594341245,2.746398461328811e-06
2026-10,IVECO,CAMIONES,SIN DEFINIR,DAILY,Estimado,Modelo estadístico,0.3683457893342617,5.4530899569516636e-05
2026-10,IVECO,CAMIONES,SIN DEFINIR,EUROCARGO ML11,Estimado,Modelo estadístico,0.7371386002575213,0.00010912797741520987
2026-10,IVECO,CAMIONES,SIN DEFINIR,EUROCARGO ML15,Estimado,Modelo estadístico,0.23312175866239984,3.451197102609578e-05
2026-10,IVECO,CAMIONES,SIN DEFINIR,EUROCARGO ML16,Estimado,Modelo estadístico,0.5180980216485549,7.67006220886769e-05
2026-10,IVECO,CAMIONES,SIN DEFINIR,ML 150 E24,Estimado,Modelo estadístico,0.01855139594341245,2.746398461328811e-06
2026-10,IVECO,CAMIONES,SIN DEFINIR,ML 180 E28,Estimado,Modelo estadístico,0.08895729621058021,1.3169476959142976e-05
2026-10,IVECO,CAMIONES,SIN DEFINIR,S WAY,Estimado,Modelo estadístico,0.09678017401804327,1.4327596792233436e-05
2026-10,IVECO,CAMIONES,SIN DEFINIR,T WAY,Estimado,Modelo estadístico,2.3028317157226326,0.0003409173897237439
2026-10,IVECO,CAMIONES,SIN DEFINIR,TECTOR,Estimado,Modelo estadístico,0.8779504007918567,0.00012997413441083819
2026-10,IVECO,CAMIONES,SIN DEFINIR,TRAKKER,Estimado,Modelo estadístico,0.01855139594341245,2.746398461328811e-06
2026-10,IVECO,MICROBUS,SIN DEFINIR,DAILY,Estimado,Modelo estadístico,0.23312175866239984,3.451197102609578e-05
2026-10,IVECO,PANEL,SIN DEFINIR,DAILY,Estimado,Modelo estadístico,0.3683457893342617,5.4530899569516636e-05
2026-10,JAC,AUTOMOVILES,HB,E-JS1,Estimado,Modelo estadístico,0.014414928014647206,2.1340246437708452e-06
2026-10,JAC,AUTOMOVILES,HB,E30X,Estimado,Modelo estadístico,2.9609583499402135,0.00043834822355900055
2026-10,JAC,AUTOMOVILES,SD,E-J7,Estimado,Modelo estadístico,0.04903277787174679,7.258944076899044e-06
2026-10,JAC,MICROBUS,SIN DEFINIR,M4,Estimado,Modelo estadístico,0.6507765172324255,9.634270278354541e-05
2026-10,JAC,PASAJEROS,SIN DEFINIR,RF8,Estimado,Modelo estadístico,0.07860092379538546,1.1636291782523482e-05
2026-10,JAC,PICK-UP,MEDIUM,T8,Estimado,Modelo estadístico,9.662011587283809,0.0014303901354701105
2026-10,JAC,PICK-UP,MEDIUM,T8 BEV,Estimado,Modelo estadístico,0.07860092379538546,1.1636291782523482e-05
2026-10,JAC,PICK-UP,MEDIUM,T9,Estimado,Modelo estadístico,6.709162107855557,0.0009932423708719934
2026-10,JAC,SUV,MEDIUM,JS8,Estimado,Modelo estadístico,0.6884576397766334,0.00010192111732939543
2026-10,JAC,SUV,SIN DEFINIR,E-JS4,Estimado,Modelo estadístico,0.36059342658564303,5.3383218975052826e-05
2026-10,JAC,SUV,SIN DEFINIR,JS2,Estimado,Modelo estadístico,11.231235943032086,0.001662702322070663
2026-10,JAC,SUV,SIN DEFINIR,JS3,Estimado,Modelo estadístico,0.1723550654997623,2.551590662690054e-05
2026-10,JAC,SUV,SIN DEFINIR,JS4,Estimado,Modelo estadístico,0.8740813928315488,0.00012940135608507388
2026-10,JAC,SUV,SIN DEFINIR,JS5,Estimado,Modelo estadístico,0.11826847758594594,1.7508782943155437e-05
2026-10,JAC I,CAMIONES,SIN DEFINIR,HFC1012K,Estimado,Modelo estadístico,3.7778094730872627,0.0005592770568709968
2026-10,JAC I,CAMIONES,SIN DEFINIR,HFC1035K,Estimado,Modelo estadístico,14.999857068677132,0.002220619111317895
2026-10,JAC I,CAMIONES,SIN DEFINIR,HFC1042,Estimado,Modelo estadístico,13.884458272698486,0.002055492478993952
2026-10,JAC I,CAMIONES,SIN DEFINIR,HFC1070K,Estimado,Modelo estadístico,0.019227197911348793,2.8464459990216507e-06
2026-10,JAC I,CAMIONES,SIN DEFINIR,HFC1085K,Estimado,Modelo estadístico,0.019227197911348793,2.8464459990216507e-06
2026-10,JAC I,CAMIONES,SIN DEFINIR,HFC1090K,Estimado,Modelo estadístico,0.11786539849539653,1.7449110032423787e-05
2026-10,JAC I,CAMIONES,SIN DEFINIR,HFC1091K,Estimado,Modelo estadístico,0.019227197911348793,2.8464459990216507e-06
2026-10,JAC I,CAMIONES,SIN DEFINIR,HFC1171K,Estimado,Modelo estadístico,0.6678266794746599,9.886685457731419e-05
2026-10,JAC I,CAMIONES,SIN DEFINIR,N55 EV,Estimado,Modelo estadístico,0.019227197911348793,2.8464459990216507e-06
2026-10,JAC I,CAMIONES,SIN DEFINIR,N75,Estimado,Modelo estadístico,4.571234710698316,0.0006767378591955906
2026-10,JAC I,CAMIONES,SIN DEFINIR,N90,Estimado,Modelo estadístico,5.778988452035293,0.0008555369655803496
2026-10,JAC I,CAMIONES,[2] LIVIANO [LD],N45,Estimado,Modelo estadístico,0.112860976440789,1.6708241955836023e-05
2026-10,JAC I,MICROBUS,SIN DEFINIR,SUNRAY,Estimado,Modelo estadístico,4.9476023709042405,0.0007324563380656686
2026-10,JAC I,PANEL,SIN DEFINIR,REFINE,Estimado,Modelo estadístico,0.019227197911348793,2.8464459990216507e-06
2026-10,JAC I,PANEL,SIN DEFINIR,SUNRAY,Estimado,Modelo estadístico,1.5974384072561125,0.00023648907053345586
2026-10,JAECOO,SUV,SIN DEFINIR,J5,Estimado,Modelo estadístico,7.4415825866901075,0.0011016718649247688
2026-10,JAECOO,SUV,SIN DEFINIR,J5 BEV,Estimado,Modelo estadístico,2.0355684215746184,0.0003013510141228597
2026-10,JAECOO,SUV,SIN DEFINIR,J7,Estimado,Modelo estadístico,3.270936006931678,0.00048423814811262807
2026-10,JAECOO,SUV,SMALL,J8,Estimado,Modelo estadístico,2.5939530900412504,0.00038401577956607237
2026-10,JAGUAR,AUTOMOVILES,SD,FTYPE,Estimado,Modelo estadístico,0.023342077966441267,3.455623889803049e-06
2026-10,JAGUAR,SUV,SIN DEFINIR,E PACE,Estimado,Modelo estadístico,0.023342077966441267,3.455623889803049e-06
2026-10,JAGUAR,SUV,SIN DEFINIR,E PACE HV,Estimado,Modelo estadístico,0.023342077966441267,3.455623889803049e-06
2026-10,JAGUAR,SUV,SIN DEFINIR,F PACE,Estimado,Modelo estadístico,0.023342077966441267,3.455623889803049e-06
2026-10,JAGUAR,SUV,SIN DEFINIR,F PACE HV,Estimado,Modelo estadístico,0.029431315696817253,4.357090991490802e-06
2026-10,JAGUAR,SUV,SIN DEFINIR,I PACE,Estimado,Modelo estadístico,0.047699028887945194,7.061492296554056e-06
2026-10,JEEP,PICK-UP,LARGE,GLADIATOR,Estimado,Modelo estadístico,0.34171015692231205,5.0587689037229206e-05
2026-10,JEEP,SUV,MEDIUM,GRAND CHEROKEE,Estimado,Modelo estadístico,0.9786494050880721,0.00014488188535853304
2026-10,JEEP,SUV,SIN DEFINIR,AVENGER,Estimado,Modelo estadístico,2.093674164573987,0.00030995314431589785
2026-10,JEEP,SUV,SIN DEFINIR,COMPASS,Estimado,Modelo estadístico,6.026687663277996,0.0008922070218232538
2026-10,JEEP,SUV,SIN DEFINIR,RENEGADE,Estimado,Modelo estadístico,1.4871033797648745,0.00022015477684165358
2026-10,JEEP,SUV,SMALL,COMMANDER,Estimado,Modelo estadístico,0.6384779575860191,9.452199099492958e-05
2026-10,JEEP,SUV,SMALL,WRANGLER,Estimado,Modelo estadístico,1.889038890288419,0.0002796583889160461
2026-10,JETOUR,SUV,LARGE,G700,Estimado,Modelo estadístico,1.132826217448426,0.00016770663458660478
2026-10,JETOUR,SUV,SIN DEFINIR,DASHING,Estimado,Modelo estadístico,6.842003355359632,0.0010129085457980774
2026-10,JETOUR,SUV,SIN DEFINIR,X50,Estimado,Modelo estadístico,13.458924678661283,0.0019924953432812354
2026-10,JETOUR,SUV,SIN DEFINIR,X70,Estimado,Modelo estadístico,5.659231497408246,0.0008378078244998405
2026-10,JETOUR,SUV,SMALL,T1,Estimado,Modelo estadístico,4.680250272864843,0.0006928768156982877
2026-10,JETOUR,SUV,SMALL,T2,Estimado,Modelo estadístico,2.6766990451056007,0.00039626571290602737
2026-10,JMC,AUTOMOVILES,HB,EV EASY,Estimado,Modelo estadístico,0.018809732229684743,2.784643258716986e-06
2026-10,JMC,CAMIONES,SIN DEFINIR,JX1031,Estimado,Modelo estadístico,1.2123418287049301,0.00017947833915657972
2026-10,JMC,CAMIONES,SIN DEFINIR,JX1033,Estimado,Modelo estadístico,0.018809732229684743,2.784643258716986e-06
2026-10,JMC,CAMIONES,SIN DEFINIR,JX1034,Estimado,Modelo estadístico,0.04692589722868567,6.947035810051813e-06
2026-10,JMC,CAMIONES,SIN DEFINIR,JX1035,Estimado,Modelo estadístico,0.018809732229684743,2.784643258716986e-06
2026-10,JMC,CAMIONES,SIN DEFINIR,JX1044,Estimado,Modelo estadístico,4.650687130313755,0.0006885002087053685
2026-10,JMC,CAMIONES,SIN DEFINIR,JX1054,Estimado,Modelo estadístico,2.6869001127169265,0.0003977759063425275
2026-10,JMC,CAMIONES,SIN DEFINIR,JX1079,Estimado,Modelo estadístico,0.41785291804119334,6.186006781757e-05
2026-10,JMC,CAMIONES,SIN DEFINIR,JX1083,Estimado,Modelo estadístico,0.018809732229684743,2.784643258716986e-06
2026-10,JMC,CAMIONES,SIN DEFINIR,N601,Estimado,Modelo estadístico,1.0382417524764789,0.00015370409645648598
2026-10,JMC,CAMIONES,SIN DEFINIR,N720,Estimado,Modelo estadístico,0.018809732229684743,2.784643258716986e-06
2026-10,JMC,CAMIONES,SIN DEFINIR,N801 EV,Estimado,Modelo estadístico,0.018809732229684743,2.784643258716986e-06
2026-10,JMC,CAMIONES,SIN DEFINIR,N822,Estimado,Modelo estadístico,13.37336919746269,0.001979829480149491
2026-10,JMC,MICROBUS,SIN DEFINIR,N520,Estimado,Modelo estadístico,0.2772720930461887,4.104810506089586e-05
2026-10,JMC,MICROBUS,SIN DEFINIR,TOURING BUS,Estimado,Modelo estadístico,1.5832688495174378,0.0002343913711640979
2026-10,JMC,PANEL,SIN DEFINIR,TOURING VAN,Estimado,Modelo estadístico,0.9433580099171018,0.00013965725246883843
2026-10,JMC,PICK-UP,MEDIUM,GRAND AVENUE,Estimado,Modelo estadístico,17.863238953454267,0.0026445218530057085
2026-10,JMC,PICK-UP,MEDIUM,VIGUS,Estimado,Modelo estadístico,2.6081177455897278,0.00038611275320203235
2026-10,JMC,PICK-UP,MEDIUM,VIGUS T500,Estimado,Modelo estadístico,0.018809732229684743,2.784643258716986e-06
2026-10,JMC,SUV,SIN DEFINIR,EWIND,Estimado,Modelo estadístico,0.1207529342543642,1.7876588578493892e-05
2026-10,JMEV,AUTOMOVILES,HB,EV2-EV3,Estimado,Modelo estadístico,0.1080089701358648,1.5989937916029607e-05
2026-10,JMEV,AUTOMOVILES,SD,GSE,Estimado,Modelo estadístico,0.021601794027172962,3.197987583205922e-06
2026-10,JOYLONG,MICROBUS,SIN DEFINIR,A5,Estimado,Modelo estadístico,0.49272007812450264,7.294360319593444e-05
2026-10,JOYLONG,MICROBUS,SIN DEFINIR,A6,Estimado,Modelo estadístico,1.2291458037562077,0.00018196604473764811
2026-10,KAIYI,AUTOMOVILES,HB,E-QUTE 04,Estimado,Modelo estadístico,0.02198225265289424,3.2543116995941132e-06
2026-10,KAIYI,SUV,SIN DEFINIR,FX12,Estimado,Modelo estadístico,0.02198225265289424,3.2543116995941132e-06
2026-10,KAIYI,SUV,SIN DEFINIR,X3,Estimado,Modelo estadístico,27.62768948885753,0.004090077325378421
2026-10,KAIYI,SUV,SIN DEFINIR,X3 PRO EV,Estimado,Modelo estadístico,0.02198225265289424,3.2543116995941132e-06
2026-10,KAIYI,SUV,SIN DEFINIR,X7,Estimado,Modelo estadístico,18.42929056322897,0.0027283216530239913
2026-10,KALMAR,CAMIONES,SIN DEFINIR,OTTAWA T2,Estimado,Modelo estadístico,0.25252091255454423,3.7383873850173284e-05
2026-10,KARRY,CAMIONES,[2] LIVIANO [LD],YORY,Estimado,Modelo estadístico,0.11016581308283709,1.6309242736484158e-05
2026-10,KARRY,MICROBUS,SIN DEFINIR,Q22L,Estimado,Modelo estadístico,2.554434884848377,0.0003781653983728057
2026-10,KARRY,MICROBUS,SIN DEFINIR,YOYO,Estimado,Modelo estadístico,0.11016581308283709,1.6309242736484158e-05
2026-10,KARRY,PANEL,SIN DEFINIR,COWFISH,Estimado,Modelo estadístico,0.6936811532920477,0.0001026944202940469
2026-10,KARRY,PANEL,SIN DEFINIR,DOLPHIN,Estimado,Modelo estadístico,0.04549106467181498,6.734619346165523e-06
2026-10,KARRY,PANEL,SIN DEFINIR,EV6,Estimado,Modelo estadístico,1.1490373633963797,0.00017010657615561898
2026-10,KARRY,PANEL,SIN DEFINIR,YOYO,Estimado,Modelo estadístico,1.2482959123931274,0.00018480107823351782
2026-10,KAVRED,MICROBUS,SIN DEFINIR,KA14,Estimado,Modelo estadístico,0.06133013904629184,9.079478440522932e-06
2026-10,KAZOKU,PANEL,SIN DEFINIR,H10,Estimado,Modelo estadístico,0.7482544048494914,0.00011077359097016495
2026-10,KENWORTH,CAMIONES,SIN DEFINIR,T460,Estimado,Modelo estadístico,0.020149841574894543,2.9830366440408266e-06
2026-10,KENWORTH,CAMIONES,SIN DEFINIR,T480,Estimado,Modelo estadístico,0.020149841574894543,2.9830366440408266e-06
2026-10,KENWORTH,CAMIONES,SIN DEFINIR,T680,Estimado,Modelo estadístico,0.020149841574894543,2.9830366440408266e-06
2026-10,KENWORTH,CAMIONES,SIN DEFINIR,T800 - T880,Estimado,Modelo estadístico,2.8245406842527654,0.00041815258608326035
2026-10,KGE,BUS,SIN DEFINIR,URBANO,Estimado,Modelo estadístico,0.42931097332404294,6.355634908366054e-05
2026-10,KIA,AUTOMOVILES,HB,K3 HB,Estimado,Modelo estadístico,14.587883444440317,0.0021596294299395615
2026-10,KIA,AUTOMOVILES,HB,PICANTO HB,Estimado,Modelo estadístico,15.736512243327098,0.0023296755211082857
2026-10,KIA,AUTOMOVILES,SD,K3 SD,Estimado,Modelo estadístico,4.383221867791341,0.0006489039331641035
2026-10,KIA,AUTOMOVILES,SD,RIO,Estimado,Modelo estadístico,0.9398081590611264,0.00013913172301765662
2026-10,KIA,AUTOMOVILES,SD,SOLUTO,Estimado,Modelo estadístico,22.12987859921153,0.0032761666410257304
2026-10,KIA,CAMIONES,SIN DEFINIR,K2500,Estimado,Modelo estadístico,53.54255109791592,0.007926583012916193
2026-10,KIA,PASAJEROS,SIN DEFINIR,CARENS,Estimado,Modelo estadístico,0.018079849001806286,2.676589386107636e-06
2026-10,KIA,PASAJEROS,SIN DEFINIR,CARNIVAL,Estimado,Modelo estadístico,1.9603797460191337,0.0002902198807308057
2026-10,KIA,PASAJEROS,SIN DEFINIR,PV5,Estimado,Modelo estadístico,0.12797616132299836,1.8945934506295612e-05
2026-10,KIA,PICK-UP,MEDIUM,TASMAN,Estimado,Modelo estadístico,4.144928111348562,0.0006136262857010777
2026-10,KIA,SUV,LARGE,EV9,Estimado,Modelo estadístico,0.29538225515777733,4.3729182081158806e-05
2026-10,KIA,SUV,MEDIUM,TELLURIDE,Estimado,Modelo estadístico,0.018079849001806286,2.676589386107636e-06
2026-10,KIA,SUV,SIN DEFINIR,EV3,Estimado,Modelo estadístico,2.4306827269064857,0.00035984479666744355
2026-10,KIA,SUV,SIN DEFINIR,EV5,Estimado,Modelo estadístico,11.118464730263796,0.0016460073689698966
2026-10,KIA,SUV,SIN DEFINIR,EV6,Estimado,Modelo estadístico,0.7873540352501507,0.00011656200522742345
2026-10,KIA,SUV,SIN DEFINIR,NIRO,Estimado,Modelo estadístico,0.23078638209241867,3.41662356087728e-05
2026-10,KIA,SUV,SIN DEFINIR,SELTOS,Estimado,Modelo estadístico,42.89678098586383,0.006350554624293381
2026-10,KIA,SUV,SIN DEFINIR,SONET,Estimado,Modelo estadístico,17.204986744770768,0.0025470724287893812
2026-10,KIA,SUV,SIN DEFINIR,SOUL,Estimado,Modelo estadístico,0.08898202669867705,1.3173138126996019e-05
2026-10,KIA,SUV,SIN DEFINIR,SPORTAGE,Estimado,Modelo estadístico,24.565386824427325,0.0036367258174181422
2026-10,KIA,SUV,SMALL,SORENTO,Estimado,Modelo estadístico,5.460183217149863,0.000808340182695457
2026-10,KING LONG,BUS,SIN DEFINIR,XMQ,Estimado,Modelo estadístico,0.5600360625959393,8.290924226369618e-05
2026-10,KING LONG,MICROBUS,SIN DEFINIR,XMQ,Estimado,Modelo estadístico,6.555536969309532,0.0009704992929165014
2026-10,KING LONG,PANEL,SIN DEFINIR,XMQ,Estimado,Modelo estadístico,0.04472393092640362,6.621050806932264e-06
2026-10,LAMBORGHINI,AUTOMOVILES,SD,HURACAN TECNICA,Estimado,Modelo estadístico,0.005244566960208787,7.764197731420872e-07
2026-10,LAMBORGHINI,SUV,LARGE,URUS,Estimado,Modelo estadístico,0.00874094493368131,1.2940329552368118e-06
2026-10,LAND ROVER,SUV,LARGE,DEFENDER,Estimado,Modelo estadístico,5.608421209635232,0.0008302857330849874
2026-10,LAND ROVER,SUV,LARGE,DISCOVERY,Estimado,Modelo estadístico,1.6173325246532146,0.00023943424908366072
2026-10,LAND ROVER,SUV,LARGE,RANGE ROVER,Estimado,Modelo estadístico,1.454619960174624,0.00021534584419564203
2026-10,LAND ROVER,SUV,LARGE,RANGE ROVER SPORT,Estimado,Modelo estadístico,5.644025654148666,0.0008355567106397997
2026-10,LAND ROVER,SUV,LARGE,RANGE ROVER VOGUE,Estimado,Modelo estadístico,0.01424683884936961,2.1091402724657112e-06
2026-10,LAND ROVER,SUV,SIN DEFINIR,DISCOVERY SPORT,Estimado,Modelo estadístico,0.6066673438273303,8.98126623305381e-05
2026-10,LAND ROVER,SUV,SIN DEFINIR,EVOQUE,Estimado,Modelo estadístico,0.9811339891079193,0.00014524970984731894
2026-10,LAND ROVER,SUV,SIN DEFINIR,RANGE ROVER VELAR,Estimado,Modelo estadístico,0.06685639119011459,9.897599644501615e-06
2026-10,LEAPMOTOR,AUTOMOVILES,HB,T03,Estimado,Modelo estadístico,0.5359702456870888,7.934647411780052e-05
2026-10,LEAPMOTOR,SUV,SIN DEFINIR,B10,Estimado,Modelo estadístico,1.1561258681422446,0.00017115597742906215
2026-10,LEAPMOTOR,SUV,SIN DEFINIR,C10,Estimado,Modelo estadístico,1.4212648661484346,0.0002104078665259059
2026-10,LEAPMOTOR,SUV,SIN DEFINIR,C11,Estimado,Modelo estadístico,0.05063106289609727,7.495558482900105e-06
2026-10,LEAPMOTOR,SUV,SMALL,C16,Estimado,Modelo estadístico,0.17271483881420163,2.556916843427166e-05
2026-10,LEXUS,AUTOMOVILES,SD,IS350,Estimado,Modelo estadístico,0.016822837681392463,2.49049805547204e-06
2026-10,LEXUS,AUTOMOVILES,SD,LC500,Estimado,Modelo estadístico,0.016822837681392463,2.49049805547204e-06
2026-10,LEXUS,SUV,LARGE,GX,Estimado,Modelo estadístico,4.592268850080411,0.0006798518096611283
2026-10,LEXUS,SUV,LARGE,LX 700H,Estimado,Modelo estadístico,1.6310378224483026,0.00024146321816454806
2026-10,LEXUS,SUV,LARGE,LX DSL,Estimado,Modelo estadístico,1.1159076962836063,0.00016520197129135992
2026-10,LEXUS,SUV,SIN DEFINIR,LBX,Estimado,Modelo estadístico,6.998646477553938,0.0010360984141553934
2026-10,LEXUS,SUV,SIN DEFINIR,NX HEV,Estimado,Modelo estadístico,7.263144745300877,0.0010752554478244568
2026-10,LEXUS,SUV,SIN DEFINIR,RX HEV,Estimado,Modelo estadístico,2.8716277822931073,0.0004251234864942537
2026-10,LEXUS,SUV,SIN DEFINIR,RX350,Estimado,Modelo estadístico,0.016822837681392463,2.49049805547204e-06
2026-10,LEXUS,SUV,SIN DEFINIR,RZ,Estimado,Modelo estadístico,0.3183449749048162,4.712864476167943e-05
2026-10,LEXUS,SUV,SIN DEFINIR,UX HEV,Estimado,Modelo estadístico,1.2212891527679706,0.0001808029250322033
2026-10,LEXUS,SUV,SIN DEFINIR,UX300E,Estimado,Modelo estadístico,0.016822837681392463,2.49049805547204e-06
2026-10,LI,SUV,MEDIUM,L6,Estimado,Modelo estadístico,0.24532055618516735,3.631791376209173e-05
2026-10,LINCOLN,SUV,LARGE,NAVIGATOR,Estimado,Modelo estadístico,0.010221689841048641,1.5132464067538222e-06
2026-10,LINCOLN,SUV,SIN DEFINIR,AVIATOR,Estimado,Modelo estadístico,0.05110844920524319,7.5662320337691094e-06
2026-10,LINXYS,PANEL,SIN DEFINIR,G105,Estimado,Modelo estadístico,0.4405096884915561,6.521423694281322e-05
2026-10,LINXYS,PASAJEROS,SIN DEFINIR,G200,Estimado,Modelo estadístico,0.08424881581355341,1.2472420880072918e-05
2026-10,LOTUS,AUTOMOVILES,SD,ELISE,Estimado,Modelo estadístico,0.05334858608262887,7.897867911305464e-06
2026-10,LOTUS,AUTOMOVILES,SD,EMIRA,Estimado,Modelo estadístico,0.021967064857553065,3.2520632575963677e-06
2026-10,LUCID,AUTOMOVILES,SD,AIR,Estimado,Modelo estadístico,0.06133013904629184,9.079478440522932e-06
2026-10,LYNK & CO,AUTOMOVILES,SD,03,Estimado,Modelo estadístico,0.7597535384617378,0.00011247595358242446
2026-10,LYNK & CO,SUV,LARGE,09,Estimado,Modelo estadístico,1.8022451737922744,0.00026680921410649947
2026-10,LYNK & CO,SUV,SIN DEFINIR,01,Estimado,Modelo estadístico,0.9861426753525805,0.00014599120920605053
2026-10,LYNK & CO,SUV,SIN DEFINIR,02,Estimado,Modelo estadístico,0.020664826133690754,3.059276340729972e-06
2026-10,LYNK & CO,SUV,SIN DEFINIR,05,Estimado,Modelo estadístico,1.6581169002751202,0.00024547207754659273
2026-10,LYNK & CO,SUV,SIN DEFINIR,06,Estimado,Modelo estadístico,1.7235217784734,0.0002551547913108332
2026-10,LYNK & CO,SUV,SIN DEFINIR,08,Estimado,Modelo estadístico,0.044057811766652154,6.522436738159035e-06
2026-10,M.G.,AUTOMOVILES,HB,MG 3 HB,Estimado,Modelo estadístico,0.12752925824671618,1.8879773775059624e-05
2026-10,M.G.,AUTOMOVILES,HB,MG 4,Estimado,Modelo estadístico,6.537184119021596,0.0009677822876870548
2026-10,M.G.,AUTOMOVILES,SD,MG 5,Estimado,Modelo estadístico,0.015985891741468524,2.3665943315348274e-06
2026-10,M.G.,SUV,SIN DEFINIR,HS,Estimado,Modelo estadístico,0.5834207810651844,8.63711787680134e-05
2026-10,M.G.,SUV,SIN DEFINIR,MARVEL R,Estimado,Modelo estadístico,4.997343284491962,0.0007398201164551282
2026-10,M.G.,SUV,SIN DEFINIR,ONE,Estimado,Modelo estadístico,8.937142352476766,0.0013230785478563721
2026-10,M.G.,SUV,SIN DEFINIR,RX,Estimado,Modelo estadístico,8.880860712797602,0.0013147464628161193
2026-10,M.G.,SUV,SIN DEFINIR,ZS,Estimado,Modelo estadístico,2.853692481251585,0.00042246829637626165
2026-10,M.G.,SUV,SIN DEFINIR,ZS EV,Estimado,Modelo estadístico,2.3130355073418314,0.0003424279864296828
2026-10,MACK,CAMIONES,SIN DEFINIR,AN64TX,Estimado,Modelo estadístico,1.1082239914748455,0.0001640644550026421
2026-10,MACK,CAMIONES,SIN DEFINIR,GR64BX,Estimado,Modelo estadístico,0.015939534177471883,2.3597314333022803e-06
2026-10,MACK,CAMIONES,SIN DEFINIR,GR84BX,Estimado,Modelo estadístico,0.4047679624145335,5.992293585676058e-05
2026-10,MACK,CAMIONES,SIN DEFINIR,RD688,Estimado,Modelo estadístico,0.015939534177471883,2.3597314333022803e-06
2026-10,MACLAREN,AUTOMOVILES,SD,750S,Estimado,Modelo estadístico,0.06133013904629184,9.079478440522932e-06
2026-10,MAHINDRA,PICK-UP,MEDIUM,PIK UP,Estimado,Modelo estadístico,3.7822004544932195,0.0005599271095470234
2026-10,MAHINDRA,SUV,SIN DEFINIR,XUV300,Estimado,Modelo estadístico,5.499206173238807,0.0008141172458817578
2026-10,MASERATI,AUTOMOVILES,SD,MC20,Estimado,Modelo estadístico,0.047692979791714614,7.0605967721077675e-06
2026-10,MASERATI,SUV,SIN DEFINIR,GRECALE,Estimado,Modelo estadístico,0.07337381506417633,1.0862456572473488e-05
2026-10,MASERATI,SUV,SIN DEFINIR,LEVANTE,Estimado,Modelo estadístico,0.13941024862193502,2.063866748769963e-05
2026-10,MASERATI,SUV,SIN DEFINIR,LEVANTE HEV,Estimado,Modelo estadístico,0.047692979791714614,7.0605967721077675e-06
2026-10,MAXUS,CAMIONES,SIN DEFINIR,C100-28D5,Estimado,Modelo estadístico,0.016029583853224956,2.3730626290616602e-06
2026-10,MAXUS,CAMIONES,SIN DEFINIR,H500,Estimado,Modelo estadístico,0.016029583853224956,2.3730626290616602e-06
2026-10,MAXUS,CAMIONES,SIN DEFINIR,TRACTOR,Estimado,Modelo estadístico,0.016029583853224956,2.3730626290616602e-06
2026-10,MAXUS,MICROBUS,SIN DEFINIR,DELIVERY 9,Estimado,Modelo estadístico,8.717029173592932,0.001290492401905484
2026-10,MAXUS,MICROBUS,SIN DEFINIR,EV70,Estimado,Modelo estadístico,0.016029583853224956,2.3730626290616602e-06
2026-10,MAXUS,MICROBUS,SIN DEFINIR,V80,Estimado,Modelo estadístico,1.719773079217752,0.00025459982380870554
2026-10,MAXUS,MICROBUS,SIN DEFINIR,V90,Estimado,Modelo estadístico,3.4947754142976066,0.0005173759349319987
2026-10,MAXUS,PANEL,SIN DEFINIR,DANA V1,Estimado,Modelo estadístico,0.016029583853224956,2.3730626290616602e-06
2026-10,MAXUS,PANEL,SIN DEFINIR,DELIVERY 9,Estimado,Modelo estadístico,1.8433368740378522,0.0002728925397318098
2026-10,MAXUS,PANEL,SIN DEFINIR,EV30,Estimado,Modelo estadístico,0.5698044431340793,8.435537954422511e-05
2026-10,MAXUS,PANEL,SIN DEFINIR,EV90,Estimado,Modelo estadístico,0.07140706978131038,1.0571294320578005e-05
2026-10,MAXUS,PANEL,SIN DEFINIR,G 10,Estimado,Modelo estadístico,0.504457095391854,7.46811827431539e-05
2026-10,MAXUS,PANEL,SIN DEFINIR,V90,Estimado,Modelo estadístico,0.12792014016931164,1.893764098430102e-05
2026-10,MAXUS,PASAJEROS,SIN DEFINIR,EUNIQ 5,Estimado,Modelo estadístico,0.016029583853224956,2.3730626290616602e-06
2026-10,MAXUS,PASAJEROS,SIN DEFINIR,G 10,Estimado,Modelo estadístico,0.30921641406866035,4.5777228107588366e-05
2026-10,MAXUS,PICK-UP,MEDIUM,INTERSTELLAR,Estimado,Modelo estadístico,0.016029583853224956,2.3730626290616602e-06
2026-10,MAXUS,PICK-UP,MEDIUM,T60,Estimado,Modelo estadístico,6.361705463987266,0.0009418039564793989
2026-10,MAXUS,PICK-UP,MEDIUM,T90,Estimado,Modelo estadístico,1.1666408848879515,0.00017271264873829106
2026-10,MAXUS,SUV,SIN DEFINIR,D60,Estimado,Modelo estadístico,1.6369907464406026,0.0002423445050144827
2026-10,MAXUS,SUV,SIN DEFINIR,D90,Estimado,Modelo estadístico,2.172687955735479,0.00032165055809174555
2026-10,MAXUS,SUV,SIN DEFINIR,EUNIQ6,Estimado,Modelo estadístico,0.29291701349365207,4.336422108664338e-05
2026-10,MAZDA,AUTOMOVILES,SD,MAZDA 3,Estimado,Modelo estadístico,0.5986926151315473,8.863206208425903e-05
2026-10,MAZDA,AUTOMOVILES,SD,MX5,Estimado,Modelo estadístico,0.8112271756275695,0.00012009624902231759
2026-10,MAZDA,PICK-UP,MEDIUM,BT50,Estimado,Modelo estadístico,1.9999440407331766,0.0002960770851405251
2026-10,MAZDA,SUV,MEDIUM,CX-9,Estimado,Modelo estadístico,0.08786966195628478,1.3008460664110678e-05
2026-10,MAZDA,SUV,MEDIUM,CX-90,Estimado,Modelo estadístico,3.2257021121998664,0.0004775416008948177
2026-10,MAZDA,SUV,SIN DEFINIR,CX-30,Estimado,Modelo estadístico,26.231830600028957,0.0038834306279436526
2026-10,MAZDA,SUV,SIN DEFINIR,CX-30 BEV,Estimado,Modelo estadístico,0.018037796647518985,2.6703638426788726e-06
2026-10,MAZDA,SUV,SIN DEFINIR,CX-5,Estimado,Modelo estadístico,52.13683300675579,0.007718476732698766
2026-10,MAZDA,SUV,SIN DEFINIR,CX-60,Estimado,Modelo estadístico,7.212996572142695,0.0010678313776347963
2026-10,MAZDA,SUV,SIN DEFINIR,EZ-60,Estimado,Modelo estadístico,0.9024066059789113,0.00013359469668553422
2026-10,MERCEDES BENZ,AUTOMOVILES,HB,A200,Estimado,Modelo estadístico,0.015131733554985087,2.2401424604063626e-06
2026-10,MERCEDES BENZ,AUTOMOVILES,HB,A45,Estimado,Modelo estadístico,0.015131733554985087,2.2401424604063626e-06
2026-10,MERCEDES BENZ,AUTOMOVILES,SD,A35,Estimado,Modelo estadístico,0.015131733554985087,2.2401424604063626e-06
2026-10,MERCEDES BENZ,AUTOMOVILES,SD,C200,Estimado,Modelo estadístico,0.3608490006044432,5.342105483894843e-05
2026-10,MERCEDES BENZ,AUTOMOVILES,SD,C43,Estimado,Modelo estadístico,0.015131733554985087,2.2401424604063626e-06
2026-10,MERCEDES BENZ,AUTOMOVILES,SD,C63,Estimado,Modelo estadístico,0.015131733554985087,2.2401424604063626e-06
2026-10,MERCEDES BENZ,AUTOMOVILES,SD,CLA200,Estimado,Modelo estadístico,0.015131733554985087,2.2401424604063626e-06
2026-10,MERCEDES BENZ,AUTOMOVILES,SD,CLE 200,Estimado,Modelo estadístico,0.06574022859159573,9.732359936799e-06
2026-10,MERCEDES BENZ,AUTOMOVILES,SD,CLE 53,Estimado,Modelo estadístico,0.4128878953974307,6.112503253554129e-05
2026-10,MERCEDES BENZ,AUTOMOVILES,SD,CLS 53 AMG,Estimado,Modelo estadístico,0.015131733554985087,2.2401424604063626e-06
2026-10,MERCEDES BENZ,AUTOMOVILES,SD,E200,Estimado,Modelo estadístico,0.11304689918297717,1.67357664577457e-05
2026-10,MERCEDES BENZ,AUTOMOVILES,SD,E300,Estimado,Modelo estadístico,0.015131733554985087,2.2401424604063626e-06
2026-10,MERCEDES BENZ,AUTOMOVILES,SD,E63,Estimado,Modelo estadístico,0.015131733554985087,2.2401424604063626e-06
2026-10,MERCEDES BENZ,AUTOMOVILES,SD,EQE,Estimado,Modelo estadístico,0.09383815099514922,1.3892051805326974e-05
2026-10,MERCEDES BENZ,AUTOMOVILES,SD,EQS,Estimado,Modelo estadístico,0.015131733554985087,2.2401424604063626e-06
2026-10,MERCEDES BENZ,AUTOMOVILES,SD,GT AMG,Estimado,Modelo estadístico,0.015131733554985087,2.2401424604063626e-06
2026-10,MERCEDES BENZ,AUTOMOVILES,SD,S450,Estimado,Modelo estadístico,0.015131733554985087,2.2401424604063626e-06
2026-10,MERCEDES BENZ,AUTOMOVILES,SD,S580,Estimado,Modelo estadístico,0.11304689918297717,1.67357664577457e-05
2026-10,MERCEDES BENZ,AUTOMOVILES,SD,SL43,Estimado,Modelo estadístico,0.015131733554985087,2.2401424604063626e-06
2026-10,MERCEDES BENZ,AUTOMOVILES,SD,SLC,Estimado,Modelo estadístico,0.015131733554985087,2.2401424604063626e-06
2026-10,MERCEDES BENZ,BUS,SIN DEFINIR,TORINO OF-1724/59,Estimado,Modelo estadístico,0.8963682242069138,0.00013270075843646036
2026-10,MERCEDES BENZ,CAMIONES,SIN DEFINIR,ACTROS,Estimado,Modelo estadístico,0.21096206481096924,3.123139045508503e-05
2026-10,MERCEDES BENZ,CAMIONES,SIN DEFINIR,AROCS,Estimado,Modelo estadístico,0.015131733554985087,2.2401424604063626e-06
2026-10,MERCEDES BENZ,CAMIONES,SIN DEFINIR,ATEGO,Estimado,Modelo estadístico,0.38478997299387724,5.696534066701332e-05
2026-10,MERCEDES BENZ,MICROBUS,SIN DEFINIR,SPRINTER,Estimado,Modelo estadístico,0.13835114670128248,2.0481875195942017e-05
2026-10,MERCEDES BENZ,MICROBUS,SIN DEFINIR,VITO,Estimado,Modelo estadístico,0.015131733554985087,2.2401424604063626e-06
2026-10,MERCEDES BENZ,PANEL,SIN DEFINIR,SPRINTER,Estimado,Modelo estadístico,0.5824917289387136,8.623363939693768e-05
2026-10,MERCEDES BENZ,PANEL,SIN DEFINIR,VITO,Estimado,Modelo estadístico,0.06853390347684389,1.0145943067130654e-05
2026-10,MERCEDES BENZ,PASAJEROS,SIN DEFINIR,V300,Estimado,Modelo estadístico,0.015131733554985087,2.2401424604063626e-06
2026-10,MERCEDES BENZ,SUV,LARGE,EQS,Estimado,Modelo estadístico,0.06853390347684389,1.0145943067130654e-05
2026-10,MERCEDES BENZ,SUV,LARGE,G450,Estimado,Modelo estadístico,0.706633392281407,0.0001046119045275593
2026-10,MERCEDES BENZ,SUV,LARGE,G500,Estimado,Modelo estadístico,0.147240320917008,2.1797852412051265e-05
2026-10,MERCEDES BENZ,SUV,LARGE,G580,Estimado,Modelo estadístico,0.23626631232927453,3.4977499193281344e-05
2026-10,MERCEDES BENZ,SUV,LARGE,G63,Estimado,Modelo estadístico,0.28687480736588516,4.246971666967398e-05
2026-10,MERCEDES BENZ,SUV,LARGE,GLS400,Estimado,Modelo estadístico,0.46019456598881214,6.8128439056488e-05
2026-10,MERCEDES BENZ,SUV,LARGE,GLS450,Estimado,Modelo estadístico,0.09383815099514922,1.3892051805326974e-05
2026-10,MERCEDES BENZ,SUV,LARGE,GLS600,Estimado,Modelo estadístico,0.015131733554985087,2.2401424604063626e-06
2026-10,MERCEDES BENZ,SUV,SIN DEFINIR,EQA,Estimado,Modelo estadístico,1.146041750317232,0.0001696630975529088
2026-10,MERCEDES BENZ,SUV,SIN DEFINIR,EQB,Estimado,Modelo estadístico,0.2821425831642791,4.176914549402782e-05
2026-10,MERCEDES BENZ,SUV,SIN DEFINIR,EQE,Estimado,Modelo estadístico,0.45876416623243527,6.791667883628776e-05
2026-10,MERCEDES BENZ,SUV,SIN DEFINIR,GLA200,Estimado,Modelo estadístico,1.8938063784782666,0.0002803641806671865
2026-10,MERCEDES BENZ,SUV,SIN DEFINIR,GLB200,Estimado,Modelo estadístico,0.21705756414144659,3.2133784540862626e-05
2026-10,MERCEDES BENZ,SUV,SIN DEFINIR,GLB35,Estimado,Modelo estadístico,0.11304689918297717,1.67357664577457e-05
2026-10,MERCEDES BENZ,SUV,SIN DEFINIR,GLC200,Estimado,Modelo estadístico,8.25561944263213,0.001222184066564128
2026-10,MERCEDES BENZ,SUV,SIN DEFINIR,GLC300,Estimado,Modelo estadístico,0.015131733554985087,2.2401424604063626e-06
2026-10,MERCEDES BENZ,SUV,SIN DEFINIR,GLC43,Estimado,Modelo estadístico,0.6237029001996178,9.233465183210682e-05
2026-10,MERCEDES BENZ,SUV,SIN DEFINIR,GLE300,Estimado,Modelo estadístico,3.5345172706882635,0.0005232594260490328
2026-10,MERCEDES BENZ,SUV,SIN DEFINIR,GLE350,Estimado,Modelo estadístico,0.04043598107329041,5.986251198602682e-06
2026-10,MERCEDES BENZ,SUV,SIN DEFINIR,GLE400,Estimado,Modelo estadístico,0.12193607339870267,1.8051743673854943e-05
2026-10,MERCEDES BENZ,SUV,SIN DEFINIR,GLE43,Estimado,Modelo estadístico,0.015131733554985087,2.2401424604063626e-06
2026-10,MERCEDES BENZ,SUV,SIN DEFINIR,GLE450,Estimado,Modelo estadístico,2.1266238063535297,0.00031483109774650236
2026-10,MERCEDES BENZ,SUV,SIN DEFINIR,GLE53,Estimado,Modelo estadístico,0.5956049777960644,8.817495996357884e-05
2026-10,MINI,AUTOMOVILES,HB,COOPER,Estimado,Modelo estadístico,1.6018263258839647,0.000237138669787589
2026-10,MINI,AUTOMOVILES,HB,COOPER BEV,Estimado,Modelo estadístico,1.270027055407855,0.00018801821498811106
2026-10,MINI,AUTOMOVILES,HB,JOHN COOPER WORKS,Estimado,Modelo estadístico,0.8873372515007755,0.0001313637889911369
2026-10,MINI,SUV,SIN DEFINIR,ACEMAN,Estimado,Modelo estadístico,4.248248075106395,0.0006289220505240923
2026-10,MINI,SUV,SIN DEFINIR,COUNTRYMAN,Estimado,Modelo estadístico,2.6591765002601426,0.00039367162832344807
2026-10,MITSUBISHI,AUTOMOVILES,HB,MIRAGE HB,Estimado,Modelo estadístico,0.019402362494033775,2.872377834115503e-06
2026-10,MITSUBISHI,AUTOMOVILES,SD,MIRAGE,Estimado,Modelo estadístico,0.019402362494033775,2.872377834115503e-06
2026-10,MITSUBISHI,BUSETAS,SIN DEFINIR,ROSA,Estimado,Modelo estadístico,2.747937357058169,0.0004068120238645658
2026-10,MITSUBISHI,PASAJEROS,SIN DEFINIR,XPANDER,Estimado,Modelo estadístico,4.1383076156557,0.0006126461697443286
2026-10,MITSUBISHI,PICK-UP,MEDIUM,L200,Estimado,Modelo estadístico,86.64893018492988,0.012827740255319296
2026-10,MITSUBISHI,SUV,SIN DEFINIR,ASX,Estimado,Modelo estadístico,3.2467312205075602,0.0004806548065465938
2026-10,MITSUBISHI,SUV,SIN DEFINIR,DESTINATOR,Estimado,Modelo estadístico,28.461730301256782,0.004213550966437337
2026-10,MITSUBISHI,SUV,SIN DEFINIR,ECLIPSE CROSS,Estimado,Modelo estadístico,60.60965225951739,0.008972815642281718
2026-10,MITSUBISHI,SUV,SIN DEFINIR,OUTLANDER,Estimado,Modelo estadístico,28.361978020970316,0.004198783371053763
2026-10,MITSUBISHI,SUV,SIN DEFINIR,OUTLANDER SPORT,Estimado,Modelo estadístico,91.71048396059614,0.013577066265277002
2026-10,MITSUBISHI,SUV,SIN DEFINIR,XFORCE,Estimado,Modelo estadístico,0.019402362494033775,2.872377834115503e-06
2026-10,MITSUBISHI,SUV,SMALL,MONTERO SPORT,Estimado,Modelo estadístico,93.25560601569924,0.013805810282581385
2026-10,MUDAN,BUSETAS,SIN DEFINIR,MD6773,Estimado,Modelo estadístico,0.15384063083279106,2.277498001216789e-05
2026-10,NETA,SUV,SIN DEFINIR,AYA (PREVIOUS V),Estimado,Modelo estadístico,2.7856355500406873,0.00041239296556393315
2026-10,NETA,SUV,SIN DEFINIR,U,Estimado,Modelo estadístico,0.20929523368474162,3.098462830013291e-05
2026-10,NETA,SUV,SIN DEFINIR,X,Estimado,Modelo estadístico,0.4837532416964604,7.161612865741017e-05
2026-10,NIO,AUTOMOVILES,HB,FIREFLY,Estimado,Modelo estadístico,4.122814818496919,0.0006103525744586508
2026-10,NIO,AUTOMOVILES,SD,ET5T,Estimado,Modelo estadístico,0.22064362210363397,3.266467418925507e-05
2026-10,NIO,SUV,LARGE,L90,Estimado,Modelo estadístico,0.2828708203930402,4.187695568850874e-05
2026-10,NIO,SUV,MEDIUM,L60,Estimado,Modelo estadístico,1.6317695055660275,0.00024157153849768253
2026-10,NIO,SUV,SIN DEFINIR,EC6,Estimado,Modelo estadístico,0.18652091430925535,2.7613056916424893e-05
2026-10,NIO,SUV,SIN DEFINIR,ES6,Estimado,Modelo estadístico,0.28888903769239116,4.276790873491543e-05
2026-10,NIO,SUV,SIN DEFINIR,ES8,Estimado,Modelo estadístico,0.20358226820644465,3.013886555283998e-05
2026-10,NIO,SUV,SMALL,EL6,Estimado,Modelo estadístico,0.3310457734349326,4.900890507455066e-05
2026-10,NISSAN,AUTOMOVILES,HB,LEAF EV,Estimado,Modelo estadístico,0.01668942580289362,2.470747402801489e-06
2026-10,NISSAN,AUTOMOVILES,HB,MARCH,Estimado,Modelo estadístico,0.4498608705999328,6.659861104772638e-05
2026-10,NISSAN,AUTOMOVILES,SD,GT-R,Estimado,Modelo estadístico,0.01668942580289362,2.470747402801489e-06
2026-10,NISSAN,AUTOMOVILES,SD,N7,Estimado,Modelo estadístico,0.11138844303232326,1.6490244156662227e-05
2026-10,NISSAN,AUTOMOVILES,SD,SENTRA,Estimado,Modelo estadístico,1.9909619291719904,0.0002947473492302803
2026-10,NISSAN,AUTOMOVILES,SD,VERSA,Estimado,Modelo estadístico,6.335461691007809,0.0009379187578695423
2026-10,NISSAN,MICROBUS,SIN DEFINIR,URVAN,Estimado,Modelo estadístico,8.709787669235643,0.0012894203501587998
2026-10,NISSAN,PANEL,SIN DEFINIR,URVAN,Estimado,Modelo estadístico,0.11138844303232326,1.6490244156662227e-05
2026-10,NISSAN,PICK-UP,MEDIUM,FRONTIER,Estimado,Modelo estadístico,150.55819473144317,0.022289039359203
2026-10,NISSAN,PICK-UP,MEDIUM,FRONTIER PHEV,Estimado,Modelo estadístico,0.11138844303232326,1.6490244156662227e-05
2026-10,NISSAN,SUV,LARGE,ARMADA,Estimado,Modelo estadístico,0.11138844303232326,1.6490244156662227e-05
2026-10,NISSAN,SUV,LARGE,PATROL,Estimado,Modelo estadístico,0.01668942580289362,2.470747402801489e-06
2026-10,NISSAN,SUV,MEDIUM,PATHFINDER,Estimado,Modelo estadístico,5.657931644123966,0.0008376153907298541
2026-10,NISSAN,SUV,SIN DEFINIR,ARIYA,Estimado,Modelo estadístico,0.01668942580289362,2.470747402801489e-06
2026-10,NISSAN,SUV,SIN DEFINIR,KAIT,Estimado,Modelo estadístico,20.092881078441973,0.0029746040592212772
2026-10,NISSAN,SUV,SIN DEFINIR,KICKS,Estimado,Modelo estadístico,101.772652635265,0.015066696730285462
2026-10,NISSAN,SUV,SIN DEFINIR,MAGNITE,Estimado,Modelo estadístico,68.78578633461296,0.01018323248163737
2026-10,NISSAN,SUV,SIN DEFINIR,QASHQAI,Estimado,Modelo estadístico,38.84725805250759,0.005751052377281368
2026-10,NISSAN,SUV,SIN DEFINIR,QASHQAI E-POWER,Estimado,Modelo estadístico,5.982727511256961,0.000885699042896028
2026-10,NISSAN,SUV,SIN DEFINIR,X-TRAIL,Estimado,Modelo estadístico,42.59781235517303,0.006306294505549792
2026-10,NISSAN,SUV,SIN DEFINIR,X-TRAIL E-POWER,Estimado,Modelo estadístico,58.492695285002604,0.008659415648273654
2026-10,NISSAN,SUV,SMALL,TERRA,Estimado,Modelo estadístico,0.0672006341246999,9.94856229274395e-06
2026-10,OMODA,AUTOMOVILES,SD,O5,Estimado,Modelo estadístico,0.016234644158835,2.4034203072398905e-06
2026-10,OMODA,SUV,SIN DEFINIR,C5,Estimado,Modelo estadístico,27.594502795321656,0.004085164278169384
2026-10,OMODA,SUV,SIN DEFINIR,C7,Estimado,Modelo estadístico,3.18857323978391,0.0004720449429406077
2026-10,OMODA,SUV,SIN DEFINIR,E5,Estimado,Modelo estadístico,0.9131013453973362,0.00013517797462174285
2026-10,ONVO,SUV,SIN DEFINIR,L60,Estimado,Modelo estadístico,0.293695749771692,4.347950729595687e-05
2026-10,OSHKOSH,CAMIONES,[3] MEDIANO [MD],STRIKER 4X4,Estimado,Modelo estadístico,0.12266027809258367,1.8158956881045863e-05
2026-10,OSHKOSH,CAMIONES,[4] PESADO [HD],STRIKER 6X6,Estimado,Modelo estadístico,0.12266027809258367,1.8158956881045863e-05
2026-10,PEUGEOT,PANEL,SIN DEFINIR,EXPERT,Estimado,Modelo estadístico,0.2694315659770477,3.988737238372274e-05
2026-10,PEUGEOT,PANEL,SIN DEFINIR,PARTNER,Estimado,Modelo estadístico,0.20621678347374803,3.052888626602726e-05
2026-10,PEUGEOT,PASAJEROS,SIN DEFINIR,RIFTER,Estimado,Modelo estadístico,1.790740514470866,0.00026510603345342046
2026-10,PEUGEOT,PICK-UP,MEDIUM,LANDTREK,Estimado,Modelo estadístico,4.705461054195009,0.0006966090874510586
2026-10,PEUGEOT,SUV,SIN DEFINIR,2008,Estimado,Modelo estadístico,2.7284972673623944,0.00040393406079421645
2026-10,PEUGEOT,SUV,SIN DEFINIR,2008 BEV,Estimado,Modelo estadístico,3.7391781337273073,0.0005535579696766486
2026-10,PEUGEOT,SUV,SIN DEFINIR,3008,Estimado,Modelo estadístico,4.034217223154349,0.000597236348581715
2026-10,PEUGEOT,SUV,SMALL,5008,Estimado,Modelo estadístico,0.7953296010929076,0.00011774272940718806
2026-10,POLESTAR,SUV,SIN DEFINIR,4,Estimado,Modelo estadístico,0.19818515055466876,2.9339861765757785e-05
2026-10,PORSCHE,AUTOMOVILES,SD,911,Estimado,Modelo estadístico,0.7861280181829998,0.00011638050236925273
2026-10,PORSCHE,AUTOMOVILES,SD,BOXSTER,Estimado,Modelo estadístico,0.04520657082647338,6.6925021135062125e-06
2026-10,PORSCHE,AUTOMOVILES,SD,CAYMAN,Estimado,Modelo estadístico,0.13458345870689356,1.9924096549951164e-05
2026-10,PORSCHE,AUTOMOVILES,SD,CAYMAN GT4,Estimado,Modelo estadístico,0.015414274866333332,2.2819706346912305e-06
2026-10,PORSCHE,AUTOMOVILES,SD,TAYCAN,Estimado,Modelo estadístico,0.41307666007342003,6.115297776496077e-05
2026-10,PORSCHE,SUV,LARGE,CAYENNE,Estimado,Modelo estadístico,1.5827481058128319,0.0002343142788680012
2026-10,PORSCHE,SUV,LARGE,CAYENNE EV,Estimado,Modelo estadístico,0.015414274866333332,2.2819706346912305e-06
2026-10,PORSCHE,SUV,LARGE,CAYENNE HV,Estimado,Modelo estadístico,0.10479116274675349,1.551356507113618e-05
2026-10,PORSCHE,SUV,SIN DEFINIR,MACAN,Estimado,Modelo estadístico,1.1941529411153526,0.00017678560740519704
2026-10,PORSCHE,SUV,SIN DEFINIR,MACAN EV,Estimado,Modelo estadístico,1.6669437248306187,0.00024677882435160875
2026-10,POWERPLUS,CAMIONES,SIN DEFINIR,PT480TC,Estimado,Modelo estadístico,0.045762873829218155,6.774858703567209e-06
2026-10,POWERPLUS,CAMIONES,[4] PESADO [HD],PD680TC-III,Estimado,Modelo estadístico,0.2141137726528573,3.169797774554675e-05
2026-10,POWERPLUS,CAMIONES,[4] PESADO [HD],PD880TC-III,Estimado,Modelo estadístico,0.12208969968956566,1.8074486922402535e-05
2026-10,RAM,PANEL,SIN DEFINIR,V700,Estimado,Modelo estadístico,0.016183098375722925,2.3957893311204218e-06
2026-10,RAM,PICK-UP,LARGE,RAM 1500,Estimado,Modelo estadístico,9.99716897510167,0.001480007734976568
2026-10,RAM,PICK-UP,LARGE,RAM 1500 HEV,Estimado,Modelo estadístico,0.10791374124630937,1.597583997555403e-05
2026-10,RAM,PICK-UP,LARGE,RAM 2500,Estimado,Modelo estadístico,4.2200600542002515,0.0006247490202313489
2026-10,RAM,PICK-UP,LARGE,RAM 3500,Estimado,Modelo estadístico,1.419670729179959,0.00021017186620923308
2026-10,RAM,PICK-UP,MEDIUM,RAM 1200 RAMPAGE,Estimado,Modelo estadístico,1.2146670902974799,0.00017982257712548756
2026-10,RAM,PICK-UP,SMALL,RAM 1000,Estimado,Modelo estadístico,0.016183098375722925,2.3957893311204218e-06
2026-10,RAM,PICK-UP,SMALL,RAM 700,Estimado,Modelo estadístico,7.122670478228017,0.0010544592601886584
2026-10,RENAULT,AUTOMOVILES,HB,KWID,Estimado,Modelo estadístico,0.7014746028159629,0.00010384818348503333
2026-10,RENAULT,AUTOMOVILES,HB,KWID E-TECH,Estimado,Modelo estadístico,0.025082745152845216,3.71331693333506e-06
2026-10,RENAULT,AUTOMOVILES,HB,STEPWAY HB,Estimado,Modelo estadístico,0.1347146277977733,1.994351517432126e-05
2026-10,RENAULT,AUTOMOVILES,HB,TWIZY EV,Estimado,Modelo estadístico,0.025082745152845216,3.71331693333506e-06
2026-10,RENAULT,AUTOMOVILES,SD,LOGAN,Estimado,Modelo estadístico,0.025082745152845216,3.71331693333506e-06
2026-10,RENAULT,MICROBUS,SIN DEFINIR,MASTER,Estimado,Modelo estadístico,0.5414809506451894,8.016229367466458e-05
2026-10,RENAULT,PANEL,SIN DEFINIR,DOKKER,Estimado,Modelo estadístico,0.025082745152845216,3.71331693333506e-06
2026-10,RENAULT,PANEL,SIN DEFINIR,EXPRESS,Estimado,Modelo estadístico,0.2924336771071303,4.329266667034518e-05
2026-10,RENAULT,PANEL,SIN DEFINIR,KANGOO EV,Estimado,Modelo estadístico,0.025082745152845216,3.71331693333506e-06
2026-10,RENAULT,PANEL,SIN DEFINIR,KANGOO EXPRESS,Estimado,Modelo estadístico,0.025082745152845216,3.71331693333506e-06
2026-10,RENAULT,PANEL,SIN DEFINIR,MASTER,Estimado,Modelo estadístico,0.1347146277977733,1.994351517432126e-05
2026-10,RENAULT,PICK-UP,SMALL,OROCH,Estimado,Modelo estadístico,0.1520294364719527,2.250684593638475e-05
2026-10,RENAULT,SUV,SIN DEFINIR,ARKANA,Estimado,Modelo estadístico,0.1052280229268935,1.557823902506461e-05
2026-10,RENAULT,SUV,SIN DEFINIR,ARKANA HEV,Estimado,Modelo estadístico,1.7388736372859315,0.0002574275217053481
2026-10,RENAULT,SUV,SIN DEFINIR,CAPTUR,Estimado,Modelo estadístico,0.025082745152845216,3.71331693333506e-06
2026-10,RENAULT,SUV,SIN DEFINIR,DUSTER,Estimado,Modelo estadístico,0.23346046736537077,3.4562114371831896e-05
2026-10,RENAULT,SUV,SIN DEFINIR,KARDIAN,Estimado,Modelo estadístico,0.22831745488789174,3.3800728996961546e-05
2026-10,RENAULT,SUV,SIN DEFINIR,KOLEOS,Estimado,Modelo estadístico,1.3962695007789294,0.0002067074855302894
2026-10,RIVIAN,SUV,SIN DEFINIR,R1S,Estimado,Modelo estadístico,0.06361154645523102,9.41722411835154e-06
2026-10,ROLLS-ROYCE,AUTOMOVILES,SD,GHOST,Estimado,Modelo estadístico,0.06133013904629184,9.079478440522932e-06
2026-10,SAGMOTO,CAMIONES,SIN DEFINIR,X6S,Estimado,Modelo estadístico,0.08386328642922575,1.2415346074966916e-05
2026-10,SAGMOTO,CAMIONES,SIN DEFINIR,X9,Estimado,Modelo estadístico,0.1311102083611839,1.940990724396236e-05
2026-10,SAGMOTO,CAMIONES,[2] LIVIANO [LD],I9,Estimado,Modelo estadístico,0.1311102083611839,1.940990724396236e-05
2026-10,SAGMOTO,CAMIONES,[4] PESADO [HD],SX5253GS,Estimado,Modelo estadístico,0.08386328642922575,1.2415346074966916e-05
2026-10,SAGMOTO,CAMIONES,[4] PESADO [HD],X3S,Estimado,Modelo estadístico,0.36734481802097474,5.438271308893959e-05
2026-10,SANY,CAMIONES,SIN DEFINIR,HQC42503S,Estimado,Modelo estadístico,0.2642017399858145,3.9113134903203615e-05
2026-10,SANY,CAMIONES,[3] MEDIANO [MD],SYZ420C,Estimado,Modelo estadístico,2.5059134731987855,0.0003709821583243252
2026-10,SANY,CAMIONES,[4] PESADO [HD],HQC42593S,Estimado,Modelo estadístico,0.20015283332258677,2.963116280545729e-05
2026-10,SANY,CAMIONES,[4] PESADO [HD],SY39 RZ5-165,Estimado,Modelo estadístico,0.20015283332258677,2.963116280545729e-05
2026-10,SANY,CAMIONES,[4] PESADO [HD],SY410C,Estimado,Modelo estadístico,0.8406418999548643,0.0001244508837829206
2026-10,SANY,CAMIONES,[4] PESADO [HD],SYG5230THB,Estimado,Modelo estadístico,0.20015283332258677,2.963116280545729e-05
2026-10,SANY,CAMIONES,[4] PESADO [HD],SYP5312JSQSQ3,Estimado,Modelo estadístico,0.32825064664904224,4.859510700094995e-05
2026-10,SCANIA,CAMIONES,SIN DEFINIR,G460,Estimado,Modelo estadístico,0.01924822825452852,2.8495593874871976e-06
2026-10,SCANIA,CAMIONES,SIN DEFINIR,P380,Estimado,Modelo estadístico,0.01924822825452852,2.8495593874871976e-06
2026-10,SCANIA,CAMIONES,SIN DEFINIR,P410,Estimado,Modelo estadístico,0.01924822825452852,2.8495593874871976e-06
2026-10,SCANIA,CAMIONES,SIN DEFINIR,P460,Estimado,Modelo estadístico,0.06453817708871326,9.554405005104132e-06
2026-10,SCANIA,CAMIONES,[4] PESADO [HD],G500,Estimado,Modelo estadístico,0.24569797242545222,3.637378747557187e-05
2026-10,SHACMAN,CAMIONES,SIN DEFINIR,F3000,Estimado,Modelo estadístico,0.9225340532095068,0.0001365744180107218
2026-10,SHACMAN,CAMIONES,SIN DEFINIR,H3000,Estimado,Modelo estadístico,1.0579974865074577,0.00015662878836164516
2026-10,SHACMAN,CAMIONES,SIN DEFINIR,L3000,Estimado,Modelo estadístico,0.03932537034621577,5.821833404854056e-06
2026-10,SHACMAN,CAMIONES,SIN DEFINIR,X3000,Estimado,Modelo estadístico,1.3003353090754326,0.0001925051302311527
2026-10,SHACMAN,CAMIONES,SIN DEFINIR,X5000,Estimado,Modelo estadístico,0.03932537034621577,5.821833404854056e-06
2026-10,SHACMAN,CAMIONES,[4] PESADO [HD],SX32556V384C,Estimado,Modelo estadístico,0.09801543957586976,1.4510468821793661e-05
2026-10,SHACMAN,CAMIONES,[4] PESADO [HD],SX33156V306C,Estimado,Modelo estadístico,0.1771399343694252,2.6224271460543627e-05
2026-10,SHACMAN,CAMIONES,[4] PESADO [HD],SX5255GJB6R384C,Estimado,Modelo estadístico,0.09801543957586976,1.4510468821793661e-05
2026-10,SHINERAY,MICROBUS,SIN DEFINIR,X30,Estimado,Modelo estadístico,0.19163088429228303,2.8369550591705812e-05
2026-10,SHINERAY,PANEL,SIN DEFINIR,X30,Estimado,Modelo estadístico,0.28576535376919404,4.230547018061394e-05
2026-10,SINOTRUK,CAMIONES,SIN DEFINIR,HOMAN,Estimado,Modelo estadístico,3.9396408676310006,0.0005832350109961387
2026-10,SINOTRUK,CAMIONES,SIN DEFINIR,HOWO,Estimado,Modelo estadístico,4.652515540333046,0.0006887708914334488
2026-10,SINOTRUK,CAMIONES,SIN DEFINIR,SITRAK,Estimado,Modelo estadístico,12.78591066153769,0.0018928605413116668
2026-10,SINOTRUK,CAMIONES,SIN DEFINIR,ZZ1067F341BD165,Estimado,Modelo estadístico,0.021051456562946085,3.1165141474830962e-06
2026-10,SINOTRUK,CAMIONES,SIN DEFINIR,ZZ1168G4215C1,Estimado,Modelo estadístico,0.021051456562946085,3.1165141474830962e-06
2026-10,SINOTRUK,CAMIONES,SIN DEFINIR,ZZ1257V5847N1,Estimado,Modelo estadístico,0.27604309802843935,4.086616133892349e-05
2026-10,SINOTRUK,CAMIONES,SIN DEFINIR,ZZ3256V364MC1,Estimado,Modelo estadístico,0.021051456562946085,3.1165141474830962e-06
2026-10,SINOTRUK,CAMIONES,[4] PESADO [HD],HOVA,Estimado,Modelo estadístico,0.11046730798417387,1.6353876851116585e-05
2026-10,SINOTRUK,PANEL,SIN DEFINIR,V VANGUARD,Estimado,Modelo estadístico,0.28929901082662934,4.282860225838355e-05
2026-10,SINOTRUK,PICK-UP,MEDIUM,BOLDEN,Estimado,Modelo estadístico,14.212583406440107,0.0021040690047271163
2026-10,SKYWELL,SUV,SIN DEFINIR,BE11,Estimado,Modelo estadístico,0.0068134545124079945,1.0086820984410018e-06
2026-10,SMART,SUV,SIN DEFINIR,#1,Estimado,Modelo estadístico,0.3132217815578476,4.637019346409926e-05
2026-10,SMART,SUV,SIN DEFINIR,#3,Estimado,Modelo estadístico,0.36140974795136255,5.3504069381652985e-05
2026-10,SOUEAST,SUV,SIN DEFINIR,DX3,Estimado,Modelo estadístico,0.021210892708086432,3.1401175024559138e-06
2026-10,SOUEAST,SUV,SIN DEFINIR,DX7,Estimado,Modelo estadístico,0.021210892708086432,3.1401175024559138e-06
2026-10,SOUEAST,SUV,SIN DEFINIR,S06,Estimado,Modelo estadístico,0.4468244200892273,6.614908676201009e-05
2026-10,SOUEAST,SUV,SIN DEFINIR,S07,Estimado,Modelo estadístico,3.5790392167439338,0.0005298505744734228
2026-10,SOUEAST,SUV,SMALL,S08,Estimado,Modelo estadístico,0.16308206850180004,2.4143107255640634e-05
2026-10,SOUEAST,SUV,SMALL,S09,Estimado,Modelo estadístico,2.5449527900812257,0.0003767616436064197
2026-10,SSANG YONG,PICK-UP,MEDIUM,REXTON SPORT,Estimado,Modelo estadístico,0.01991675154046081,2.948529369554714e-06
2026-10,SSANG YONG,SUV,SIN DEFINIR,ACTYON,Estimado,Modelo estadístico,0.7239131866277226,0.00010717005167452111
2026-10,SSANG YONG,SUV,SIN DEFINIR,TIVOLI,Estimado,Modelo estadístico,0.8026636319035817,0.00011882847901844176
2026-10,SSANG YONG,SUV,SIN DEFINIR,TORRES,Estimado,Modelo estadístico,2.1250007802968227,0.00031459082061164776
2026-10,SSANG YONG,SUV,SIN DEFINIR,TORRES EV,Estimado,Modelo estadístico,0.4600019074527734,6.809991736957275e-05
2026-10,SSANG YONG,SUV,SMALL,REXTON,Estimado,Modelo estadístico,4.362147251286273,0.0006457839903566101
2026-10,SUBARU,SUV,MEDIUM,EVOLTIS,Estimado,Modelo estadístico,0.1520830617651927,2.2514784768766526e-05
2026-10,SUBARU,SUV,SIN DEFINIR,CROSSTREK,Estimado,Modelo estadístico,4.1407799832243,0.0006130121856768739
2026-10,SUBARU,SUV,SIN DEFINIR,FORESTER,Estimado,Modelo estadístico,3.55477740618096,0.0005262587909007767
2026-10,SUBARU,SUV,SIN DEFINIR,OUTBACK,Estimado,Modelo estadístico,0.17425613224791373,2.5797345652186426e-05
2026-10,SUBARU,SUV,SIN DEFINIR,XV,Estimado,Modelo estadístico,0.01584146656799216,2.345213241107857e-06
2026-10,SUZUKI,AUTOMOVILES,HB,ALTO,Estimado,Modelo estadístico,10.48801472321585,0.001552673857325666
2026-10,SUZUKI,AUTOMOVILES,HB,BALENO,Estimado,Modelo estadístico,10.92282055787925,0.001617043680434336
2026-10,SUZUKI,AUTOMOVILES,HB,CELERIO HB,Estimado,Modelo estadístico,5.339985168399473,0.0007905457408567005
2026-10,SUZUKI,AUTOMOVILES,HB,S-PRESSO,Estimado,Modelo estadístico,32.8387277544003,0.004861533420545978
2026-10,SUZUKI,AUTOMOVILES,HB,SWIFT HB,Estimado,Modelo estadístico,63.642899495690834,0.009421865706636296
2026-10,SUZUKI,AUTOMOVILES,SD,CIAZ,Estimado,Modelo estadístico,0.01891473196735984,2.8001877017804854e-06
2026-10,SUZUKI,AUTOMOVILES,SD,SWIFT D-ZIRE,Estimado,Modelo estadístico,11.428510840174324,0.0016919074274774413
2026-10,SUZUKI,PANEL,SIN DEFINIR,APV,Estimado,Modelo estadístico,22.847166013434503,0.003382355795564908
2026-10,SUZUKI,PANEL,SIN DEFINIR,EECO,Estimado,Modelo estadístico,5.451617277517443,0.0008070720579948645
2026-10,SUZUKI,PASAJEROS,SIN DEFINIR,XL7,Estimado,Modelo estadístico,12.448786658947101,0.0018429517988743853
2026-10,SUZUKI,SUV,SIN DEFINIR,ACROSS,Estimado,Modelo estadístico,36.461799943350265,0.005397902754442317
2026-10,SUZUKI,SUV,SIN DEFINIR,E VITARA,Estimado,Modelo estadístico,0.5528764200462303,8.184930955878469e-05
2026-10,SUZUKI,SUV,SIN DEFINIR,FRONX,Estimado,Modelo estadístico,124.2381866166873,0.018392554695244565
2026-10,SUZUKI,SUV,SIN DEFINIR,GRAND VITARA,Estimado,Modelo estadístico,38.788423061056434,0.0057423422871896775
2026-10,SUZUKI,SUV,SIN DEFINIR,JIMNY,Estimado,Modelo estadístico,232.4615627954653,0.03441423385749374
2026-10,SUZUKI,SUV,SIN DEFINIR,S CROSS,Estimado,Modelo estadístico,0.6867975038139291,0.00010167534634442614
2026-10,SUZUKI,SUV,SIN DEFINIR,VITARA,Estimado,Modelo estadístico,38.03257582956794,0.005630444633779031
2026-10,SWM,SUV,SIN DEFINIR,G01,Estimado,Modelo estadístico,0.7183984117318251,0.00010635362959313883
2026-10,TESLA,AUTOMOVILES,SD,MODEL 3 EV,Estimado,Modelo estadístico,0.1253018381553345,1.8550020524664698e-05
2026-10,TESLA,AUTOMOVILES,SD,MODEL S EV,Estimado,Modelo estadístico,0.1594599190354456,2.3606874524074617e-05
2026-10,TESLA,PICK-UP,LARGE,CYBERTRUCK,Estimado,Modelo estadístico,0.47696344643569805,7.061094913810198e-05
2026-10,TESLA,SUV,SIN DEFINIR,MODEL X,Estimado,Modelo estadístico,0.01766222718678917,2.6147635314022046e-06
2026-10,TESLA,SUV,SIN DEFINIR,MODEL Y,Estimado,Modelo estadístico,1.2230259202927594,0.00018106004075936017
2026-10,TOYOTA,AUTOMOVILES,HB,AGYA,Estimado,Modelo estadístico,14.044292603464617,0.0020791547824358394
2026-10,TOYOTA,AUTOMOVILES,HB,YARIS GR,Estimado,Modelo estadístico,0.968211814912741,0.00014333667648665354
2026-10,TOYOTA,AUTOMOVILES,HB,YARIS HB,Estimado,Modelo estadístico,1.5240347402050494,0.0002256221945926985
2026-10,TOYOTA,AUTOMOVILES,SD,BZ3,Estimado,Modelo estadístico,4.594146630143988,0.0006801298012631108
2026-10,TOYOTA,AUTOMOVILES,SD,COROLLA,Estimado,Modelo estadístico,1.1345277264005473,0.0001679585305400035
2026-10,TOYOTA,AUTOMOVILES,SD,COROLLA GR,Estimado,Modelo estadístico,0.017903380862990124,2.6504645690644007e-06
2026-10,TOYOTA,AUTOMOVILES,SD,COROLLA HV,Estimado,Modelo estadístico,1.9267059193327405,0.00028523471702233537
2026-10,TOYOTA,AUTOMOVILES,SD,YARIS SD,Estimado,Modelo estadístico,32.31109127937921,0.004783420700211666
2026-10,TOYOTA,BUSETAS,SIN DEFINIR,COASTER,Estimado,Modelo estadístico,3.937851103848842,0.000582970049560759
2026-10,TOYOTA,MICROBUS,SIN DEFINIR,HIACE,Estimado,Modelo estadístico,32.2296183554077,0.004771359229812464
2026-10,TOYOTA,PANEL,SIN DEFINIR,HIACE,Estimado,Modelo estadístico,4.75118239890949,0.0007033777980729848
2026-10,TOYOTA,PANEL,SIN DEFINIR,LITE ACE,Estimado,Modelo estadístico,22.23421913126462,0.0032916134935191458
2026-10,TOYOTA,PASAJEROS,SIN DEFINIR,AVANZA,Estimado,Modelo estadístico,3.8761872750376236,0.0005738411707915626
2026-10,TOYOTA,PASAJEROS,SIN DEFINIR,SIENNA,Estimado,Modelo estadístico,0.017903380862990124,2.6504645690644007e-06
2026-10,TOYOTA,PICK-UP,LARGE,TUNDRA,Estimado,Modelo estadístico,1.5226976098312552,0.00022542424222230084
2026-10,TOYOTA,PICK-UP,LARGE,TUNDRA HEV,Estimado,Modelo estadístico,0.4386071331904533,6.493257754815202e-05
2026-10,TOYOTA,PICK-UP,MEDIUM,HI-LUX,Estimado,Modelo estadístico,211.51075316629533,0.03131261975229874
2026-10,TOYOTA,PICK-UP,MEDIUM,LAND CRUISER PK,Estimado,Modelo estadístico,6.91473760233625,0.001023676318993788
2026-10,TOYOTA,PICK-UP,MEDIUM,TACOMA,Estimado,Modelo estadístico,3.102197666838315,0.0004592576712248955
2026-10,TOYOTA,SUV,LARGE,LAND CRUISER,Estimado,Modelo estadístico,5.526549859514465,0.0008181652786089764
2026-10,TOYOTA,SUV,LARGE,LAND CRUISER 300,Estimado,Modelo estadístico,11.073674131677704,0.0016393764485036382
2026-10,TOYOTA,SUV,LARGE,LAND CRUISER 300 HEV,Estimado,Modelo estadístico,0.4649813882935866,6.883709308190947e-05
2026-10,TOYOTA,SUV,LARGE,SEQUOIA,Estimado,Modelo estadístico,0.0788375614395051,1.1671324254671942e-05
2026-10,TOYOTA,SUV,LARGE,SEQUOIA HEV,Estimado,Modelo estadístico,0.7049493775000027,0.00010436259845816101
2026-10,TOYOTA,SUV,MEDIUM,4RUNNER,Estimado,Modelo estadístico,20.87277046766332,0.003090060978209886
2026-10,TOYOTA,SUV,MEDIUM,4RUNNER HEV,Estimado,Modelo estadístico,0.4930575978878655,7.299357052785896e-05
2026-10,TOYOTA,SUV,MEDIUM,HIGHLANDER,Estimado,Modelo estadístico,0.04837047115124761,7.160894411868171e-06
2026-10,TOYOTA,SUV,MEDIUM,HIGHLANDER HEV,Estimado,Modelo estadístico,0.136691935119209,2.0236241058763046e-05
2026-10,TOYOTA,SUV,MEDIUM,LAND CRUISER LX,Estimado,Modelo estadístico,6.548443592674327,0.0009694491703954805
2026-10,TOYOTA,SUV,MEDIUM,PRADO,Estimado,Modelo estadístico,116.3554399143695,0.017225571710226775
2026-10,TOYOTA,SUV,SIN DEFINIR,BZ4X,Estimado,Modelo estadístico,3.846044286834847,0.0005693787218916266
2026-10,TOYOTA,SUV,SIN DEFINIR,BZ5,Estimado,Modelo estadístico,0.5306973302580584,7.856585756122551e-05
2026-10,TOYOTA,SUV,SIN DEFINIR,C-HR,Estimado,Modelo estadístico,0.017903380862990124,2.6504645690644007e-06
2026-10,TOYOTA,SUV,SIN DEFINIR,COROLLA CROSS,Estimado,Modelo estadístico,28.022652588797826,0.004148548723070888
2026-10,TOYOTA,SUV,SIN DEFINIR,COROLLA CROSS HV,Estimado,Modelo estadístico,6.294987336059242,0.0009319268256994194
2026-10,TOYOTA,SUV,SIN DEFINIR,RAIZE,Estimado,Modelo estadístico,99.2454046099635,0.014692556147589906
2026-10,TOYOTA,SUV,SIN DEFINIR,RAV4,Estimado,Modelo estadístico,265.0412641518957,0.03923742031466304
2026-10,TOYOTA,SUV,SIN DEFINIR,RAV4 HV,Estimado,Modelo estadístico,33.85757047727655,0.005012365632578895
2026-10,TOYOTA,SUV,SIN DEFINIR,RUSH,Estimado,Modelo estadístico,15.35572836942223,0.002273303254105785
2026-10,TOYOTA,SUV,SIN DEFINIR,YARIS CROSS,Estimado,Modelo estadístico,170.94345884645767,0.025306928588133923
2026-10,TOYOTA,SUV,SIN DEFINIR,YARIS CROSS HV,Estimado,Modelo estadístico,12.10538092222959,0.0017921130916520665
2026-10,TOYOTA,SUV,SMALL,FJ CRUISER,Estimado,Modelo estadístico,0.017903380862990124,2.6504645690644007e-06
2026-10,TOYOTA,SUV,SMALL,FORTUNER,Estimado,Modelo estadístico,86.2612838391541,0.012770352049557003
2026-10,UD,CAMIONES,SIN DEFINIR,CRONER,Estimado,Modelo estadístico,0.3950651750318816,5.848650916307135e-05
2026-10,UD,CAMIONES,SIN DEFINIR,QUESTER,Estimado,Modelo estadístico,0.37750672280824243,5.588710875582374e-05
2026-10,VGV,PICK-UP,MEDIUM,VX7,Estimado,Modelo estadístico,1.4889256662551262,0.00022042455302605468
2026-10,VGV,SUV,SIN DEFINIR,U70-U75,Estimado,Modelo estadístico,17.496353845537524,0.0025902071966348063
2026-10,VOLKSWAGEN,AUTOMOVILES,HB,ID3,Estimado,Modelo estadístico,0.3451805845373511,5.110146045859121e-05
2026-10,VOLKSWAGEN,AUTOMOVILES,SD,ID.7,Estimado,Modelo estadístico,0.017217758588860058,2.548963206877572e-06
2026-10,VOLKSWAGEN,AUTOMOVILES,SD,JETTA,Estimado,Modelo estadístico,0.27915212524461813,4.1326430074968386e-05
2026-10,VOLKSWAGEN,BUS,SIN DEFINIR,17-260,Estimado,Modelo estadístico,0.5846432697967694,8.655215928191426e-05
2026-10,VOLKSWAGEN,CAMIONES,SIN DEFINIR,CONSTELLATION,Estimado,Modelo estadístico,5.247641607139914,0.0007768749521284306
2026-10,VOLKSWAGEN,CAMIONES,SIN DEFINIR,DELIVERY,Estimado,Modelo estadístico,3.4679708287070814,0.0005134077121175579
2026-10,VOLKSWAGEN,CAMIONES,SIN DEFINIR,E-DELIVERY,Estimado,Modelo estadístico,0.017217758588860058,2.548963206877572e-06
2026-10,VOLKSWAGEN,CAMIONES,SIN DEFINIR,METEOR,Estimado,Modelo estadístico,0.4892662294398755,7.24322861639409e-05
2026-10,VOLKSWAGEN,MICROBUS,SIN DEFINIR,VOLARE,Estimado,Modelo estadístico,0.017217758588860058,2.548963206877572e-06
2026-10,VOLKSWAGEN,PICK-UP,MEDIUM,AMAROK,Estimado,Modelo estadístico,5.637269272869487,0.0008345564778160333
2026-10,VOLKSWAGEN,PICK-UP,SMALL,SAVEIRO,Estimado,Modelo estadístico,5.3912634975832425,0.000798137122378576
2026-10,VOLKSWAGEN,SUV,SIN DEFINIR,ATLAS,Estimado,Modelo estadístico,0.017217758588860058,2.548963206877572e-06
2026-10,VOLKSWAGEN,SUV,SIN DEFINIR,ID.4,Estimado,Modelo estadístico,2.715216988514933,0.0004019680126594055
2026-10,VOLKSWAGEN,SUV,SIN DEFINIR,ID.6,Estimado,Modelo estadístico,1.6208157645619399,0.00023994991727137785
2026-10,VOLKSWAGEN,SUV,SIN DEFINIR,ID.UNYX,Estimado,Modelo estadístico,1.3898110717268164,0.00020575136235414517
2026-10,VOLKSWAGEN,SUV,SIN DEFINIR,NIVUS,Estimado,Modelo estadístico,4.16136456597022,0.0006160595825710448
2026-10,VOLKSWAGEN,SUV,SIN DEFINIR,T-CROSS,Estimado,Modelo estadístico,9.91632008863348,0.001468038648764744
2026-10,VOLKSWAGEN,SUV,SIN DEFINIR,TAOS,Estimado,Modelo estadístico,2.5160694784188364,0.00037248568060343964
2026-10,VOLKSWAGEN,SUV,SIN DEFINIR,TERA,Estimado,Modelo estadístico,14.168674905270287,0.002097568672330574
2026-10,VOLKSWAGEN,SUV,SIN DEFINIR,TIGUAN,Estimado,Modelo estadístico,7.442587953655516,0.001101820702149487
2026-10,VOLVO,AUTOMOVILES,SD,S60,Estimado,Modelo estadístico,0.014185217264279962,2.10001764757047e-06
2026-10,VOLVO,BUS,SIN DEFINIR,B430R,Estimado,Modelo estadístico,0.1513344570347574,2.24039593146561e-05
2026-10,VOLVO,BUS,SIN DEFINIR,B450R,Estimado,Modelo estadístico,0.28848369680523483,4.270790098174173e-05
2026-10,VOLVO,CAMIONES,SIN DEFINIR,FM,Estimado,Modelo estadístico,0.014185217264279962,2.10001764757047e-06
2026-10,VOLVO,SUV,MEDIUM,EX90,Estimado,Modelo estadístico,0.31345836261642923,4.640521755917276e-05
2026-10,VOLVO,SUV,MEDIUM,XC90,Estimado,Modelo estadístico,0.014185217264279962,2.10001764757047e-06
2026-10,VOLVO,SUV,MEDIUM,XC90 B6-T8,Estimado,Modelo estadístico,0.6346588279431032,9.395659678918282e-05
2026-10,VOLVO,SUV,SIN DEFINIR,C40 P8,Estimado,Modelo estadístico,1.1442996655343547,0.000169405194644589
2026-10,VOLVO,SUV,SIN DEFINIR,EX30,Estimado,Modelo estadístico,12.733969755819013,0.001885171070180711
2026-10,VOLVO,SUV,SIN DEFINIR,EX40,Estimado,Modelo estadístico,2.825744632559067,0.00041833082182282584
2026-10,VOLVO,SUV,SIN DEFINIR,XC40,Estimado,Modelo estadístico,1.406458719657937,0.00020821592484864625
2026-10,VOLVO,SUV,SIN DEFINIR,XC60 B5-B6,Estimado,Modelo estadístico,1.0818879799710215,0.0001601656011540009
2026-10,VOLVO,SUV,SIN DEFINIR,XC60 T8,Estimado,Modelo estadístico,0.37116711530744007,5.494857624114175e-05
2026-10,VOYAH - DONGFENG,SUV,SIN DEFINIR,COURAGE,Estimado,Modelo estadístico,0.04195653568167029,6.211358185136697e-06
2026-10,WULING,AUTOMOVILES,HB,BINGO,Estimado,Modelo estadístico,4.806279573920229,0.0007115345317837323
2026-10,WULING,AUTOMOVILES,HB,MINI EV,Estimado,Modelo estadístico,0.01898631759748426,2.8107854306536474e-06
2026-10,WULING,MICROBUS,SIN DEFINIR,LZW6500BEVA3,Estimado,Modelo estadístico,0.5419226747641244,8.022768769915068e-05
2026-10,WULING,PANEL,SIN DEFINIR,EV50,Estimado,Modelo estadístico,3.0264979538852717,0.00044805088248449907
2026-10,WULING,PANEL,SIN DEFINIR,YANGGUANG,Estimado,Modelo estadístico,1.2625086532181293,0.00018690517054291146
2026-10,WULING,PASAJEROS,SIN DEFINIR,ZENGCHENG,Estimado,Modelo estadístico,0.3490775604266946,5.167837923165684e-05
2026-10,WULING,PICK-UP,SMALL,RONGGUANG,Estimado,Modelo estadístico,0.12357358903081232,1.829416588435306e-05
2026-10,WULING,SUV,SIN DEFINIR,XINGCHI,Estimado,Modelo estadístico,0.01898631759748426,2.8107854306536474e-06
2026-10,XCMG,CAMIONES,SIN DEFINIR,SLM2600S,Estimado,Modelo estadístico,0.066559840825433,9.853697532350468e-06
2026-10,XCMG,CAMIONES,[3] MEDIANO [MD],SLM4,Estimado,Modelo estadístico,0.11220087453430136,1.6610518697390793e-05
2026-10,XCMG,CAMIONES,[4] PESADO [HD],XGA3251D3WC,Estimado,Modelo estadístico,0.066559840825433,9.853697532350468e-06
2026-10,XIAOMI,AUTOMOVILES,SD,SU7,Estimado,Modelo estadístico,0.04779021161977742,7.074991232977367e-06
2026-10,XIAOMI,SUV,SIN DEFINIR,YU7,Estimado,Modelo estadístico,0.3697589544023429,5.4740108320190736e-05
2026-10,XPENG,AUTOMOVILES,SD,P7,Estimado,Modelo estadístico,0.5887468388736646,8.715966266511618e-05
2026-10,XPENG,PASAJEROS,SIN DEFINIR,X9,Estimado,Modelo estadístico,3.2477424463448266,0.00048080451113443153
2026-10,XPENG,SUV,MEDIUM,G9,Estimado,Modelo estadístico,3.1232896984532648,0.0004623801922120111
2026-10,XPENG,SUV,SIN DEFINIR,G3,Estimado,Modelo estadístico,3.8247529473883493,0.0005662266948380369
2026-10,XPENG,SUV,SIN DEFINIR,G6,Estimado,Modelo estadístico,10.438007122524871,0.001545270597861452
2026-10,XPENG,SUV,SIN DEFINIR,G7,Estimado,Modelo estadístico,1.120545960367897,0.00016588863235897928
2026-10,YAXING,BUS,SIN DEFINIR,YBL6125H,Estimado,Modelo estadístico,0.06133013904629184,9.079478440522932e-06
2026-10,YUTONG,BUS,SIN DEFINIR,ZK6117H,Estimado,Modelo estadístico,0.15183482567252585,2.2478035231156196e-05
2026-10,YUTONG,BUS,SIN DEFINIR,ZK6132H,Estimado,Modelo estadístico,0.15183482567252585,2.2478035231156196e-05
2026-10,YUTONG,BUSETAS,SIN DEFINIR,ZK6729D2,Estimado,Modelo estadístico,0.48215749677591996,7.137989029519669e-05
2026-10,YUTONG,BUSETAS,SIN DEFINIR,ZK6860D D9,Estimado,Modelo estadístico,0.5529409262980758,8.185885923749108e-05
2026-10,YUTONG,BUSETAS,SIN DEFINIR,ZK6907H C9,Estimado,Modelo estadístico,0.4860899095271508,7.196205523643527e-05
2026-10,YUTONG,MICROBUS,SIN DEFINIR,ZK6600DQ,Estimado,Modelo estadístico,0.5241032327890495,7.75896496684082e-05
2026-10,ZEEKR,AUTOMOVILES,SD,001,Estimado,Modelo estadístico,2.0902064925181243,0.0003094397808349143
2026-10,ZEEKR,AUTOMOVILES,SD,007,Estimado,Modelo estadístico,0.2063218380798866,3.05444388319654e-05
2026-10,ZEEKR,PASAJEROS,SIN DEFINIR,09,Estimado,Modelo estadístico,0.05088230015509105,7.532752321230853e-06
2026-10,ZEEKR,SUV,LARGE,9X,Estimado,Modelo estadístico,1.2088779938244054,0.00017896554374133506
2026-10,ZEEKR,SUV,SIN DEFINIR,7X,Estimado,Modelo estadístico,14.921335655343999,0.0022089945904776695
2026-10,ZEEKR,SUV,SIN DEFINIR,X,Estimado,Modelo estadístico,11.819625936895116,0.001749809156442365
2026-10,ZHONGKE,CAMIONES,[4] PESADO [HD],315,Estimado,Modelo estadístico,0.12266027809258367,1.8158956881045863e-05
2026-10,ZOOMLION,CAMIONES,[4] PESADO [HD],ZAT300V8G,Estimado,Modelo estadístico,0.06133013904629184,9.079478440522932e-06
2026-10,ZOOMLION,CAMIONES,[4] PESADO [HD],ZTC250V5-1,Estimado,Modelo estadístico,0.06133013904629184,9.079478440522932e-06
2026-10,ZX,PICK-UP,MEDIUM,GRAND LION,Estimado,Modelo estadístico,1.8321092878584826,0.0002712303777305504
2026-10,ZX,PICK-UP,MEDIUM,GRAND TIGER,Estimado,Modelo estadístico,0.018111627963872213,2.681294028970454e-06
2026-10,ZX,PICK-UP,MEDIUM,TERRALORD,Estimado,Modelo estadístico,0.7939192744859116,0.00011753394086991357
2026-11,AIMA,AUTOMOVILES,HB,A05,Estimado,Modelo estadístico,0.06292727832868111,9.079478440522933e-06
2026-11,AION,AUTOMOVILES,HB,UT,Estimado,Modelo estadístico,3.5592159731378015,0.0005135423865700633
2026-11,AION,AUTOMOVILES,SD,S,Estimado,Modelo estadístico,0.037374236805193674,5.392551311870266e-06
2026-11,AION,SUV,SIN DEFINIR,I60,Estimado,Modelo estadístico,2.7695720533799224,0.00039960841174147243
2026-11,AION,SUV,SIN DEFINIR,LX,Estimado,Modelo estadístico,0.037374236805193674,5.392551311870266e-06
2026-11,AION,SUV,SIN DEFINIR,V,Estimado,Modelo estadístico,10.316662112472986,0.0014885422302725782
2026-11,AION,SUV,SIN DEFINIR,Y,Estimado,Modelo estadístico,8.901074631526262,0.0012842938287002529
2026-11,ANKAI,BUS,SIN DEFINIR,HFF6130GZ-5,Estimado,Modelo estadístico,1.0778632822635477,0.00015551977922875914
2026-11,ANKAI,BUSETAS,SIN DEFINIR,HFF,Estimado,Modelo estadístico,0.1806822843100745,2.6069789581699513e-05
2026-11,ARCFOX,AUTOMOVILES,SD,ALPHA S,Estimado,Modelo estadístico,0.8280799479799476,0.00011947972698648361
2026-11,ARCFOX,PASAJEROS,SIN DEFINIR,KAOLA S,Estimado,Modelo estadístico,0.6467889248607126,9.332210537008504e-05
2026-11,ARCFOX,SUV,SIN DEFINIR,ALPHA T,Estimado,Modelo estadístico,0.925418374417778,0.00013352422672887747
2026-11,ASTON MARTIN,AUTOMOVILES,SD,VANTAGE,Estimado,Modelo estadístico,0.01434971798859982,2.070452728378899e-06
2026-11,AUDI,AUTOMOVILES,HB,A3,Estimado,Modelo estadístico,0.7862250461760385,0.00011344068177982655
2026-11,AUDI,AUTOMOVILES,SD,A3,Estimado,Modelo estadístico,0.0599696893018001,8.65274195169478e-06
2026-11,AUDI,AUTOMOVILES,SD,A4,Estimado,Modelo estadístico,0.1039086665565271,1.4992488517550788e-05
2026-11,AUDI,AUTOMOVILES,SD,A5,Estimado,Modelo estadístico,0.6544081144118575,9.442144208225852e-05
2026-11,AUDI,AUTOMOVILES,SD,A6,Estimado,Modelo estadístico,0.0599696893018001,8.65274195169478e-06
2026-11,AUDI,AUTOMOVILES,SD,A6 E-TRON,Estimado,Modelo estadístico,1.00726381841483,0.00014533331753914319
2026-11,AUDI,AUTOMOVILES,SD,A8,Estimado,Modelo estadístico,0.13239885526307704,1.910320267837046e-05
2026-11,AUDI,AUTOMOVILES,SD,E-TRON GT,Estimado,Modelo estadístico,0.1968817813860979,2.840713815858896e-05
2026-11,AUDI,AUTOMOVILES,SD,RS3,Estimado,Modelo estadístico,0.16464031832458748,2.3755170418479708e-05
2026-11,AUDI,AUTOMOVILES,SD,S3,Estimado,Modelo estadístico,0.39737660475659536,5.7335585003543084e-05
2026-11,AUDI,SUV,LARGE,Q7,Estimado,Modelo estadístico,2.045730672683788,0.00029516877308331265
2026-11,AUDI,SUV,LARGE,Q8,Estimado,Modelo estadístico,0.5408910507139929,7.804260352685787e-05
2026-11,AUDI,SUV,LARGE,RSQ8,Estimado,Modelo estadístico,0.08051363817009398,1.1616930866057274e-05
2026-11,AUDI,SUV,LARGE,SQ7,Estimado,Modelo estadístico,0.24876699847908101,3.589340997090215e-05
2026-11,AUDI,SUV,SIN DEFINIR,E-TRON,Estimado,Modelo estadístico,0.1039086665565271,1.4992488517550788e-05
2026-11,AUDI,SUV,SIN DEFINIR,Q2,Estimado,Modelo estadístico,1.8419410786668164,0.0002657649394133495
2026-11,AUDI,SUV,SIN DEFINIR,Q2 E-TRON,Estimado,Modelo estadístico,0.016030712047073094,2.31299538583877e-06
2026-11,AUDI,SUV,SIN DEFINIR,Q3,Estimado,Modelo estadístico,17.407733526062216,0.002511679281959544
2026-11,AUDI,SUV,SIN DEFINIR,Q4 E-TRON,Estimado,Modelo estadístico,1.5372193174018667,0.00022179808218948844
2026-11,AUDI,SUV,SIN DEFINIR,Q5,Estimado,Modelo estadístico,8.92121056452007,0.001287199146939859
2026-11,AUDI,SUV,SIN DEFINIR,Q5 E-TRON,Estimado,Modelo estadístico,0.17633783251780405,2.5442949244226467e-05
2026-11,AUDI,SUV,SIN DEFINIR,Q6 E-TRON,Estimado,Modelo estadístico,5.972439092516518,0.0008617349012713388
2026-11,AUDI,SUV,SIN DEFINIR,Q8 E-TRON,Estimado,Modelo estadístico,3.750843778698868,0.0005411914534835995
2026-11,AUDI,SUV,SIN DEFINIR,RSQ3,Estimado,Modelo estadístico,0.016030712047073094,2.31299538583877e-06
2026-11,AUDI,SUV,SIN DEFINIR,SQ5,Estimado,Modelo estadístico,0.24876699847908101,3.589340997090215e-05
2026-11,AUDI,SUV,SIN DEFINIR,SQ8 E-TRON,Estimado,Modelo estadístico,0.23572559832070808,3.401172821511881e-05
2026-11,AVATR,AUTOMOVILES,SD,12,Estimado,Modelo estadístico,0.0866488185300278,1.2502146932701457e-05
2026-11,AVATR,SUV,MEDIUM,07,Estimado,Modelo estadístico,0.17576635691320727,2.536049374052393e-05
2026-11,AVATR,SUV,SIN DEFINIR,11,Estimado,Modelo estadístico,0.6642805394335777,9.584588745032608e-05
2026-11,B.M.W.,AUTOMOVILES,HB,118,Estimado,Modelo estadístico,0.12119249417038358,1.7486290003292144e-05
2026-11,B.M.W.,AUTOMOVILES,HB,128,Estimado,Modelo estadístico,0.01656707199381333,2.3903842178704325e-06
2026-11,B.M.W.,AUTOMOVILES,HB,I3 EV,Estimado,Modelo estadístico,0.12119249417038358,1.7486290003292144e-05
2026-11,B.M.W.,AUTOMOVILES,SD,218,Estimado,Modelo estadístico,1.3422153917420907,0.00019366189092443107
2026-11,B.M.W.,AUTOMOVILES,SD,220,Estimado,Modelo estadístico,0.0776123697553764,1.1198320611153047e-05
2026-11,B.M.W.,AUTOMOVILES,SD,320,Estimado,Modelo estadístico,1.4156530409344183,0.00020425786091190977
2026-11,B.M.W.,AUTOMOVILES,SD,330,Estimado,Modelo estadístico,0.01656707199381333,2.3903842178704325e-06
2026-11,B.M.W.,AUTOMOVILES,SD,340,Estimado,Modelo estadístico,0.01656707199381333,2.3903842178704325e-06
2026-11,B.M.W.,AUTOMOVILES,SD,420,Estimado,Modelo estadístico,0.3914886362850872,5.648603796741819e-05
2026-11,B.M.W.,AUTOMOVILES,SD,425,Estimado,Modelo estadístico,0.12119249417038358,1.7486290003292144e-05
2026-11,B.M.W.,AUTOMOVILES,SD,430,Estimado,Modelo estadístico,0.22581791634695383,3.258219578871386e-05
2026-11,B.M.W.,AUTOMOVILES,SD,520I,Estimado,Modelo estadístico,0.12119249417038358,1.7486290003292144e-05
2026-11,B.M.W.,AUTOMOVILES,SD,530,Estimado,Modelo estadístico,0.01656707199381333,2.3903842178704325e-06
2026-11,B.M.W.,AUTOMOVILES,SD,540I,Estimado,Modelo estadístico,0.01656707199381333,2.3903842178704325e-06
2026-11,B.M.W.,AUTOMOVILES,SD,I4,Estimado,Modelo estadístico,0.26074826304006554,3.7622129791000884e-05
2026-11,B.M.W.,AUTOMOVILES,SD,I5,Estimado,Modelo estadístico,0.13865766751693945,2.000625700443566e-05
2026-11,B.M.W.,AUTOMOVILES,SD,I7,Estimado,Modelo estadístico,0.01656707199381333,2.3903842178704325e-06
2026-11,B.M.W.,AUTOMOVILES,SD,M135,Estimado,Modelo estadístico,0.01656707199381333,2.3903842178704325e-06
2026-11,B.M.W.,AUTOMOVILES,SD,M2,Estimado,Modelo estadístico,0.3411884921728421,4.922846881534236e-05
2026-11,B.M.W.,AUTOMOVILES,SD,M240,Estimado,Modelo estadístico,0.12119249417038358,1.7486290003292144e-05
2026-11,B.M.W.,AUTOMOVILES,SD,M3,Estimado,Modelo estadístico,0.01656707199381333,2.3903842178704325e-06
2026-11,B.M.W.,AUTOMOVILES,SD,M4,Estimado,Modelo estadístico,0.0776123697553764,1.1198320611153047e-05
2026-11,B.M.W.,AUTOMOVILES,SD,M440,Estimado,Modelo estadístico,0.2868632141085169,4.139013218199648e-05
2026-11,B.M.W.,AUTOMOVILES,SD,M5,Estimado,Modelo estadístico,0.104775008787539,1.5117488927825992e-05
2026-11,B.M.W.,AUTOMOVILES,SD,Z4,Estimado,Modelo estadístico,0.0776123697553764,1.1198320611153047e-05
2026-11,B.M.W.,SUV,LARGE,X6,Estimado,Modelo estadístico,5.696177291205621,0.0008218743966450157
2026-11,B.M.W.,SUV,LARGE,X7,Estimado,Modelo estadístico,2.8284616095127104,0.00040810530640274863
2026-11,B.M.W.,SUV,LARGE,XM,Estimado,Modelo estadístico,0.0776123697553764,1.1198320611153047e-05
2026-11,B.M.W.,SUV,SIN DEFINIR,IX,Estimado,Modelo estadístico,3.745071821559421,0.0005403586451721785
2026-11,B.M.W.,SUV,SIN DEFINIR,IX1,Estimado,Modelo estadístico,11.492508437550542,0.0016581995178823594
2026-11,B.M.W.,SUV,SIN DEFINIR,IX2,Estimado,Modelo estadístico,3.113844988803337,0.00044928192023973754
2026-11,B.M.W.,SUV,SIN DEFINIR,IX3,Estimado,Modelo estadístico,5.225197529450538,0.0007539189613178713
2026-11,B.M.W.,SUV,SIN DEFINIR,X1,Estimado,Modelo estadístico,13.664540650822467,0.0019715917410374375
2026-11,B.M.W.,SUV,SIN DEFINIR,X2,Estimado,Modelo estadístico,0.04372971102597592,6.309552534543376e-06
2026-11,B.M.W.,SUV,SIN DEFINIR,X3,Estimado,Modelo estadístico,21.57826178280046,0.003113425017646127
2026-11,B.M.W.,SUV,SIN DEFINIR,X4,Estimado,Modelo estadístico,4.483087719197626,0.0006468434576309299
2026-11,B.M.W.,SUV,SIN DEFINIR,X5,Estimado,Modelo estadístico,12.01383701898019,0.0017334195455275324
2026-11,B.M.W.,SUV,SIN DEFINIR,X5 PHV,Estimado,Modelo estadístico,0.5396941828766646,7.7869913144979e-05
2026-11,BAIC,AUTOMOVILES,HB,EC3 EV,Estimado,Modelo estadístico,0.017812295345853518,2.5700515875512143e-06
2026-11,BAIC,AUTOMOVILES,SD,U5,Estimado,Modelo estadístico,0.017812295345853518,2.5700515875512143e-06
2026-11,BAIC,SUV,LARGE,BJ60,Estimado,Modelo estadístico,0.1959352488043887,2.8270567463063357e-05
2026-11,BAIC,SUV,LARGE,BJ60 EV,Estimado,Modelo estadístico,4.62807875324297,0.0006677635260439923
2026-11,BAIC,SUV,SIN DEFINIR,BJ30,Estimado,Modelo estadístico,7.248124480094495,0.0010457974935370728
2026-11,BAIC,SUV,SIN DEFINIR,X3,Estimado,Modelo estadístico,20.962611057555065,0.0030245956953677765
2026-11,BAIC,SUV,SIN DEFINIR,X5,Estimado,Modelo estadístico,6.469339604810224,0.0009334303187163867
2026-11,BAIC,SUV,SIN DEFINIR,X55,Estimado,Modelo estadístico,0.017812295345853518,2.5700515875512143e-06
2026-11,BAIC,SUV,SIN DEFINIR,X7,Estimado,Modelo estadístico,0.30601412499422725,4.415332625492258e-05
2026-11,BAIC,SUV,SMALL,BJ40,Estimado,Modelo estadístico,5.773725896060424,0.0008330635169211885
2026-11,BAIC,SUV,SMALL,BJ40 EV,Estimado,Modelo estadístico,2.4574797044140126,0.00035457808738694494
2026-11,BAIC,SUV,SMALL,BJ41,Estimado,Modelo estadístico,2.019511257573609,0.00029138569807135096
2026-11,BAIC,SUV,SMALL,BJ41 EV,Estimado,Modelo estadístico,2.2304002962988925,0.0003218138769359707
2026-11,BAOJUN,AUTOMOVILES,HB,E300,Estimado,Modelo estadístico,0.017841729568662455,2.5742985119138315e-06
2026-11,BAOJUN,SUV,SIN DEFINIR,YEP,Estimado,Modelo estadístico,0.568605592312697,8.204140324643385e-05
2026-11,BAOJUN,SUV,SIN DEFINIR,YUNHAI,Estimado,Modelo estadístico,2.3050629575248216,0.00033258659809788237
2026-11,BAW,AUTOMOVILES,HB,PONY,Estimado,Modelo estadístico,0.005882463661972506,8.487527732737773e-07
2026-11,BAW,PANEL,SIN DEFINIR,M7,Estimado,Modelo estadístico,0.014799040160120304,2.13528329276245e-06
2026-11,BAW,PASAJEROS,SIN DEFINIR,M7,Estimado,Modelo estadístico,0.03894810150927058,5.619636783044271e-06
2026-11,BAW,PASAJEROS,SIN DEFINIR,MPV,Estimado,Modelo estadístico,0.005882463661972506,8.487527732737773e-07
2026-11,BAW,PICK-UP,MEDIUM,CALORIE,Estimado,Modelo estadístico,0.005882463661972506,8.487527732737773e-07
2026-11,BAW,SUV,SMALL,212 OFFROAD,Estimado,Modelo estadístico,0.005882463661972506,8.487527732737773e-07
2026-11,BUICK,AUTOMOVILES,SD,VELITE 6,Estimado,Modelo estadístico,0.09897732839892225,1.4280969130822534e-05
2026-11,BYD,AUTOMOVILES,HB,D1,Estimado,Modelo estadístico,0.020157375065702306,2.908412014430984e-06
2026-11,BYD,AUTOMOVILES,HB,DOLPHIN,Estimado,Modelo estadístico,32.684357517679445,0.004715870879940119
2026-11,BYD,AUTOMOVILES,HB,E2 EV,Estimado,Modelo estadístico,2.5169788231600125,0.0003631629329456984
2026-11,BYD,AUTOMOVILES,HB,SEAGULL,Estimado,Modelo estadístico,61.83148775225935,0.008921372017073582
2026-11,BYD,AUTOMOVILES,SD,E5 EV,Estimado,Modelo estadístico,0.020157375065702306,2.908412014430984e-06
2026-11,BYD,AUTOMOVILES,SD,F3,Estimado,Modelo estadístico,0.020157375065702306,2.908412014430984e-06
2026-11,BYD,AUTOMOVILES,SD,HAN,Estimado,Modelo estadístico,0.020157375065702306,2.908412014430984e-06
2026-11,BYD,AUTOMOVILES,SD,QIN PLUS,Estimado,Modelo estadístico,0.11553914318245671,1.6670594810763918e-05
2026-11,BYD,AUTOMOVILES,SD,SEAL,Estimado,Modelo estadístico,0.4405387287992154,6.356324310509377e-05
2026-11,BYD,CAMIONES,SIN DEFINIR,T4,Estimado,Modelo estadístico,0.16702922495360292,2.40998544221526e-05
2026-11,BYD,PANEL,SIN DEFINIR,T3 EV,Estimado,Modelo estadístico,1.6612143981393772,0.00023968874411207797
2026-11,BYD,PASAJEROS,SIN DEFINIR,M3,Estimado,Modelo estadístico,0.020157375065702306,2.908412014430984e-06
2026-11,BYD,PICK-UP,MEDIUM,SHARK,Estimado,Modelo estadístico,4.226987658101343,0.0006098919948456643
2026-11,BYD,SUV,LARGE,ATTO8,Estimado,Modelo estadístico,1.0482603242810065,0.00015124850886848228
2026-11,BYD,SUV,MEDIUM,SEALION,Estimado,Modelo estadístico,20.793648856493387,0.00300021694099372
2026-11,BYD,SUV,MEDIUM,TI7,Estimado,Modelo estadístico,1.6357477238326088,0.00023601427849936872
2026-11,BYD,SUV,SIN DEFINIR,S1 PRO EV,Estimado,Modelo estadístico,173.7009716025207,0.02506248909297183
2026-11,BYD,SUV,SIN DEFINIR,S2 EV,Estimado,Modelo estadístico,0.020157375065702306,2.908412014430984e-06
2026-11,BYD,SUV,SIN DEFINIR,SONG PRO EV,Estimado,Modelo estadístico,15.047102024729918,0.002171074962312734
2026-11,BYD,SUV,SIN DEFINIR,TANG,Estimado,Modelo estadístico,5.7350797788184895,0.0008274874520153567
2026-11,BYD,SUV,SIN DEFINIR,YUAN PLUS EV,Estimado,Modelo estadístico,40.53714389976229,0.0058489121705826925
2026-11,BYD,SUV,SIN DEFINIR,YUAN UP EV,Estimado,Modelo estadístico,0.7387817967895018,0.00010659532041359247
2026-11,CADILLAC,SUV,LARGE,ESCALADE,Estimado,Modelo estadístico,1.4900148784834246,0.00021498717765269345
2026-11,CADILLAC,SUV,LARGE,LYRIQ,Estimado,Modelo estadístico,0.09974484754387238,1.4391710826861963e-05
2026-11,CADILLAC,SUV,SIN DEFINIR,XT4,Estimado,Modelo estadístico,0.013969832781534967,2.015640894162849e-06
2026-11,CADILLAC,SUV,SIN DEFINIR,XT5,Estimado,Modelo estadístico,0.1218164588875595,1.75763189120216e-05
2026-11,CAMC,CAMIONES,[4] PESADO [HD],HN3310B42C3M3,Estimado,Modelo estadístico,0.06292727832868111,9.079478440522933e-06
2026-11,CAMC,CAMIONES,[4] PESADO [HD],HN4180,Estimado,Modelo estadístico,0.06292727832868111,9.079478440522933e-06
2026-11,CHANGAN,AUTOMOVILES,HB,BENBEN,Estimado,Modelo estadístico,0.016455973224769684,2.3743543035774342e-06
2026-11,CHANGAN,AUTOMOVILES,HB,LUMIN,Estimado,Modelo estadístico,0.9678581931345678,0.000139647666821839
2026-11,CHANGAN,AUTOMOVILES,SD,ALSVIN,Estimado,Modelo estadístico,2.772359482504604,0.0004000105966653117
2026-11,CHANGAN,PANEL,SIN DEFINIR,EM60,Estimado,Modelo estadístico,0.18869994255475936,2.7226619451185828e-05
2026-11,CHANGAN,PANEL,SIN DEFINIR,HONOR,Estimado,Modelo estadístico,3.0551920890851245,0.0004408191716097377
2026-11,CHANGAN,PANEL,SIN DEFINIR,KARVAAN,Estimado,Modelo estadístico,0.10257795788976451,1.480048687738163e-05
2026-11,CHANGAN,PANEL,SIN DEFINIR,STAR 3,Estimado,Modelo estadístico,0.4086447111382797,5.896140661342815e-05
2026-11,CHANGAN,PANEL,SIN DEFINIR,STAR 9,Estimado,Modelo estadístico,1.1390510919681334,0.00016434827799417285
2026-11,CHANGAN,PASAJEROS,SIN DEFINIR,EM60,Estimado,Modelo estadístico,0.016455973224769684,2.3743543035774342e-06
2026-11,CHANGAN,PASAJEROS,SIN DEFINIR,HONOR S,Estimado,Modelo estadístico,2.0833836051846455,0.0003006015360748781
2026-11,CHANGAN,PASAJEROS,SIN DEFINIR,KARVAAN,Estimado,Modelo estadístico,0.10257795788976451,1.480048687738163e-05
2026-11,CHANGAN,PASAJEROS,SIN DEFINIR,M600,Estimado,Modelo estadístico,0.016455973224769684,2.3743543035774342e-06
2026-11,CHANGAN,PASAJEROS,SIN DEFINIR,STAR 3,Estimado,Modelo estadístico,1.2664221447219066,0.0001827260429021698
2026-11,CHANGAN,PICK-UP,MEDIUM,HUNTER,Estimado,Modelo estadístico,8.724569692743442,0.0012588267684858591
2026-11,CHANGAN,PICK-UP,MEDIUM,HUNTER EV,Estimado,Modelo estadístico,3.1168474211645836,0.0004497151269605285
2026-11,CHANGAN,PICK-UP,MEDIUM,LANTUOZHE,Estimado,Modelo estadístico,0.11936037339300738,1.7221941988560996e-05
2026-11,CHANGAN,SUV,LARGE,E07,Estimado,Modelo estadístico,0.11936037339300738,1.7221941988560996e-05
2026-11,CHANGAN,SUV,MEDIUM,CS 75,Estimado,Modelo estadístico,3.289091390494572,0.00047456739210813677
2026-11,CHANGAN,SUV,MEDIUM,X7 PLUS,Estimado,Modelo estadístico,4.032598479977318,0.0005818445025859582
2026-11,CHANGAN,SUV,SIN DEFINIR,CS 15,Estimado,Modelo estadístico,10.087408077905074,0.0014554642532879365
2026-11,CHANGAN,SUV,SIN DEFINIR,CS 55,Estimado,Modelo estadístico,29.433371621182634,0.004246801548774822
2026-11,CHANGAN,SUV,SIN DEFINIR,CS35,Estimado,Modelo estadístico,52.16060786165758,0.007526006639772895
2026-11,CHANGAN,SUV,SIN DEFINIR,CS35 MAX,Estimado,Modelo estadístico,3.6335793291545526,0.0005242719224033537
2026-11,CHANGAN,SUV,SIN DEFINIR,Q05,Estimado,Modelo estadístico,0.21316659514029504,3.075679667419925e-05
2026-11,CHANGAN,SUV,SIN DEFINIR,S05,Estimado,Modelo estadístico,7.216056131830205,0.001041170503709736
2026-11,CHANGAN,SUV,SIN DEFINIR,S07,Estimado,Modelo estadístico,1.7340393121196878,0.00025019630544284983
2026-11,CHANGAN,SUV,SIN DEFINIR,UNI-K,Estimado,Modelo estadístico,1.248195136128786,0.00018009615430771844
2026-11,CHANGAN,SUV,SIN DEFINIR,UNI-T,Estimado,Modelo estadístico,2.6685547955098388,0.00038503311086541126
2026-11,CHENGLONG,CAMIONES,SIN DEFINIR,H5,Estimado,Modelo estadístico,0.026130060796808456,3.770182502014279e-06
2026-11,CHENGLONG,CAMIONES,SIN DEFINIR,H7,Estimado,Modelo estadístico,0.026130060796808456,3.770182502014279e-06
2026-11,CHENGLONG,CAMIONES,SIN DEFINIR,M3,Estimado,Modelo estadístico,0.026130060796808456,3.770182502014279e-06
2026-11,CHENGLONG,CAMIONES,SIN DEFINIR,T7,Estimado,Modelo estadístico,0.022057843529773368,3.1826215926094557e-06
2026-11,CHERY,PICK-UP,MEDIUM,HIMLA,Estimado,Modelo estadístico,18.50592498087662,0.0026701321167615427
2026-11,CHERY,SUV,LARGE,ICAR V27,Estimado,Modelo estadístico,8.508164138776248,0.0012276026378093062
2026-11,CHERY,SUV,LARGE,TIGGO 9,Estimado,Modelo estadístico,0.06933069209256874,1.0003396632428375e-05
2026-11,CHERY,SUV,LARGE,TIGGO 9 PHEV,Estimado,Modelo estadístico,0.04310866027738178,6.219944068515678e-06
2026-11,CHERY,SUV,SIN DEFINIR,EQ5,Estimado,Modelo estadístico,0.016886628462194794,2.4364915046029773e-06
2026-11,CHERY,SUV,SIN DEFINIR,EQ7,Estimado,Modelo estadístico,2.3531901188940383,0.0003395306378793742
2026-11,CHERY,SUV,SIN DEFINIR,FULWIN X3,Estimado,Modelo estadístico,0.20558168424695153,2.9662405866929713e-05
2026-11,CHERY,SUV,SIN DEFINIR,ICAR 03,Estimado,Modelo estadístico,78.32232002269328,0.011300755966966126
2026-11,CHERY,SUV,SIN DEFINIR,ICAR V23,Estimado,Modelo estadístico,10.678157280300951,0.0015407006529760637
2026-11,CHERY,SUV,SIN DEFINIR,Q,Estimado,Modelo estadístico,0.11123415635457316,1.6049448685766345e-05
2026-11,CHERY,SUV,SIN DEFINIR,TIGGO 2,Estimado,Modelo estadístico,78.02980506451924,0.011258550371446812
2026-11,CHERY,SUV,SIN DEFINIR,TIGGO 4,Estimado,Modelo estadístico,37.16425085293158,0.005362253435066855
2026-11,CHERY,SUV,SIN DEFINIR,TIGGO 7,Estimado,Modelo estadístico,33.25506327779568,0.004798215306434978
2026-11,CHERY,SUV,SIN DEFINIR,TIGGO 8,Estimado,Modelo estadístico,16.05729552760225,0.002316830990122779
2026-11,CHEVROLET,AUTOMOVILES,HB,AVEO HB,Estimado,Modelo estadístico,8.087205659611804,0.0011668645360283039
2026-11,CHEVROLET,AUTOMOVILES,HB,BOLT,Estimado,Modelo estadístico,0.01647745739541138,2.3774541526307323e-06
2026-11,CHEVROLET,AUTOMOVILES,SD,AVEO,Estimado,Modelo estadístico,1.0241025226955995,0.0001477628942909778
2026-11,CHEVROLET,AUTOMOVILES,SD,CAMARO,Estimado,Modelo estadístico,0.01647745739541138,2.3774541526307323e-06
2026-11,CHEVROLET,AUTOMOVILES,SD,CAVALIER,Estimado,Modelo estadístico,0.01647745739541138,2.3774541526307323e-06
2026-11,CHEVROLET,AUTOMOVILES,SD,CORVETTE,Estimado,Modelo estadístico,0.22093174915554445,3.187719390639073e-05
2026-11,CHEVROLET,AUTOMOVILES,SD,ONIX,Estimado,Modelo estadístico,0.09108633210707734,1.3142414713581876e-05
2026-11,CHEVROLET,CAMIONES,SIN DEFINIR,W4500,Estimado,Modelo estadístico,0.01647745739541138,2.3774541526307323e-06
2026-11,CHEVROLET,MICROBUS,SIN DEFINIR,EXPRESS,Estimado,Modelo estadístico,0.01647745739541138,2.3774541526307323e-06
2026-11,CHEVROLET,PANEL,SIN DEFINIR,N400,Estimado,Modelo estadístico,23.28195705433953,0.0033592431254365843
2026-11,CHEVROLET,PICK-UP,LARGE,SILVERADO,Estimado,Modelo estadístico,23.16744047426673,0.003342720071405508
2026-11,CHEVROLET,PICK-UP,LARGE,SILVERADO EV,Estimado,Modelo estadístico,0.2869745551227549,4.140619704869927e-05
2026-11,CHEVROLET,PICK-UP,MEDIUM,COLORADO,Estimado,Modelo estadístico,16.81853007428552,0.0024266659112946645
2026-11,CHEVROLET,PICK-UP,SMALL,MONTANA,Estimado,Modelo estadístico,0.09108633210707734,1.3142414713581876e-05
2026-11,CHEVROLET,SUV,LARGE,SUBURBAN,Estimado,Modelo estadístico,1.9943126871017074,0.0002877499158889941
2026-11,CHEVROLET,SUV,LARGE,TAHOE,Estimado,Modelo estadístico,13.677696409480758,0.001973489923038616
2026-11,CHEVROLET,SUV,LARGE,TRAVERSE,Estimado,Modelo estadístico,3.815669240469879,0.0005505448118073549
2026-11,CHEVROLET,SUV,MEDIUM,BLAZER,Estimado,Modelo estadístico,0.09108633210707734,1.3142414713581876e-05
2026-11,CHEVROLET,SUV,MEDIUM,TRAIL BLAZER,Estimado,Modelo estadístico,4.075754785366174,0.000588071321141563
2026-11,CHEVROLET,SUV,SIN DEFINIR,CAPTIVA,Estimado,Modelo estadístico,7.5370522788644525,0.0010874855148447402
2026-11,CHEVROLET,SUV,SIN DEFINIR,CAPTIVA PHEV,Estimado,Modelo estadístico,1.8197914422443682,0.0002625690734597543
2026-11,CHEVROLET,SUV,SIN DEFINIR,GROOVE,Estimado,Modelo estadístico,37.62573231358874,0.005428838405591919
2026-11,CHEVROLET,SUV,SIN DEFINIR,MENLO,Estimado,Modelo estadístico,0.01647745739541138,2.3774541526307323e-06
2026-11,CHEVROLET,SUV,SIN DEFINIR,SPARK EUV,Estimado,Modelo estadístico,5.738662638638734,0.0008280044058604508
2026-11,CHEVROLET,SUV,SIN DEFINIR,TRACKER,Estimado,Modelo estadístico,8.609809719101545,0.0012422685963514434
2026-11,CHEVROLET,SUV,SIN DEFINIR,TRAX,Estimado,Modelo estadístico,3.5982930298642777,0.0005191806296895885
2026-11,CITROEN,AUTOMOVILES,HB,C3 HB,Estimado,Modelo estadístico,1.5368254835190989,0.00022174125776703272
2026-11,CITROEN,AUTOMOVILES,SD,C-ELYSEE,Estimado,Modelo estadístico,0.014258956365407586,2.057357164374105e-06
2026-11,CITROEN,MICROBUS,SIN DEFINIR,BERLINGO,Estimado,Modelo estadístico,0.014258956365407586,2.057357164374105e-06
2026-11,CITROEN,PANEL,SIN DEFINIR,BERLINGO,Estimado,Modelo estadístico,2.800797378283195,0.00040411376572765256
2026-11,CITROEN,PANEL,SIN DEFINIR,JUMPER,Estimado,Modelo estadístico,0.4049704725926776,5.843126816558545e-05
2026-11,CITROEN,PANEL,SIN DEFINIR,JUMPY,Estimado,Modelo estadístico,0.8085714409016719,0.00011666493705549653
2026-11,CITROEN,SUV,SIN DEFINIR,BASALT,Estimado,Modelo estadístico,0.8923528794328804,0.00012875336333204496
2026-11,CITROEN,SUV,SIN DEFINIR,C3 AIRCROSS,Estimado,Modelo estadístico,0.5781724849408489,8.342176479498843e-05
2026-11,CITROEN,SUV,SIN DEFINIR,C4 CACTUS,Estimado,Modelo estadístico,0.3936922020211688,5.680398001297316e-05
2026-11,CITROEN,SUV,SIN DEFINIR,C5 AIRCROSS,Estimado,Modelo estadístico,0.4508891456338207,6.505665564407833e-05
2026-11,CLW,CAMIONES,[2] LIVIANO [LD],CLW5030,Estimado,Modelo estadístico,0.06292727832868111,9.079478440522933e-06
2026-11,CLW,CAMIONES,[3] MEDIANO [MD],CLW5130,Estimado,Modelo estadístico,0.06292727832868111,9.079478440522933e-06
2026-11,DAGANG,CAMIONES,[3] MEDIANO [MD],SS6000,Estimado,Modelo estadístico,0.06292727832868111,9.079478440522933e-06
2026-11,DAYUN,CAMIONES,SIN DEFINIR,CGC4250,Estimado,Modelo estadístico,0.4008876539709015,5.7842177637001665e-05
2026-11,DAYUN,CAMIONES,SIN DEFINIR,WB39,Estimado,Modelo estadístico,0.05908851728855673,8.52560182249919e-06
2026-11,DAYUN,CAMIONES,[4] PESADO [HD],CGC4251,Estimado,Modelo estadístico,0.7780383161829043,0.00011225945734989335
2026-11,DAYUN,CAMIONES,[4] PESADO [HD],DYK5310,Estimado,Modelo estadístico,0.10791696538603456,1.5570826938856687e-05
2026-11,DAYUN,CAMIONES,[4] PESADO [HD],DYX1310,Estimado,Modelo estadístico,0.6450298944582906,9.306830321878915e-05
2026-11,DAYUN,PASAJEROS,SIN DEFINIR,YUANZHI M1,Estimado,Modelo estadístico,0.05908851728855673,8.52560182249919e-06
2026-11,DAYUN,PICK-UP,MEDIUM,DYQ1030 BEV1H2,Estimado,Modelo estadístico,0.05908851728855673,8.52560182249919e-06
2026-11,DAYUN,SUV,SIN DEFINIR,YUEHU,Estimado,Modelo estadístico,0.05908851728855673,8.52560182249919e-06
2026-11,DENZA,SUV,LARGE,N9,Estimado,Modelo estadístico,0.6908320773039992,9.967688287965395e-05
2026-11,DENZA,SUV,SIN DEFINIR,B3,Estimado,Modelo estadístico,5.664823033892793,0.0008173504396131623
2026-11,DFSK,CAMIONES,SIN DEFINIR,C32,Estimado,Modelo estadístico,0.3250010405339102,4.6892858217422995e-05
2026-11,DFSK,CAMIONES,[1] ULTRA LIVIANO [ULD],C31,Estimado,Modelo estadístico,1.3906437184219564,0.00020064938441976047
2026-11,DFSK,MICROBUS,SIN DEFINIR,C37,Estimado,Modelo estadístico,2.314327504321814,0.00033392333560089573
2026-11,DFSK,PANEL,SIN DEFINIR,C35,Estimado,Modelo estadístico,2.7103682302490912,0.00039106617298604365
2026-11,DFSK,PANEL,SIN DEFINIR,EC35,Estimado,Modelo estadístico,0.016770169014138907,2.4196881233682816e-06
2026-11,DFSK,PANEL,SIN DEFINIR,EC75,Estimado,Modelo estadístico,0.1228256848515737,1.7721935338240157e-05
2026-11,DFSK,SUV,SIN DEFINIR,E5,Estimado,Modelo estadístico,2.31309377365734,0.00033374532645657844
2026-11,DFSK,SUV,SIN DEFINIR,GLORY 500,Estimado,Modelo estadístico,7.129667205230986,0.0010287058553507106
2026-11,DFSK,SUV,SIN DEFINIR,GLORY 560,Estimado,Modelo estadístico,5.0669227596162845,0.0007310822456906223
2026-11,DFSK,SUV,SIN DEFINIR,GLORY 580,Estimado,Modelo estadístico,2.194678503587954,0.0003166597489426745
2026-11,DFSK,SUV,SIN DEFINIR,GLORY 600,Estimado,Modelo estadístico,0.016770169014138907,2.4196881233682816e-06
2026-11,DFSK,SUV,SIN DEFINIR,SERES 3,Estimado,Modelo estadístico,0.016770169014138907,2.4196881233682816e-06
2026-11,DFSK,SUV,SIN DEFINIR,SERES 5,Estimado,Modelo estadístico,2.0577926700836207,0.0002969091414617033
2026-11,DONGFENG,AUTOMOVILES,HB,NAMMI 01,Estimado,Modelo estadístico,8.611660589349151,0.00124253564963828
2026-11,DONGFENG,AUTOMOVILES,HB,NANO BOX,Estimado,Modelo estadístico,4.8275686421089485,0.0006965469756570582
2026-11,DONGFENG,BUSETAS,SIN DEFINIR,DF6768,Estimado,Modelo estadístico,0.24732187689060683,3.568490023307506e-05
2026-11,DONGFENG,PICK-UP,MEDIUM,RICH,Estimado,Modelo estadístico,17.360351732576667,0.002504842787773695
2026-11,DONGFENG,PICK-UP,MEDIUM,RICH EV,Estimado,Modelo estadístico,0.021268773557749327,3.068770429976367e-06
2026-11,DONGFENG,PICK-UP,MEDIUM,Z9,Estimado,Modelo estadístico,0.22213101076368336,3.205022967410295e-05
2026-11,DONGFENG,SUV,MEDIUM,M-HERO 917,Estimado,Modelo estadístico,0.021268773557749327,3.068770429976367e-06
2026-11,DONGFENG,SUV,SIN DEFINIR,AEOLUS L7,Estimado,Modelo estadístico,0.021268773557749327,3.068770429976367e-06
2026-11,DONGFENG,SUV,SIN DEFINIR,EX1,Estimado,Modelo estadístico,0.021268773557749327,3.068770429976367e-06
2026-11,DONGFENG,SUV,SIN DEFINIR,FRIDAY,Estimado,Modelo estadístico,14.180113611711567,0.002045981317501538
2026-11,DONGFENG,SUV,SIN DEFINIR,JOYEAR SX6,Estimado,Modelo estadístico,0.021268773557749327,3.068770429976367e-06
2026-11,DONGFENG,SUV,SIN DEFINIR,JOYEAR X5,Estimado,Modelo estadístico,0.021268773557749327,3.068770429976367e-06
2026-11,DONGFENG,SUV,SIN DEFINIR,MAGE,Estimado,Modelo estadístico,0.6491294377786566,9.365980687478451e-05
2026-11,DONGFENG,SUV,SIN DEFINIR,MAGE EV,Estimado,Modelo estadístico,0.3461300396335871,4.9941461253984126e-05
2026-11,DONGFENG,SUV,SIN DEFINIR,MNV,Estimado,Modelo estadístico,0.15859162694492646,2.2882433436464422e-05
2026-11,DONGFENG,SUV,SIN DEFINIR,NAMMI 06,Estimado,Modelo estadístico,74.25567773101912,0.010713999444306455
2026-11,DONGFENG,SUV,SIN DEFINIR,SX5,Estimado,Modelo estadístico,1.8064658675910517,0.00026064638951432104
2026-11,DONGFENG,SUV,SIN DEFINIR,T5 EVO,Estimado,Modelo estadístico,0.5705601871064578,8.232342245592859e-05
2026-11,DONGFENG,SUV,SIN DEFINIR,T5L,Estimado,Modelo estadístico,0.15859162694492646,2.2882433436464422e-05
2026-11,DONGFENG I,CAMIONES,SIN DEFINIR,CAPTAIN 5.0T,Estimado,Modelo estadístico,0.11911059065562536,1.718590202244282e-05
2026-11,DONGFENG I,CAMIONES,SIN DEFINIR,CAPTAIN E 3.5T,Estimado,Modelo estadístico,0.5112130057935355,7.376049922854835e-05
2026-11,DONGFENG I,CAMIONES,SIN DEFINIR,CAPTAIN W,Estimado,Modelo estadístico,0.045157926885951015,6.5156230250121565e-06
2026-11,DONGFENG I,CAMIONES,SIN DEFINIR,CHENGLONG M3,Estimado,Modelo estadístico,0.021084986871147817,3.0422527209164317e-06
2026-11,DONGFENG I,CAMIONES,SIN DEFINIR,DF116,Estimado,Modelo estadístico,0.5352859458083385,7.723386953264406e-05
2026-11,DONGFENG I,CAMIONES,SIN DEFINIR,DF1819,Estimado,Modelo estadístico,0.14318353067042855,2.0659272326538544e-05
2026-11,DONGFENG I,CAMIONES,SIN DEFINIR,DFH4250C2,Estimado,Modelo estadístico,0.1895955669747702,2.7355844849586508e-05
2026-11,DONGFENG I,CAMIONES,SIN DEFINIR,DOLLICAR,Estimado,Modelo estadístico,0.28762117075924776,4.1499494151112895e-05
2026-11,DONGFENG I,CAMIONES,SIN DEFINIR,EQ1141G7D2,Estimado,Modelo estadístico,0.021084986871147817,3.0422527209164317e-06
2026-11,DONGFENG I,CAMIONES,SIN DEFINIR,EV150,Estimado,Modelo estadístico,0.021084986871147817,3.0422527209164317e-06
2026-11,DONGFENG I,CAMIONES,SIN DEFINIR,EV18,Estimado,Modelo estadístico,0.021084986871147817,3.0422527209164317e-06
2026-11,DONGFENG I,CAMIONES,SIN DEFINIR,EV200,Estimado,Modelo estadístico,0.021084986871147817,3.0422527209164317e-06
2026-11,DONGFENG I,CAMIONES,SIN DEFINIR,EV400,Estimado,Modelo estadístico,0.021084986871147817,3.0422527209164317e-06
2026-11,DONGFENG I,CAMIONES,SIN DEFINIR,RUICHI EG71,Estimado,Modelo estadístico,0.021084986871147817,3.0422527209164317e-06
2026-11,DONGFENG I,CAMIONES,SIN DEFINIR,V92-711,Estimado,Modelo estadístico,1.0384787821479846,0.00014983717656124405
2026-11,DONGFENG I,CAMIONES,[3] MEDIANO [MD],DF1214,Estimado,Modelo estadístico,0.7110547519074688,0.000102594716654585
2026-11,DONGFENG I,CAMIONES,[3] MEDIANO [MD],DF310,Estimado,Modelo estadístico,1.8134093335515247,0.00026164822927547096
2026-11,DONGFENG I,CAMIONES,[3] MEDIANO [MD],DF813,Estimado,Modelo estadístico,0.9885990583931136,0.00014264026786790914
2026-11,DONGFENG I,CAMIONES,[3] MEDIANO [MD],DLQ5090TQZ3 (CA,Estimado,Modelo estadístico,0.11911059065562536,1.718590202244282e-05
2026-11,DONGFENG I,CAMIONES,[4] PESADO [HD],EQ3313GP6,Estimado,Modelo estadístico,0.11911059065562536,1.718590202244282e-05
2026-11,DONGFENG I,MICROBUS,SIN DEFINIR,DF3050P,Estimado,Modelo estadístico,1.621148664527548,0.00023390784949540205
2026-11,DONGFENG I,MICROBUS,SIN DEFINIR,DFA6768,Estimado,Modelo estadístico,0.21713619444010288,3.13295513239692e-05
2026-11,DONGFENG I,MICROBUS,SIN DEFINIR,EQ6550,Estimado,Modelo estadístico,0.021084986871147817,3.0422527209164317e-06
2026-11,DONGFENG I,MICROBUS,SIN DEFINIR,UVAN DF-23P,Estimado,Modelo estadístico,0.21713619444010288,3.13295513239692e-05
2026-11,DONGFENG I,PANEL,SIN DEFINIR,DF3050,Estimado,Modelo estadístico,0.855492391996288,0.00012343493847915936
2026-11,DONGFENG I,PANEL,SIN DEFINIR,EM26,Estimado,Modelo estadístico,0.021084986871147817,3.0422527209164317e-06
2026-11,DONGFENG I,PANEL,SIN DEFINIR,M5,Estimado,Modelo estadístico,0.021084986871147817,3.0422527209164317e-06
2026-11,DONGFENG I,PANEL,SIN DEFINIR,UVAN,Estimado,Modelo estadístico,0.11911059065562536,1.718590202244282e-05
2026-11,DONGFENG I,PICK-UP,MEDIUM,P22,Estimado,Modelo estadístico,1.364209610606177,0.0001968353324158867
2026-11,FANGCHENGBAO,SUV,LARGE,BAO 8,Estimado,Modelo estadístico,0.23672224634343855,3.4155529829863794e-05
2026-11,FANGCHENGBAO,SUV,MEDIUM,BAO 5,Estimado,Modelo estadístico,0.15825971828223426,2.283454391021801e-05
2026-11,FANGCHENGBAO,SUV,MEDIUM,TAI 7,Estimado,Modelo estadístico,0.34960345119159936,5.0442623328582566e-05
2026-11,FANGCHENGBAO,SUV,SIN DEFINIR,BAO 3,Estimado,Modelo estadístico,11.617512953180153,0.0016762358263764097
2026-11,FAW,CAMIONES,SIN DEFINIR,ACTIS,Estimado,Modelo estadístico,0.5389021584143314,7.775563569295637e-05
2026-11,FAW,CAMIONES,SIN DEFINIR,CA1081,Estimado,Modelo estadístico,0.1676005065020155,2.418228192640899e-05
2026-11,FAW,CAMIONES,SIN DEFINIR,CA1160,Estimado,Modelo estadístico,0.1676005065020155,2.418228192640899e-05
2026-11,FAW,CAMIONES,SIN DEFINIR,TIGER,Estimado,Modelo estadístico,6.2030470975147765,0.0008950082362256551
2026-11,FAW I,CAMIONES,SIN DEFINIR,CA1040,Estimado,Modelo estadístico,0.013093612624125317,1.8892152447521306e-06
2026-11,FAW I,CAMIONES,SIN DEFINIR,CA1083,Estimado,Modelo estadístico,0.013093612624125317,1.8892152447521306e-06
2026-11,FAW I,CAMIONES,SIN DEFINIR,JK6,Estimado,Modelo estadístico,0.047687645538186926,6.88062412745291e-06
2026-11,FAW I,CAMIONES,SIN DEFINIR,WB 2500,Estimado,Modelo estadístico,0.013093612624125317,1.8892152447521306e-06
2026-11,FAW I,PASAJEROS,SIN DEFINIR,BESTUNE E05,Estimado,Modelo estadístico,1.285623417108253,0.00018549650339708972
2026-11,FAW I,SUV,SIN DEFINIR,BESTUNE T33,Estimado,Modelo estadístico,0.013093612624125317,1.8892152447521306e-06
2026-11,FAW I,SUV,SIN DEFINIR,BESTUNE T55,Estimado,Modelo estadístico,0.2709138181229526,3.9088869504880324e-05
2026-11,FAW I,SUV,SIN DEFINIR,BESTUNE T77,Estimado,Modelo estadístico,0.12358798640933703,1.78319242133785e-05
2026-11,FAW I,SUV,SIN DEFINIR,BESTUNE T99,Estimado,Modelo estadístico,0.013093612624125317,1.8892152447521306e-06
2026-11,FAW I,SUV,SIN DEFINIR,JOYFUL 03,Estimado,Modelo estadístico,1.8951869788811109,0.00027344753773766913
2026-11,FAW I,SUV,SIN DEFINIR,X40,Estimado,Modelo estadístico,0.013093612624125317,1.8892152447521306e-06
2026-11,FERRARI,AUTOMOVILES,SD,12CILINDRI,Estimado,Modelo estadístico,0.038019078278783314,5.485592428735854e-06
2026-11,FERRARI,AUTOMOVILES,SD,296 GTB,Estimado,Modelo estadístico,0.06008196308305135,8.668941402924535e-06
2026-11,FERRARI,AUTOMOVILES,SD,458,Estimado,Modelo estadístico,0.016744153646096282,2.415934489339625e-06
2026-11,FERRARI,AUTOMOVILES,SD,812 GTS,Estimado,Modelo estadístico,0.016744153646096282,2.415934489339625e-06
2026-11,FERRARI,AUTOMOVILES,SD,F8,Estimado,Modelo estadístico,0.016744153646096282,2.415934489339625e-06
2026-11,FERRARI,AUTOMOVILES,SD,PORTOFINO,Estimado,Modelo estadístico,0.016744153646096282,2.415934489339625e-06
2026-11,FERRARI,AUTOMOVILES,SD,ROMA,Estimado,Modelo estadístico,0.016744153646096282,2.415934489339625e-06
2026-11,FERRARI,SUV,SIN DEFINIR,PUROSANGUE,Estimado,Modelo estadístico,0.016744153646096282,2.415934489339625e-06
2026-11,FIAT,AUTOMOVILES,HB,500,Estimado,Modelo estadístico,0.03553297190617426,5.126883935210201e-06
2026-11,FIAT,AUTOMOVILES,HB,500 EV,Estimado,Modelo estadístico,0.03553297190617426,5.126883935210201e-06
2026-11,FIAT,PANEL,SIN DEFINIR,DUCATO,Estimado,Modelo estadístico,0.45036314341264655,6.498076127912785e-05
2026-11,FIAT,PANEL,SIN DEFINIR,FIORINO,Estimado,Modelo estadístico,0.03553297190617426,5.126883935210201e-06
2026-11,FIAT,PICK-UP,MEDIUM,TITANO,Estimado,Modelo estadístico,0.32750707473398066,4.7254442002628304e-05
2026-11,FIAT,SUV,SIN DEFINIR,PULSE,Estimado,Modelo estadístico,0.03553297190617426,5.126883935210201e-06
2026-11,FORCE,MICROBUS,SIN DEFINIR,URBANIA,Estimado,Modelo estadístico,0.04304915396579946,6.211358185136697e-06
2026-11,FORD,AUTOMOVILES,SD,MACH-E,Estimado,Modelo estadístico,0.16075131710134438,2.319404488279117e-05
2026-11,FORD,AUTOMOVILES,SD,MUSTANG,Estimado,Modelo estadístico,0.4181551052649503,6.0333616261253094e-05
2026-11,FORD,MICROBUS,SIN DEFINIR,TRANSIT,Estimado,Modelo estadístico,0.6283059289667118,9.065528158248502e-05
2026-11,FORD,PANEL,SIN DEFINIR,E-TRANSIT,Estimado,Modelo estadístico,0.021537773205246084,3.107583112883104e-06
2026-11,FORD,PICK-UP,LARGE,F150,Estimado,Modelo estadístico,3.901884971103179,0.0005629844705421614
2026-11,FORD,PICK-UP,LARGE,F150 LIGHTNING,Estimado,Modelo estadístico,0.8699338689984626,0.00012551863068026938
2026-11,FORD,PICK-UP,LARGE,F250,Estimado,Modelo estadístico,0.18482130195147128,2.6666988800196113e-05
2026-11,FORD,PICK-UP,LARGE,F350,Estimado,Modelo estadístico,0.7096970254737737,0.00010239881674900711
2026-11,FORD,PICK-UP,LARGE,F450,Estimado,Modelo estadístico,0.021537773205246084,3.107583112883104e-06
2026-11,FORD,PICK-UP,LARGE,F550,Estimado,Modelo estadístico,6.063028336815577,0.0008748055935434643
2026-11,FORD,PICK-UP,MEDIUM,MAVERICK,Estimado,Modelo estadístico,0.021537773205246084,3.107583112883104e-06
2026-11,FORD,PICK-UP,MEDIUM,RANGER,Estimado,Modelo estadístico,26.90906854850618,0.003882581834615257
2026-11,FORD,SUV,LARGE,EXPEDITION,Estimado,Modelo estadístico,5.543266270881325,0.0007998115909870119
2026-11,FORD,SUV,LARGE,EXPLORER,Estimado,Modelo estadístico,2.646823939201204,0.0003818976687075955
2026-11,FORD,SUV,MEDIUM,BRONCO,Estimado,Modelo estadístico,1.8745920315643498,0.0002704759904991322
2026-11,FORD,SUV,SIN DEFINIR,BRONCO SPORT,Estimado,Modelo estadístico,17.75038668387142,0.0025611190804306593
2026-11,FORD,SUV,SIN DEFINIR,EDGE,Estimado,Modelo estadístico,0.021537773205246084,3.107583112883104e-06
2026-11,FORD,SUV,SIN DEFINIR,EDGE HV,Estimado,Modelo estadístico,5.899744808069352,0.0008512461878561512
2026-11,FORD,SUV,SIN DEFINIR,ESCAPE,Estimado,Modelo estadístico,0.021537773205246084,3.107583112883104e-06
2026-11,FORD,SUV,SIN DEFINIR,TERRITORY,Estimado,Modelo estadístico,19.991697677207554,0.002884507210077883
2026-11,FORD,SUV,SMALL,EVEREST,Estimado,Modelo estadístico,24.620041925805022,0.003552309043186971
2026-11,FORLAND,CAMIONES,SIN DEFINIR,F200 PRO,Estimado,Modelo estadístico,8.243873378418389,0.0011894693778871956
2026-11,FORLAND,CAMIONES,SIN DEFINIR,F2000,Estimado,Modelo estadístico,0.2890037511227666,4.169898011230913e-05
2026-11,FORLAND,CAMIONES,SIN DEFINIR,F2500,Estimado,Modelo estadístico,7.719956799600722,0.0011138759403772909
2026-11,FORLAND,CAMIONES,SIN DEFINIR,F300 PRO,Estimado,Modelo estadístico,3.3987029014992833,0.0004903827169947816
2026-11,FORLAND,CAMIONES,SIN DEFINIR,F4000,Estimado,Modelo estadístico,5.0313083126319125,0.0007259436061029259
2026-11,FORLAND,CAMIONES,SIN DEFINIR,F4500,Estimado,Modelo estadístico,0.7647008847664355,0.00011033506264835755
2026-11,FORLAND,CAMIONES,SIN DEFINIR,F5000,Estimado,Modelo estadístico,4.099948981592265,0.0005915621869291026
2026-11,FORLAND,CAMIONES,SIN DEFINIR,F6000,Estimado,Modelo estadístico,5.5278494142266785,0.0007975871658833966
2026-11,FORLAND,CAMIONES,SIN DEFINIR,X4000,Estimado,Modelo estadístico,4.433819594518333,0.0006397347936665653
2026-11,FORLAND,CAMIONES,[3] MEDIANO [MD],V3000 L5E D90,Estimado,Modelo estadístico,0.9514798023019779,0.00013728450651355058
2026-11,FORLAND,CAMIONES,[4] PESADO [HD],V6000 L7 D120,Estimado,Modelo estadístico,1.3667255732752572,0.00019719834873278122
2026-11,FOTON,BUSETAS,SIN DEFINIR,BJ6750,Estimado,Modelo estadístico,0.12119931870039756,1.748727468234985e-05
2026-11,FOTON,BUSETAS,SIN DEFINIR,H7,Estimado,Modelo estadístico,0.28083139393100204,4.051982946569584e-05
2026-11,FOTON,CAMIONES,SIN DEFINIR,5045XXY,Estimado,Modelo estadístico,0.020652819719817556,2.9798973730065744e-06
2026-11,FOTON,CAMIONES,[2] LIVIANO [LD],V1,Estimado,Modelo estadístico,0.12119931870039756,1.748727468234985e-05
2026-11,FOTON,MICROBUS,SIN DEFINIR,BJ6608,Estimado,Modelo estadístico,0.42283881564213754,6.1009406610379676e-05
2026-11,FOTON,MICROBUS,SIN DEFINIR,GRAND EVIEW,Estimado,Modelo estadístico,1.033167670933405,0.00014907086152190417
2026-11,FOTON,MICROBUS,SIN DEFINIR,TOANO,Estimado,Modelo estadístico,1.4462240653297567,0.00020866880898203573
2026-11,FOTON,MICROBUS,SIN DEFINIR,VIEW,Estimado,Modelo estadístico,9.744451640608405,0.0014059806960584414
2026-11,FOTON,PANEL,SIN DEFINIR,CLW5030,Estimado,Modelo estadístico,0.020652819719817556,2.9798973730065744e-06
2026-11,FOTON,PANEL,SIN DEFINIR,VIEW I7,Estimado,Modelo estadístico,3.7964339275474086,0.0005477694397649782
2026-11,FOTON,PICK-UP,MEDIUM,TUNLAND,Estimado,Modelo estadístico,19.079116452258738,0.0027528351947418523
2026-11,FOTON I,CAMIONES,SIN DEFINIR,AUMAN,Estimado,Modelo estadístico,3.54873567606308,0.0005120302342274307
2026-11,FOTON I,CAMIONES,SIN DEFINIR,AUMARK,Estimado,Modelo estadístico,7.874233995271837,0.0011361358649944625
2026-11,FOTON I,CAMIONES,SIN DEFINIR,BJ 1030,Estimado,Modelo estadístico,0.016112930401635875,2.3248582821453433e-06
2026-11,FOTON I,CAMIONES,SIN DEFINIR,BJ 1040,Estimado,Modelo estadístico,0.27413804112443907,3.955407734489732e-05
2026-11,FOTON I,CAMIONES,SIN DEFINIR,BJ 1186,Estimado,Modelo estadístico,0.3416554261443181,4.929584050278482e-05
2026-11,FOTON I,CAMIONES,SIN DEFINIR,BJ 4269,Estimado,Modelo estadístico,0.0390048773423383,5.627828698632746e-06
2026-11,FOTON I,CAMIONES,SIN DEFINIR,E WONDER,Estimado,Modelo estadístico,0.016112930401635875,2.3248582821453433e-06
2026-11,FOTON I,CAMIONES,SIN DEFINIR,EST-A,Estimado,Modelo estadístico,0.016112930401635875,2.3248582821453433e-06
2026-11,FOTON I,CAMIONES,SIN DEFINIR,EV LDT-6T,Estimado,Modelo estadístico,0.016112930401635875,2.3248582821453433e-06
2026-11,FOTON I,CAMIONES,SIN DEFINIR,M2,Estimado,Modelo estadístico,0.11273595673729381,1.626613633791078e-05
2026-11,FOTON I,CAMIONES,SIN DEFINIR,MILER,Estimado,Modelo estadístico,2.3067782622540065,0.0003328340912792371
2026-11,FOTON I,CAMIONES,SIN DEFINIR,PT,Estimado,Modelo estadístico,0.5592246619293512,8.068787330791093e-05
2026-11,FOTON I,CAMIONES,SIN DEFINIR,TM,Estimado,Modelo estadístico,4.518997390828442,0.0006520246937822105
2026-11,FOTON I,CAMIONES,SIN DEFINIR,WONDER,Estimado,Modelo estadístico,0.43916412791141773,6.336490846459185e-05
2026-11,FOTON I,MICROBUS,SIN DEFINIR,BJ 6946,Estimado,Modelo estadístico,0.20935898307295175,3.0207414393676214e-05
2026-11,FOTON I,MICROBUS,SIN DEFINIR,BJ6608,Estimado,Modelo estadístico,0.016112930401635875,2.3248582821453433e-06
2026-11,FOTON I,MICROBUS,SIN DEFINIR,BJ6816,Estimado,Modelo estadístico,0.8857201674225571,0.00012779636078403425
2026-11,FOTON II,CAMIONES,SIN DEFINIR,AUMAN,Estimado,Modelo estadístico,2.2669922579428494,0.00032709355747621936
2026-11,FOTON II,CAMIONES,SIN DEFINIR,AUMARK,Estimado,Modelo estadístico,0.90849502471867,0.00013108243689121898
2026-11,FOTON II,CAMIONES,[2] LIVIANO [LD],BJ 1044,Estimado,Modelo estadístico,4.644362416085163,0.0006701130184999699
2026-11,FOTON II,CAMIONES,[3] MEDIANO [MD],BJ 1065,Estimado,Modelo estadístico,3.0141657362161483,0.00043489967379796955
2026-11,FOTON II,CAMIONES,[4] PESADO [HD],BJ 1108,Estimado,Modelo estadístico,3.285865182860984,0.0004741018979149696
2026-11,FOTON II,CAMIONES,[4] PESADO [HD],BJ3259DLPKB-1,Estimado,Modelo estadístico,0.90849502471867,0.00013108243689121898
2026-11,FOTON II,CAMIONES,[4] PESADO [HD],BJ3319DMPKC-AB,Estimado,Modelo estadístico,4.644362416085163,0.0006701130184999699
2026-11,FREIGHTLINER,CAMIONES,SIN DEFINIR,108 SD,Estimado,Modelo estadístico,0.051233599984327756,7.392253071210008e-06
2026-11,FREIGHTLINER,CAMIONES,SIN DEFINIR,114 SD,Estimado,Modelo estadístico,2.4358631795468457,0.00035145914157038935
2026-11,FREIGHTLINER,CAMIONES,SIN DEFINIR,CASCADIA,Estimado,Modelo estadístico,0.6207165669634087,8.956024854567707e-05
2026-11,FREIGHTLINER,CAMIONES,SIN DEFINIR,M2 106,Estimado,Modelo estadístico,4.561753729991431,0.0006581938031086678
2026-11,FREIGHTLINER,CAMIONES,SIN DEFINIR,M2 112,Estimado,Modelo estadístico,0.02423779342324265,3.497156220275903e-06
2026-11,FUSO,CAMIONES,SIN DEFINIR,CANTER,Estimado,Modelo estadístico,21.450383799740592,0.0030949741101693224
2026-11,GAC,PASAJEROS,SIN DEFINIR,M6,Estimado,Modelo estadístico,0.6512521252616563,9.396607938091767e-05
2026-11,GAC,PICK-UP,MEDIUM,01,Estimado,Modelo estadístico,0.11586965635484603,1.671828298833523e-05
2026-11,GAC,SUV,MEDIUM,GS8,Estimado,Modelo estadístico,1.8073499590148334,0.0002607739508714125
2026-11,GAC,SUV,SIN DEFINIR,EMKOO,Estimado,Modelo estadístico,0.4852082820102353,7.000840100956956e-05
2026-11,GAC,SUV,SIN DEFINIR,EMZOOM,Estimado,Modelo estadístico,2.2465712247603236,0.0003241471034830003
2026-11,GAC,SUV,SIN DEFINIR,GS3,Estimado,Modelo estadístico,0.9456547200959422,0.00013644403303831576
2026-11,GAC,SUV,SIN DEFINIR,GS4,Estimado,Modelo estadístico,2.3200642040619113,0.0003347510567894383
2026-11,GAZ,MICROBUS,SIN DEFINIR,SOBOL,Estimado,Modelo estadístico,0.01434971798859982,2.070452728378899e-06
2026-11,GEELY,AUTOMOVILES,HB,PANDA MINI EV,Estimado,Modelo estadístico,0.017999708873637447,2.597092596318329e-06
2026-11,GEELY,CAMIONES,SIN DEFINIR,FARIZON E200,Estimado,Modelo estadístico,0.017999708873637447,2.597092596318329e-06
2026-11,GEELY,CAMIONES,SIN DEFINIR,FARIZON F1E,Estimado,Modelo estadístico,0.3694830232528138,5.331095246549284e-05
2026-11,GEELY,CAMIONES,SIN DEFINIR,FARIZON H9E,Estimado,Modelo estadístico,0.23736368661893995,3.424808020399373e-05
2026-11,GEELY,CAMIONES,SIN DEFINIR,FARIZON LE17,Estimado,Modelo estadístico,1.4239329663903426,0.00020545253207301635
2026-11,GEELY,CAMIONES,SIN DEFINIR,FENGRUI F3E,Estimado,Modelo estadístico,0.017999708873637447,2.597092596318329e-06
2026-11,GEELY,PANEL,SIN DEFINIR,FARIZON E6,Estimado,Modelo estadístico,0.017999708873637447,2.597092596318329e-06
2026-11,GEELY,PANEL,SIN DEFINIR,FARIZON V5E,Estimado,Modelo estadístico,0.3694830232528138,5.331095246549284e-05
2026-11,GEELY,PANEL,SIN DEFINIR,FARIZON V6E,Estimado,Modelo estadístico,4.504730061580352,0.000649966128534318
2026-11,GEELY,PANEL,SIN DEFINIR,FARIZON V7E,Estimado,Modelo estadístico,0.25232191845975505,3.6406332509101345e-05
2026-11,GEELY,PICK-UP,MEDIUM,RIDDARA RD6,Estimado,Modelo estadístico,37.08597629756184,0.005350959570835051
2026-11,GEELY,SUV,LARGE,M9,Estimado,Modelo estadístico,0.4866441280458725,7.021557242188432e-05
2026-11,GEELY,SUV,SIN DEFINIR,ASKARRA,Estimado,Modelo estadístico,4.919206456452262,0.0007097689611260775
2026-11,GEELY,SUV,SIN DEFINIR,CITRAY,Estimado,Modelo estadístico,0.6038052328389312,8.712019237827582e-05
2026-11,GEELY,SUV,SIN DEFINIR,COOLRAY,Estimado,Modelo estadístico,86.60020227886241,0.012495132324473694
2026-11,GEELY,SUV,SIN DEFINIR,EX3,Estimado,Modelo estadístico,0.017999708873637447,2.597092596318329e-06
2026-11,GEELY,SUV,SIN DEFINIR,EX5,Estimado,Modelo estadístico,131.58996987378626,0.01898649244319138
2026-11,GEELY,SUV,SIN DEFINIR,GEOME,Estimado,Modelo estadístico,90.5638057386666,0.013067021862935931
2026-11,GEELY,SUV,SIN DEFINIR,GEOMETRY C,Estimado,Modelo estadístico,4.290846617019104,0.0006191059010581596
2026-11,GEELY,SUV,SIN DEFINIR,GEOMETRY E,Estimado,Modelo estadístico,18.868794891868347,0.002722488894633854
2026-11,GEELY,SUV,SIN DEFINIR,GX3,Estimado,Modelo estadístico,75.3079185742658,0.010865822283371487
2026-11,GEELY,SUV,SIN DEFINIR,STARRAY,Estimado,Modelo estadístico,25.309401104815805,0.0036517734085598536
2026-11,GEELY,SUV,SMALL,OKAVANGO,Estimado,Modelo estadístico,12.996282870569301,0.0018751719963787065
2026-11,GMC,PICK-UP,LARGE,SIERRA,Estimado,Modelo estadístico,0.052439398607234254,7.56623203376911e-06
2026-11,GMC,PICK-UP,MEDIUM,HUMMER,Estimado,Modelo estadístico,0.010487879721446854,1.5132464067538224e-06
2026-11,GOLDEN DRAGON,BUS,SIN DEFINIR,XML6122C,Estimado,Modelo estadístico,0.31847303630970614,4.595096345910021e-05
2026-11,GOLDEN DRAGON,BUSETAS,SIN DEFINIR,XML SERIES,Estimado,Modelo estadístico,0.9594358298602829,0.00013843244398369716
2026-11,GREATWALL,AUTOMOVILES,HB,ORA3,Estimado,Modelo estadístico,0.6780432535342493,9.783164417267228e-05
2026-11,GREATWALL,PICK-UP,MEDIUM,POER,Estimado,Modelo estadístico,30.72318042058403,0.004432901941126039
2026-11,GREATWALL,PICK-UP,MEDIUM,WINGLE,Estimado,Modelo estadístico,8.771623616740033,0.0012656159559386768
2026-11,GREATWALL I,SUV,LARGE,TANK 500,Estimado,Modelo estadístico,2.971051769240897,0.00042867896405119515
2026-11,GREATWALL I,SUV,SIN DEFINIR,ORA GOOD CAT,Estimado,Modelo estadístico,1.337207046687566,0.0001929392605778945
2026-11,GREATWALL I,SUV,SMALL,TANK 300,Estimado,Modelo estadístico,3.536459667868586,0.0005102589872468221
2026-11,GREATWALL I,SUV,SMALL,TANK 300 HEV,Estimado,Modelo estadístico,0.27519478849932694,3.9706550410032265e-05
2026-11,GROVE,CAMIONES,[4] PESADO [HD],TMC250,Estimado,Modelo estadístico,0.06292727832868111,9.079478440522933e-06
2026-11,HAVAL,SUV,MEDIUM,H9,Estimado,Modelo estadístico,2.8928900594628386,0.00041740138177443495
2026-11,HAVAL,SUV,SIN DEFINIR,H6,Estimado,Modelo estadístico,6.822706443786341,0.0009844159434135391
2026-11,HAVAL,SUV,SIN DEFINIR,JOLION,Estimado,Modelo estadístico,8.698763247380056,0.0012551032789193859
2026-11,HAVAL,SUV,SMALL,H7,Estimado,Modelo estadístico,1.7273742952265831,0.0002492346417765685
2026-11,HENGWANG,CAMIONES,[4] PESADO [HD],HWQY16T-3,Estimado,Modelo estadístico,0.06292727832868111,9.079478440522933e-06
2026-11,HIGER,BUS,SIN DEFINIR,KLQ6126G,Estimado,Modelo estadístico,0.42578965374514566,6.143516904043101e-05
2026-11,HIGER,BUS,SIN DEFINIR,KLQ6136G,Estimado,Modelo estadístico,0.42578965374514566,6.143516904043101e-05
2026-11,HIGER,BUSETAS,SIN DEFINIR,KLQ6540,Estimado,Modelo estadístico,3.918231535060187,0.0005653430387015702
2026-11,HIGER,BUSETAS,SIN DEFINIR,KLQ6600,Estimado,Modelo estadístico,4.771145638322327,0.0006884059681316036
2026-11,HIGER,BUSETAS,SIN DEFINIR,KLQ6886,Estimado,Modelo estadístico,0.2255810221517037,3.2548015449192036e-05
2026-11,HINO,CAMIONES,SIN DEFINIR,FC9JJSA,Estimado,Modelo estadístico,2.1039711243797163,0.0003035720115449781
2026-11,HINO,CAMIONES,SIN DEFINIR,FG8JM7A,Estimado,Modelo estadístico,0.0182477793804777,2.63288551281507e-06
2026-11,HINO,CAMIONES,SIN DEFINIR,FG8JP7A,Estimado,Modelo estadístico,4.051987354360887,0.0005846420312830064
2026-11,HINO,CAMIONES,SIN DEFINIR,FM8JR7A,Estimado,Modelo estadístico,1.515020790386606,0.00021859516204421082
2026-11,HINO,CAMIONES,SIN DEFINIR,GD8JLSA,Estimado,Modelo estadístico,2.225415378894256,0.00032109462685388733
2026-11,HINO,CAMIONES,SIN DEFINIR,GH8JM7A,Estimado,Modelo estadístico,0.8202662383165491,0.00011835232389018608
2026-11,HINO,CAMIONES,SIN DEFINIR,LY230L,Estimado,Modelo estadístico,12.685646525395429,0.001830351751903529
2026-11,HINO,CAMIONES,SIN DEFINIR,SH1EEVA,Estimado,Modelo estadístico,0.19052879613919332,2.7490496058148076e-05
2026-11,HINO,CAMIONES,SIN DEFINIR,SS1EKVA,Estimado,Modelo estadístico,0.3934001440360931,5.6761840351934165e-05
2026-11,HINO,CAMIONES,SIN DEFINIR,WU600L,Estimado,Modelo estadístico,0.0182477793804777,2.63288551281507e-06
2026-11,HINO,CAMIONES,SIN DEFINIR,WU650L,Estimado,Modelo estadístico,0.0182477793804777,2.63288551281507e-06
2026-11,HINO,CAMIONES,SIN DEFINIR,XZU600L,Estimado,Modelo estadístico,16.431686809902516,0.002370850131999692
2026-11,HINO,CAMIONES,SIN DEFINIR,XZU650L,Estimado,Modelo estadístico,3.235768496447524,0.00046687368470897536
2026-11,HINO,CAMIONES,SIN DEFINIR,XZU710L,Estimado,Modelo estadístico,7.974439349215285,0.001150594020104912
2026-11,HINO,CAMIONES,SIN DEFINIR,XZU720L,Estimado,Modelo estadístico,2.3108260428790794,0.0003334181263415094
2026-11,HINO,CAMIONES,SIN DEFINIR,XZU730L,Estimado,Modelo estadístico,6.563077002193982,0.0009469552430611386
2026-11,HONDA,AUTOMOVILES,HB,CIVIC,Estimado,Modelo estadístico,0.45488949926539485,6.563384769046929e-05
2026-11,HONDA,AUTOMOVILES,SD,ACCORD,Estimado,Modelo estadístico,0.01652544930349453,2.3843786773572675e-06
2026-11,HONDA,AUTOMOVILES,SD,CITY,Estimado,Modelo estadístico,0.15324581619112787,2.211111176523766e-05
2026-11,HONDA,AUTOMOVILES,SD,CIVIC,Estimado,Modelo estadístico,0.01652544930349453,2.3843786773572675e-06
2026-11,HONDA,PASAJEROS,SIN DEFINIR,ODYSSEY,Estimado,Modelo estadístico,0.5937036797187741,8.566268720395049e-05
2026-11,HONDA,PICK-UP,MEDIUM,RIDGELINE,Estimado,Modelo estadístico,0.5408230545556423,7.803279268376756e-05
2026-11,HONDA,SUV,MEDIUM,PILOT,Estimado,Modelo estadístico,7.815204687079159,0.0011276188061714986
2026-11,HONDA,SUV,SIN DEFINIR,BR-V,Estimado,Modelo estadístico,0.8689070502114752,0.00012537047586909066
2026-11,HONDA,SUV,SIN DEFINIR,CR-V,Estimado,Modelo estadístico,25.41329720337214,0.003666764083700283
2026-11,HONDA,SUV,SIN DEFINIR,CR-V HEV,Estimado,Modelo estadístico,1.9682890723131568,0.0002839950919764934
2026-11,HONDA,SUV,SIN DEFINIR,ENP1,Estimado,Modelo estadístico,0.01652544930349453,2.3843786773572675e-06
2026-11,HONDA,SUV,SIN DEFINIR,ENP2,Estimado,Modelo estadístico,0.7678251134888547,0.00011078584278825659
2026-11,HONDA,SUV,SIN DEFINIR,HR-V,Estimado,Modelo estadístico,11.788523576411425,0.001700910137866869
2026-11,HONDA,SUV,SIN DEFINIR,NS-1,Estimado,Modelo estadístico,0.6507719320133982,9.389679457533508e-05
2026-11,HUANGHAI,PICK-UP,LARGE,N7,Estimado,Modelo estadístico,0.07790996364503375,1.1241259021599821e-05
2026-11,HUANGHAI,PICK-UP,MEDIUM,N2,Estimado,Modelo estadístico,0.2696883356943476,3.8912050459383995e-05
2026-11,HUANGHAI,PICK-UP,MEDIUM,N3,Estimado,Modelo estadístico,0.029965370632705282,4.323561162153776e-06
2026-11,HYCAN,AUTOMOVILES,SD,A06 PLUS,Estimado,Modelo estadístico,0.0053811442457249335,7.764197731420873e-07
2026-11,HYCAN,SUV,SIN DEFINIR,Z03,Estimado,Modelo estadístico,0.008968573742874887,1.2940329552368118e-06
2026-11,HYPER,AUTOMOVILES,SD,GT560,Estimado,Modelo estadístico,0.4271869980777954,6.163678522468759e-05
2026-11,HYPER,AUTOMOVILES,SD,SSR,Estimado,Modelo estadístico,0.32708496458197384,4.7193537731436825e-05
2026-11,HYPER,SUV,MEDIUM,HT,Estimado,Modelo estadístico,6.636594843781726,0.0009575627836288905
2026-11,HYUNDAI,AUTOMOVILES,HB,I10 HB,Estimado,Modelo estadístico,33.86933106950765,0.004886845091794922
2026-11,HYUNDAI,AUTOMOVILES,HB,I20 HB,Estimado,Modelo estadístico,0.021209724388721495,3.0602505055277257e-06
2026-11,HYUNDAI,AUTOMOVILES,SD,ACCENT,Estimado,Modelo estadístico,15.956803036755755,0.002302331405390869
2026-11,HYUNDAI,AUTOMOVILES,SD,ELANTRA,Estimado,Modelo estadístico,0.021209724388721495,3.0602505055277257e-06
2026-11,HYUNDAI,AUTOMOVILES,SD,I10 SD,Estimado,Modelo estadístico,39.805750555236095,0.005743382894892711
2026-11,HYUNDAI,AUTOMOVILES,SD,IONIQ 6,Estimado,Modelo estadístico,0.021209724388721495,3.0602505055277257e-06
2026-11,HYUNDAI,AUTOMOVILES,SD,IONIQ EV,Estimado,Modelo estadístico,0.021209724388721495,3.0602505055277257e-06
2026-11,HYUNDAI,AUTOMOVILES,SD,VERNA,Estimado,Modelo estadístico,0.021209724388721495,3.0602505055277257e-06
2026-11,HYUNDAI,BUSETAS,SIN DEFINIR,COUNTY,Estimado,Modelo estadístico,6.427079751156393,0.0009273328449285409
2026-11,HYUNDAI,CAMIONES,SIN DEFINIR,EX6 MIGHTY,Estimado,Modelo estadístico,2.652774694220844,0.0003827562749168685
2026-11,HYUNDAI,CAMIONES,SIN DEFINIR,EX8 MIGHTY,Estimado,Modelo estadístico,0.021209724388721495,3.0602505055277257e-06
2026-11,HYUNDAI,CAMIONES,SIN DEFINIR,EX9 MIGHTY,Estimado,Modelo estadístico,2.8102544607384825,0.00040547828328734326
2026-11,HYUNDAI,CAMIONES,SIN DEFINIR,H100,Estimado,Modelo estadístico,11.811902284230682,0.0017042833407011555
2026-11,HYUNDAI,CAMIONES,SIN DEFINIR,HD36,Estimado,Modelo estadístico,0.021209724388721495,3.0602505055277257e-06
2026-11,HYUNDAI,MICROBUS,SIN DEFINIR,STARIA,Estimado,Modelo estadístico,27.130372504145345,0.003914512732429288
2026-11,HYUNDAI,PANEL,SIN DEFINIR,STARIA,Estimado,Modelo estadístico,3.589026607343006,0.0005178436215472179
2026-11,HYUNDAI,PASAJEROS,SIN DEFINIR,STARGAZER,Estimado,Modelo estadístico,0.6841070233086758,9.870655674473098e-05
2026-11,HYUNDAI,SUV,MEDIUM,PALISADE,Estimado,Modelo estadístico,0.248890515483712,3.591123165349149e-05
2026-11,HYUNDAI,SUV,MEDIUM,PALISADE HV,Estimado,Modelo estadístico,2.135721670367578,0.00030815314718961675
2026-11,HYUNDAI,SUV,SIN DEFINIR,CRETA,Estimado,Modelo estadístico,88.98872186617436,0.01283976048373545
2026-11,HYUNDAI,SUV,SIN DEFINIR,CRETA GRAND,Estimado,Modelo estadístico,21.65416007482769,0.003124376022114084
2026-11,HYUNDAI,SUV,SIN DEFINIR,IONIQ 5,Estimado,Modelo estadístico,0.12009468201255803,1.7327891895453148e-05
2026-11,HYUNDAI,SUV,SIN DEFINIR,KONA,Estimado,Modelo estadístico,39.771378953795264,0.005738423579591988
2026-11,HYUNDAI,SUV,SIN DEFINIR,SANTA FE,Estimado,Modelo estadístico,13.485451502455424,0.0019457518174825512
2026-11,HYUNDAI,SUV,SIN DEFINIR,TUCSON,Estimado,Modelo estadístico,161.6678261070858,0.02332628361898297
2026-11,HYUNDAI,SUV,SIN DEFINIR,TUCSON HEV,Estimado,Modelo estadístico,0.021209724388721495,3.0602505055277257e-06
2026-11,HYUNDAI,SUV,SIN DEFINIR,VENUE,Estimado,Modelo estadístico,59.44200793218673,0.008576605310382478
2026-11,INEOS,SUV,MEDIUM,GRENADIER,Estimado,Modelo estadístico,0.01434971798859982,2.070452728378899e-06
2026-11,INTERNATIONAL,CAMIONES,SIN DEFINIR,SERIE HV,Estimado,Modelo estadístico,7.870750809863348,0.0011356332926973495
2026-11,INTERNATIONAL,CAMIONES,SIN DEFINIR,SERIE HX,Estimado,Modelo estadístico,0.2173918588293307,3.136643992572755e-05
2026-11,INTERNATIONAL,CAMIONES,SIN DEFINIR,SERIE LT,Estimado,Modelo estadístico,0.1947315939831577,2.809689781947705e-05
2026-11,INTERNATIONAL,CAMIONES,SIN DEFINIR,SERIE MV,Estimado,Modelo estadístico,0.6652029812018121,9.597898219667083e-05
2026-11,INTERNATIONAL,CAMIONES,SIN DEFINIR,SERIE PROSTAR,Estimado,Modelo estadístico,1.209827707434206,0.0001745603000501863
2026-11,ISUZU,BUSETAS,SIN DEFINIR,B700,Estimado,Modelo estadístico,0.017783170763580748,2.5658493397525147e-06
2026-11,ISUZU,CAMIONES,SIN DEFINIR,ELF,Estimado,Modelo estadístico,0.7260198216236509,0.000104753955564288
2026-11,ISUZU,CAMIONES,SIN DEFINIR,ELF EV,Estimado,Modelo estadístico,0.017783170763580748,2.5658493397525147e-06
2026-11,ISUZU,CAMIONES,SIN DEFINIR,FRR,Estimado,Modelo estadístico,4.914167398598428,0.0007090418993754412
2026-11,ISUZU,CAMIONES,SIN DEFINIR,FTR,Estimado,Modelo estadístico,2.680162800591986,0.00038670797484618514
2026-11,ISUZU,CAMIONES,SIN DEFINIR,FVR,Estimado,Modelo estadístico,2.7314416732897437,0.00039410676010242596
2026-11,ISUZU,CAMIONES,SIN DEFINIR,FVZ,Estimado,Modelo estadístico,3.0793125205442116,0.00044429939422901277
2026-11,ISUZU,CAMIONES,SIN DEFINIR,FXR,Estimado,Modelo estadístico,0.1439745474824268,2.0773404389475003e-05
2026-11,ISUZU,CAMIONES,SIN DEFINIR,GIGA,Estimado,Modelo estadístico,0.44454599393471644,6.414143237959569e-05
2026-11,ISUZU,CAMIONES,SIN DEFINIR,KV100,Estimado,Modelo estadístico,0.11797365291434402,1.702185866979275e-05
2026-11,ISUZU,CAMIONES,SIN DEFINIR,KV600,Estimado,Modelo estadístico,0.04378406533166354,6.31739505943477e-06
2026-11,ISUZU,CAMIONES,SIN DEFINIR,M100,Estimado,Modelo estadístico,0.7072836610794999,0.00010205060385042148
2026-11,ISUZU,CAMIONES,SIN DEFINIR,M600,Estimado,Modelo estadístico,1.5635380288857268,0.00022559548420411106
2026-11,ISUZU,CAMIONES,SIN DEFINIR,NKR - ELF,Estimado,Modelo estadístico,0.7623756298988252,0.00010999956265535109
2026-11,ISUZU,CAMIONES,SIN DEFINIR,NLR,Estimado,Modelo estadístico,12.526049558210973,0.0018073242626935968
2026-11,ISUZU,CAMIONES,SIN DEFINIR,NMR,Estimado,Modelo estadístico,11.340299045475225,0.0016362379468356251
2026-11,ISUZU,CAMIONES,SIN DEFINIR,NPR,Estimado,Modelo estadístico,4.735974232743416,0.0006833312528863542
2026-11,ISUZU,CAMIONES,SIN DEFINIR,NPS,Estimado,Modelo estadístico,7.924945709674517,0.0011434528176711084
2026-11,ISUZU,CAMIONES,SIN DEFINIR,NQR,Estimado,Modelo estadístico,14.969446300812198,0.0021598703863351843
2026-11,ISUZU,CAMIONES,SIN DEFINIR,NZR,Estimado,Modelo estadístico,4.723386293410069,0.0006815149988416335
2026-11,ISUZU,CAMIONES,SIN DEFINIR,NZS,Estimado,Modelo estadístico,0.1439745474824268,2.0773404389475003e-05
2026-11,ISUZU,CAMIONES,SIN DEFINIR,QKR77,Estimado,Modelo estadístico,0.017783170763580748,2.5658493397525147e-06
2026-11,ISUZU,CAMIONES,SIN DEFINIR,QLR77,Estimado,Modelo estadístico,19.530182731022386,0.0028179174080848503
2026-11,ISUZU,PICK-UP,MEDIUM,D-MAX,Estimado,Modelo estadístico,104.03854470332924,0.015011228019164474
2026-11,ISUZU,SUV,SMALL,MU-X,Estimado,Modelo estadístico,11.536473317280466,0.0016645430017934709
2026-11,IVECO,BUS,SIN DEFINIR,GRAN V,Estimado,Modelo estadístico,0.5856353427043666,8.44985451352191e-05
2026-11,IVECO,BUSETAS,SIN DEFINIR,GRAN MICRO S3,Estimado,Modelo estadístico,0.019119896315620197,2.7587191277520153e-06
2026-11,IVECO,CAMIONES,SIN DEFINIR,AD380T42H,Estimado,Modelo estadístico,0.019119896315620197,2.7587191277520153e-06
2026-11,IVECO,CAMIONES,SIN DEFINIR,DAILY,Estimado,Modelo estadístico,0.8511894581990918,0.00012281408857621934
2026-11,IVECO,CAMIONES,SIN DEFINIR,EUROCARGO ML11,Estimado,Modelo estadístico,0.6953977104421865,0.0001003356364241659
2026-11,IVECO,CAMIONES,SIN DEFINIR,EUROCARGO ML15,Estimado,Modelo estadístico,0.24572607487111878,3.5454649530738856e-05
2026-11,IVECO,CAMIONES,SIN DEFINIR,EUROCARGO ML16,Estimado,Modelo estadístico,0.5466874057651403,7.887893209720575e-05
2026-11,IVECO,CAMIONES,SIN DEFINIR,ML 150 E24,Estimado,Modelo estadístico,0.019119896315620197,2.7587191277520153e-06
2026-11,IVECO,CAMIONES,SIN DEFINIR,ML 180 E28,Estimado,Modelo estadístico,0.32716267028950125,4.7204749519312274e-05
2026-11,IVECO,CAMIONES,SIN DEFINIR,S WAY,Estimado,Modelo estadístico,0.09701577019407287,1.3997945203778746e-05
2026-11,IVECO,CAMIONES,SIN DEFINIR,T WAY,Estimado,Modelo estadístico,1.9311095278776398,0.0002786306319029535
2026-11,IVECO,CAMIONES,SIN DEFINIR,TECTOR,Estimado,Modelo estadístico,0.6741533812026084,9.727039294888587e-05
2026-11,IVECO,CAMIONES,SIN DEFINIR,TRAKKER,Estimado,Modelo estadístico,0.019119896315620197,2.7587191277520153e-06
2026-11,IVECO,MICROBUS,SIN DEFINIR,DAILY,Estimado,Modelo estadístico,0.24572607487111878,3.5454649530738856e-05
2026-11,IVECO,PANEL,SIN DEFINIR,DAILY,Estimado,Modelo estadístico,0.539605962685281,7.785718427211242e-05
2026-11,JAC,AUTOMOVILES,HB,E-JS1,Estimado,Modelo estadístico,1.6973006480192185,0.00024489545790115993
2026-11,JAC,AUTOMOVILES,HB,E30X,Estimado,Modelo estadístico,2.28876515454284,0.00033023506542822063
2026-11,JAC,AUTOMOVILES,SD,E-J7,Estimado,Modelo estadístico,0.124385728072687,1.79470265732114e-05
2026-11,JAC,MICROBUS,SIN DEFINIR,M4,Estimado,Modelo estadístico,0.8605604599790176,0.00012416618596365966
2026-11,JAC,PASAJEROS,SIN DEFINIR,RF8,Estimado,Modelo estadístico,0.044365081881715555,6.401227180891386e-06
2026-11,JAC,PICK-UP,MEDIUM,T8,Estimado,Modelo estadístico,9.282802437408181,0.0013393715227576694
2026-11,JAC,PICK-UP,MEDIUM,T8 BEV,Estimado,Modelo estadístico,0.044365081881715555,6.401227180891386e-06
2026-11,JAC,PICK-UP,MEDIUM,T9,Estimado,Modelo estadístico,6.835543987532853,0.000986268211694823
2026-11,JAC,SUV,MEDIUM,JS8,Estimado,Modelo estadístico,0.7846681747211571,0.00011321604818395691
2026-11,JAC,SUV,SIN DEFINIR,E-JS4,Estimado,Modelo estadístico,0.3451457168371125,4.9799437987660316e-05
2026-11,JAC,SUV,SIN DEFINIR,JS2,Estimado,Modelo estadístico,10.982025784523312,0.0015845443977894062
2026-11,JAC,SUV,SIN DEFINIR,JS3,Estimado,Modelo estadístico,0.4362237614108363,6.294065693237364e-05
2026-11,JAC,SUV,SIN DEFINIR,JS4,Estimado,Modelo estadístico,0.5604255037714895,8.086113708008972e-05
2026-11,JAC,SUV,SIN DEFINIR,JS5,Estimado,Modelo estadístico,0.26236072105045294,3.785478370724197e-05
2026-11,JAC I,CAMIONES,SIN DEFINIR,HFC1012K,Estimado,Modelo estadístico,3.8625352289674235,0.0005573068829386484
2026-11,JAC I,CAMIONES,SIN DEFINIR,HFC1035K,Estimado,Modelo estadístico,15.319204742321773,0.002210335372481418
2026-11,JAC I,CAMIONES,SIN DEFINIR,HFC1042,Estimado,Modelo estadístico,12.632006585479715,0.0018226122994601571
2026-11,JAC I,CAMIONES,SIN DEFINIR,HFC1070K,Estimado,Modelo estadístico,0.01969129439640592,2.8411634459116576e-06
2026-11,JAC I,CAMIONES,SIN DEFINIR,HFC1085K,Estimado,Modelo estadístico,0.01969129439640592,2.8411634459116576e-06
2026-11,JAC I,CAMIONES,SIN DEFINIR,HFC1090K,Estimado,Modelo estadístico,0.2286799116355614,3.299513951057743e-05
2026-11,JAC I,CAMIONES,SIN DEFINIR,HFC1091K,Estimado,Modelo estadístico,0.01969129439640592,2.8411634459116576e-06
2026-11,JAC I,CAMIONES,SIN DEFINIR,HFC1171K,Estimado,Modelo estadístico,0.46515727734270906,6.711533667523216e-05
2026-11,JAC I,CAMIONES,SIN DEFINIR,N55 EV,Estimado,Modelo estadístico,0.33317422025513904,4.8072127542910305e-05
2026-11,JAC I,CAMIONES,SIN DEFINIR,N75,Estimado,Modelo estadístico,4.659936092209614,0.0006723600703408755
2026-11,JAC I,CAMIONES,SIN DEFINIR,N90,Estimado,Modelo estadístico,6.129818012179353,0.0008844423589275875
2026-11,JAC I,CAMIONES,[2] LIVIANO [LD],N45,Estimado,Modelo estadístico,0.11210992974088743,1.6175809872695352e-05
2026-11,JAC I,MICROBUS,SIN DEFINIR,SUNRAY,Estimado,Modelo estadístico,5.114505116157933,0.0007379476781682935
2026-11,JAC I,PANEL,SIN DEFINIR,REFINE,Estimado,Modelo estadístico,0.2286799116355614,3.299513951057743e-05
2026-11,JAC I,PANEL,SIN DEFINIR,SUNRAY,Estimado,Modelo estadístico,0.7511514547334498,0.00010838007967224183
2026-11,JAECOO,SUV,SIN DEFINIR,J5,Estimado,Modelo estadístico,7.250382595772315,0.0010461233063349168
2026-11,JAECOO,SUV,SIN DEFINIR,J5 BEV,Estimado,Modelo estadístico,1.9680571676153218,0.00028396163154788165
2026-11,JAECOO,SUV,SIN DEFINIR,J7,Estimado,Modelo estadístico,2.98864091978138,0.0004312168191334583
2026-11,JAECOO,SUV,SMALL,J8,Estimado,Modelo estadístico,2.6157402513129937,0.0003774127508543421
2026-11,JEEP,PICK-UP,LARGE,GLADIATOR,Estimado,Modelo estadístico,0.3947682597712547,5.6959239280530104e-05
2026-11,JEEP,SUV,MEDIUM,GRAND CHEROKEE,Estimado,Modelo estadístico,0.6678778084510594,9.636492033012727e-05
2026-11,JEEP,SUV,SIN DEFINIR,AVENGER,Estimado,Modelo estadístico,2.3428954529435497,0.0003380452693709567
2026-11,JEEP,SUV,SIN DEFINIR,COMPASS,Estimado,Modelo estadístico,6.037998442407518,0.0008711941488300996
2026-11,JEEP,SUV,SIN DEFINIR,RENEGADE,Estimado,Modelo estadístico,1.2775672410874672,0.0001843341159804319
2026-11,JEEP,SUV,SMALL,COMMANDER,Estimado,Modelo estadístico,0.6356522782455639,9.171525146622124e-05
2026-11,JEEP,SUV,SMALL,WRANGLER,Estimado,Modelo estadístico,1.94367553780008,0.0002804437218570155
2026-11,JETOUR,SUV,LARGE,G700,Estimado,Modelo estadístico,1.1263884873301724,0.0001625212508468883
2026-11,JETOUR,SUV,SIN DEFINIR,DASHING,Estimado,Modelo estadístico,7.037321993384102,0.0010153818028520477
2026-11,JETOUR,SUV,SIN DEFINIR,X50,Estimado,Modelo estadístico,13.297369311545946,0.0019186143304854282
2026-11,JETOUR,SUV,SIN DEFINIR,X70,Estimado,Modelo estadístico,5.530762848755263,0.0007980075315291503
2026-11,JETOUR,SUV,SMALL,T1,Estimado,Modelo estadístico,4.1207399900007955,0.0005945620228923871
2026-11,JETOUR,SUV,SMALL,T2,Estimado,Modelo estadístico,3.1084445250628883,0.0004485027129483604
2026-11,JMC,AUTOMOVILES,HB,EV EASY,Estimado,Modelo estadístico,0.021595681820160865,3.11593847218997e-06
2026-11,JMC,CAMIONES,SIN DEFINIR,JX1031,Estimado,Modelo estadístico,0.9563058648605115,0.00013798083618355393
2026-11,JMC,CAMIONES,SIN DEFINIR,JX1033,Estimado,Modelo estadístico,0.021595681820160865,3.11593847218997e-06
2026-11,JMC,CAMIONES,SIN DEFINIR,JX1034,Estimado,Modelo estadístico,0.04689061961965595,6.765625039044192e-06
2026-11,JMC,CAMIONES,SIN DEFINIR,JX1035,Estimado,Modelo estadístico,0.021595681820160865,3.11593847218997e-06
2026-11,JMC,CAMIONES,SIN DEFINIR,JX1044,Estimado,Modelo estadístico,6.599467988083459,0.0009522059257632743
2026-11,JMC,CAMIONES,SIN DEFINIR,JX1054,Estimado,Modelo estadístico,3.2301130232685087,0.0004660576833155634
2026-11,JMC,CAMIONES,SIN DEFINIR,JX1079,Estimado,Modelo estadístico,0.27231315353868574,3.929077297306859e-05
2026-11,JMC,CAMIONES,SIN DEFINIR,JX1083,Estimado,Modelo estadístico,0.021595681820160865,3.11593847218997e-06
2026-11,JMC,CAMIONES,SIN DEFINIR,N601,Estimado,Modelo estadístico,0.9387360366257528,0.00013544576902511186
2026-11,JMC,CAMIONES,SIN DEFINIR,N720,Estimado,Modelo estadístico,0.021595681820160865,3.11593847218997e-06
2026-11,JMC,CAMIONES,SIN DEFINIR,N801 EV,Estimado,Modelo estadístico,0.021595681820160865,3.11593847218997e-06
2026-11,JMC,CAMIONES,SIN DEFINIR,N822,Estimado,Modelo estadístico,12.036134329773418,0.0017366367187154673
2026-11,JMC,MICROBUS,SIN DEFINIR,N520,Estimado,Modelo estadístico,0.1458384645412103,2.1042340138797478e-05
2026-11,JMC,MICROBUS,SIN DEFINIR,TOURING BUS,Estimado,Modelo estadístico,0.809000050616393,0.00011672677911775582
2026-11,JMC,PANEL,SIN DEFINIR,TOURING VAN,Estimado,Modelo estadístico,0.9468401491430904,0.00013661507297142925
2026-11,JMC,PICK-UP,MEDIUM,GRAND AVENUE,Estimado,Modelo estadístico,14.49794098981773,0.0020918391220016825
2026-11,JMC,PICK-UP,MEDIUM,VIGUS,Estimado,Modelo estadístico,1.4984859652265294,0.00021620943056898975
2026-11,JMC,PICK-UP,MEDIUM,VIGUS T500,Estimado,Modelo estadístico,0.021595681820160865,3.11593847218997e-06
2026-11,JMC,SUV,SIN DEFINIR,EWIND,Estimado,Modelo estadístico,0.11330971730072009,1.6348921527482164e-05
2026-11,JMEV,AUTOMOVILES,HB,EV2-EV3,Estimado,Modelo estadístico,0.06275061492244148,9.053988515791022e-06
2026-11,JMEV,AUTOMOVILES,SD,GSE,Estimado,Modelo estadístico,0.012550122984488299,1.810797703158205e-06
2026-11,JOYLONG,MICROBUS,SIN DEFINIR,A5,Estimado,Modelo estadístico,0.11385034681613956,1.6426926395322194e-05
2026-11,JOYLONG,MICROBUS,SIN DEFINIR,A6,Estimado,Modelo estadístico,0.22724997967021998,3.2788821411407166e-05
2026-11,KAIYI,AUTOMOVILES,HB,E-QUTE 04,Estimado,Modelo estadístico,0.02042954342367101,2.947681895538222e-06
2026-11,KAIYI,SUV,SIN DEFINIR,FX12,Estimado,Modelo estadístico,0.02042954342367101,2.947681895538222e-06
2026-11,KAIYI,SUV,SIN DEFINIR,X3,Estimado,Modelo estadístico,21.762787176698726,0.00314004931127722
2026-11,KAIYI,SUV,SIN DEFINIR,X3 PRO EV,Estimado,Modelo estadístico,0.02042954342367101,2.947681895538222e-06
2026-11,KAIYI,SUV,SIN DEFINIR,X7,Estimado,Modelo estadístico,16.152998315524716,0.002330639491343845
2026-11,KALMAR,CAMIONES,SIN DEFINIR,OTTAWA T2,Estimado,Modelo estadístico,0.41347602145654677,5.965849345778621e-05
2026-11,KAMA,CAMIONES,SIN DEFINIR,KMC1035,Estimado,Modelo estadístico,0.032992442799640746,4.760323043607511e-06
2026-11,KARRY,CAMIONES,[2] LIVIANO [LD],YORY,Estimado,Modelo estadístico,0.1619956557545736,2.337358460347784e-05
2026-11,KARRY,MICROBUS,SIN DEFINIR,Q22L,Estimado,Modelo estadístico,1.694838821347171,0.0002445402526104367
2026-11,KARRY,MICROBUS,SIN DEFINIR,YOYO,Estimado,Modelo estadístico,0.1619956557545736,2.337358460347784e-05
2026-11,KARRY,PANEL,SIN DEFINIR,COWFISH,Estimado,Modelo estadístico,0.5279281594997769,7.617224945415242e-05
2026-11,KARRY,PANEL,SIN DEFINIR,DOLPHIN,Estimado,Modelo estadístico,0.12143700890451628,1.7521569874214774e-05
2026-11,KARRY,PANEL,SIN DEFINIR,EV6,Estimado,Modelo estadístico,0.16312840896556863,2.353702419010581e-05
2026-11,KARRY,PANEL,SIN DEFINIR,YOYO,Estimado,Modelo estadístico,0.8757366118690592,0.00012635588091877947
2026-11,KAVRED,MICROBUS,SIN DEFINIR,KA14,Estimado,Modelo estadístico,0.06292727832868111,9.079478440522933e-06
2026-11,KAZOKU,PANEL,SIN DEFINIR,H10,Estimado,Modelo estadístico,0.02869943597719964,4.140905456757798e-06
2026-11,KENWORTH,CAMIONES,SIN DEFINIR,T460,Estimado,Modelo estadístico,0.06748671593724971,9.737338061460009e-06
2026-11,KENWORTH,CAMIONES,SIN DEFINIR,T480,Estimado,Modelo estadístico,0.06748671593724971,9.737338061460009e-06
2026-11,KENWORTH,CAMIONES,SIN DEFINIR,T680,Estimado,Modelo estadístico,0.06748671593724971,9.737338061460009e-06
2026-11,KENWORTH,CAMIONES,SIN DEFINIR,T800 - T880,Estimado,Modelo estadístico,1.0505570123875914,0.0001515798870990713
2026-11,KGE,BUS,SIN DEFINIR,URBANO,Estimado,Modelo estadístico,0.44049094830076785,6.355634908366055e-05
2026-11,KIA,AUTOMOVILES,HB,K3 HB,Estimado,Modelo estadístico,15.197253781849126,0.0021927396469738074
2026-11,KIA,AUTOMOVILES,HB,PICANTO HB,Estimado,Modelo estadístico,16.251896342720176,0.0023449090184802534
2026-11,KIA,AUTOMOVILES,SD,K3 SD,Estimado,Modelo estadístico,4.136073570125699,0.0005967744324206193
2026-11,KIA,AUTOMOVILES,SD,RIO,Estimado,Modelo estadístico,0.2943297299323335,4.2467440326392534e-05
2026-11,KIA,AUTOMOVILES,SD,SOLUTO,Estimado,Modelo estadístico,26.359049006628045,0.003803222124407153
2026-11,KIA,CAMIONES,SIN DEFINIR,K2500,Estimado,Modelo estadístico,51.47666673875385,0.007427324020010503
2026-11,KIA,PASAJEROS,SIN DEFINIR,CARENS,Estimado,Modelo estadístico,0.01781524581324977,2.5704772964937465e-06
2026-11,KIA,PASAJEROS,SIN DEFINIR,CARNIVAL,Estimado,Modelo estadístico,2.1472383032170734,0.0003098148275044438
2026-11,KIA,PASAJEROS,SIN DEFINIR,PV5,Estimado,Modelo estadístico,0.1268390829159765,1.8301009503956507e-05
2026-11,KIA,PICK-UP,MEDIUM,TASMAN,Estimado,Modelo estadístico,3.8984609871563425,0.0005624904401430773
2026-11,KIA,SUV,LARGE,EV9,Estimado,Modelo estadístico,0.7076878531623237,0.00010210892280842027
2026-11,KIA,SUV,MEDIUM,TELLURIDE,Estimado,Modelo estadístico,0.01781524581324977,2.5704772964937465e-06
2026-11,KIA,SUV,SIN DEFINIR,EV3,Estimado,Modelo estadístico,2.410053626310043,0.00034773520358360576
2026-11,KIA,SUV,SIN DEFINIR,EV5,Estimado,Modelo estadístico,10.856706974485318,0.0015664627412462955
2026-11,KIA,SUV,SIN DEFINIR,EV6,Estimado,Modelo estadístico,0.8501107265621077,0.00012265844350620777
2026-11,KIA,SUV,SIN DEFINIR,NIRO,Estimado,Modelo estadístico,0.15607248787279163,2.251895881144314e-05
2026-11,KIA,SUV,SIN DEFINIR,SELTOS,Estimado,Modelo estadístico,44.1025947293911,0.0063633541550154535
2026-11,KIA,SUV,SIN DEFINIR,SONET,Estimado,Modelo estadístico,16.988370489930805,0.0024511713790844256
2026-11,KIA,SUV,SIN DEFINIR,SOUL,Estimado,Modelo estadístico,0.01781524581324977,2.5704772964937465e-06
2026-11,KIA,SUV,SIN DEFINIR,SPORTAGE,Estimado,Modelo estadístico,17.081709728091507,0.0024646388549238924
2026-11,KIA,SUV,SMALL,SORENTO,Estimado,Modelo estadístico,7.805948604088676,0.001126283289870971
2026-11,KING LONG,BUS,SIN DEFINIR,XMQ,Estimado,Modelo estadístico,0.6943197054186999,0.00010018009619376853
2026-11,KING LONG,MICROBUS,SIN DEFINIR,XMQ,Estimado,Modelo estadístico,8.175222966204487,0.0011795641356109688
2026-11,KING LONG,PANEL,SIN DEFINIR,XMQ,Estimado,Modelo estadístico,0.05223720123827243,7.537057934698269e-06
2026-11,LAMBORGHINI,AUTOMOVILES,SD,HURACAN TECNICA,Estimado,Modelo estadístico,0.11323611221506198,1.6338301398881417e-05
2026-11,LAMBORGHINI,SUV,LARGE,URUS,Estimado,Modelo estadístico,0.2750019868080076,3.9678731968711996e-05
2026-11,LAND ROVER,SUV,LARGE,DEFENDER,Estimado,Modelo estadístico,7.2212350985313085,0.0010419177522441672
2026-11,LAND ROVER,SUV,LARGE,DISCOVERY,Estimado,Modelo estadístico,2.257657825792027,0.00032574673654706295
2026-11,LAND ROVER,SUV,LARGE,RANGE ROVER,Estimado,Modelo estadístico,1.5713627331815283,0.00022672447366375558
2026-11,LAND ROVER,SUV,LARGE,RANGE ROVER SPORT,Estimado,Modelo estadístico,8.163567543476894,0.0011778824299631
2026-11,LAND ROVER,SUV,LARGE,RANGE ROVER VOGUE,Estimado,Modelo estadístico,0.016435761085667067,2.371437989919937e-06
2026-11,LAND ROVER,SUV,SIN DEFINIR,DISCOVERY SPORT,Estimado,Modelo estadístico,0.5692458009489154,8.213377591317499e-05
2026-11,LAND ROVER,SUV,SIN DEFINIR,EVOQUE,Estimado,Modelo estadístico,1.4063568326802307,0.00020291655512745099
2026-11,LAND ROVER,SUV,SIN DEFINIR,RANGE ROVER VELAR,Estimado,Modelo estadístico,0.06130319735793396,8.845147502475014e-06
2026-11,LEAPMOTOR,AUTOMOVILES,HB,T03,Estimado,Modelo estadístico,0.17093114552291294,2.4662844028991133e-05
2026-11,LEAPMOTOR,SUV,SIN DEFINIR,B10,Estimado,Modelo estadístico,1.1820130462449683,0.00017054705454989537
2026-11,LEAPMOTOR,SUV,SIN DEFINIR,C10,Estimado,Modelo estadístico,1.4337169793361129,0.0002068642208821036
2026-11,LEAPMOTOR,SUV,SIN DEFINIR,C11,Estimado,Modelo estadístico,0.1325356303056197,1.9122937300349203e-05
2026-11,LEAPMOTOR,SUV,SMALL,C16,Estimado,Modelo estadístico,0.24843320401707894,3.584524835162023e-05
2026-11,LEXUS,AUTOMOVILES,SD,IS350,Estimado,Modelo estadístico,0.016264997179799595,2.3467992761073843e-06
2026-11,LEXUS,AUTOMOVILES,SD,LC500,Estimado,Modelo estadístico,0.016264997179799595,2.3467992761073843e-06
2026-11,LEXUS,SUV,LARGE,GX,Estimado,Modelo estadístico,3.9656811218293337,0.0005721893144586742
2026-11,LEXUS,SUV,LARGE,LX 700H,Estimado,Modelo estadístico,1.4672542276602376,0.00021170315133008658
2026-11,LEXUS,SUV,LARGE,LX DSL,Estimado,Modelo estadístico,1.2365582548732907,0.00017841712392089115
2026-11,LEXUS,SUV,SIN DEFINIR,LBX,Estimado,Modelo estadístico,6.1206104518795605,0.0008831138437358908
2026-11,LEXUS,SUV,SIN DEFINIR,NX HEV,Estimado,Modelo estadístico,6.758052632009688,0.0009750873516531009
2026-11,LEXUS,SUV,SIN DEFINIR,RX HEV,Estimado,Modelo estadístico,3.03463535883715,0.0004378531385307406
2026-11,LEXUS,SUV,SIN DEFINIR,RX350,Estimado,Modelo estadístico,0.016264997179799595,2.3467992761073843e-06
2026-11,LEXUS,SUV,SIN DEFINIR,RZ,Estimado,Modelo estadístico,0.06628477372140847,9.563915521580178e-06
2026-11,LEXUS,SUV,SIN DEFINIR,UX HEV,Estimado,Modelo estadístico,1.562128071997639,0.0002253920482140688
2026-11,LEXUS,SUV,SIN DEFINIR,UX300E,Estimado,Modelo estadístico,0.016264997179799595,2.3467992761073843e-06
2026-11,LI,SUV,MEDIUM,L6,Estimado,Modelo estadístico,0.25170911331472445,3.6317913762091733e-05
2026-11,LI AUTO,PASAJEROS,SIN DEFINIR,MEGA,Estimado,Modelo estadístico,0.032992442799640746,4.760323043607511e-06
2026-11,LINCOLN,SUV,LARGE,NAVIGATOR,Estimado,Modelo estadístico,0.010487879721446854,1.5132464067538224e-06
2026-11,LINCOLN,SUV,SIN DEFINIR,AVIATOR,Estimado,Modelo estadístico,0.052439398607234254,7.56623203376911e-06
2026-11,LINXYS,PANEL,SIN DEFINIR,G105,Estimado,Modelo estadístico,0.12771128469321227,1.842685536035657e-05
2026-11,LINXYS,PASAJEROS,SIN DEFINIR,G200,Estimado,Modelo estadístico,0.0411924259299494,5.943459705825993e-06
2026-11,LOTUS,AUTOMOVILES,SD,ELISE,Estimado,Modelo estadístico,0.05473787239140732,7.897867911305464e-06
2026-11,LOTUS,AUTOMOVILES,SD,EMIRA,Estimado,Modelo estadístico,0.022539123925873605,3.2520632575963677e-06
2026-11,LUCID,AUTOMOVILES,SD,AIR,Estimado,Modelo estadístico,0.06292727832868111,9.079478440522933e-06
2026-11,LYNK & CO,AUTOMOVILES,SD,03,Estimado,Modelo estadístico,0.665914338868626,9.608162061948014e-05
2026-11,LYNK & CO,SUV,LARGE,09,Estimado,Modelo estadístico,1.3055962024576298,0.00018837828183711173
2026-11,LYNK & CO,SUV,SIN DEFINIR,01,Estimado,Modelo estadístico,1.1745307192119383,0.00016946746508113595
2026-11,LYNK & CO,SUV,SIN DEFINIR,02,Estimado,Modelo estadístico,0.04136933886886951,5.968985634444498e-06
2026-11,LYNK & CO,SUV,SIN DEFINIR,05,Estimado,Modelo estadístico,1.342461355477174,0.00019369737986482628
2026-11,LYNK & CO,SUV,SIN DEFINIR,06,Estimado,Modelo estadístico,1.319488258185919,0.00019038270064926396
2026-11,LYNK & CO,SUV,SIN DEFINIR,08,Estimado,Modelo estadístico,0.06113688770087967,8.821151471091165e-06
2026-11,M.G.,AUTOMOVILES,HB,MG 3 HB,Estimado,Modelo estadístico,0.21399577264539982,3.0876434762496065e-05
2026-11,M.G.,AUTOMOVILES,HB,MG 4,Estimado,Modelo estadístico,5.351202279275345,0.0007720995888584777
2026-11,M.G.,AUTOMOVILES,SD,MG 5,Estimado,Modelo estadístico,0.012700824722363974,1.8325417419333237e-06
2026-11,M.G.,SUV,SIN DEFINIR,HS,Estimado,Modelo estadístico,0.49986974584421784,7.212383406694489e-05
2026-11,M.G.,SUV,SIN DEFINIR,MARVEL R,Estimado,Modelo estadístico,3.6432446996003027,0.0005256664928489955
2026-11,M.G.,SUV,SIN DEFINIR,ONE,Estimado,Modelo estadístico,7.705779595203913,0.001111830378816605
2026-11,M.G.,SUV,SIN DEFINIR,RX,Estimado,Modelo estadístico,7.286940691824023,0.0010513981005695304
2026-11,M.G.,SUV,SIN DEFINIR,ZS,Estimado,Modelo estadístico,2.068630316887361,0.00029847285410134107
2026-11,M.G.,SUV,SIN DEFINIR,ZS EV,Estimado,Modelo estadístico,1.6137274163412452,0.000232837072803657
2026-11,MACK,CAMIONES,SIN DEFINIR,AN64TX,Estimado,Modelo estadístico,0.398340212251071,5.7474619357222267e-05
2026-11,MACK,CAMIONES,SIN DEFINIR,GR64BX,Estimado,Modelo estadístico,0.03259811645210599,4.7034275657469955e-06
2026-11,MACK,CAMIONES,SIN DEFINIR,GR84BX,Estimado,Modelo estadístico,0.09175224705428339,1.3238496421975478e-05
2026-11,MACK,CAMIONES,SIN DEFINIR,RD688,Estimado,Modelo estadístico,0.03259811645210599,4.7034275657469955e-06
2026-11,MACLAREN,AUTOMOVILES,SD,750S,Estimado,Modelo estadístico,0.06292727832868111,9.079478440522933e-06
2026-11,MAHINDRA,PICK-UP,MEDIUM,PIK UP,Estimado,Modelo estadístico,5.18566388950589,0.0007482148399719903
2026-11,MAHINDRA,SUV,SIN DEFINIR,XUV300,Estimado,Modelo estadístico,14.466153344043255,0.002087252633404848
2026-11,MASERATI,AUTOMOVILES,SD,MC20,Estimado,Modelo estadístico,0.009081006220501512,1.3102553040136578e-06
2026-11,MASERATI,SUV,SIN DEFINIR,GRECALE,Estimado,Modelo estadístico,0.01715301174983619,2.4749266853591313e-06
2026-11,MASERATI,SUV,SIN DEFINIR,LEVANTE,Estimado,Modelo estadístico,0.021189014514503526,3.0572623760318677e-06
2026-11,MASERATI,SUV,SIN DEFINIR,LEVANTE HEV,Estimado,Modelo estadístico,0.009081006220501512,1.3102553040136578e-06
2026-11,MAXUS,CAMIONES,SIN DEFINIR,C100-28D5,Estimado,Modelo estadístico,0.01596141760573889,2.3029972196562794e-06
2026-11,MAXUS,CAMIONES,SIN DEFINIR,H500,Estimado,Modelo estadístico,0.01596141760573889,2.3029972196562794e-06
2026-11,MAXUS,CAMIONES,SIN DEFINIR,TRACTOR,Estimado,Modelo estadístico,0.01596141760573889,2.3029972196562794e-06
2026-11,MAXUS,MICROBUS,SIN DEFINIR,DELIVERY 9,Estimado,Modelo estadístico,10.254818102580252,0.001479619051495265
2026-11,MAXUS,MICROBUS,SIN DEFINIR,EV70,Estimado,Modelo estadístico,0.10295054919085753,1.4854246308509903e-05
2026-11,MAXUS,MICROBUS,SIN DEFINIR,V80,Estimado,Modelo estadístico,1.7691292709994366,0.0002552592691302894
2026-11,MAXUS,MICROBUS,SIN DEFINIR,V90,Estimado,Modelo estadístico,3.7751005554306474,0.0005446913487154006
2026-11,MAXUS,PANEL,SIN DEFINIR,DANA V1,Estimado,Modelo estadístico,0.01596141760573889,2.3029972196562794e-06
2026-11,MAXUS,PANEL,SIN DEFINIR,DELIVERY 9,Estimado,Modelo estadístico,1.4867479653298772,0.0002145158102531729
2026-11,MAXUS,PANEL,SIN DEFINIR,EV30,Estimado,Modelo estadístico,0.14644511498341684,2.1129870852936713e-05
2026-11,MAXUS,PANEL,SIN DEFINIR,EV90,Estimado,Modelo estadístico,0.01596141760573889,2.3029972196562794e-06
2026-11,MAXUS,PANEL,SIN DEFINIR,G 10,Estimado,Modelo estadístico,0.607933168351141,8.771579260892962e-05
2026-11,MAXUS,PANEL,SIN DEFINIR,V90,Estimado,Modelo estadístico,0.5747432535616691,8.292697726878715e-05
2026-11,MAXUS,PASAJEROS,SIN DEFINIR,EUNIQ 5,Estimado,Modelo estadístico,0.01596141760573889,2.3029972196562794e-06
2026-11,MAXUS,PASAJEROS,SIN DEFINIR,G 10,Estimado,Modelo estadístico,0.2791596826429823,4.0278626175143925e-05
2026-11,MAXUS,PICK-UP,MEDIUM,INTERSTELLAR,Estimado,Modelo estadístico,0.01596141760573889,2.3029972196562794e-06
2026-11,MAXUS,PICK-UP,MEDIUM,T60,Estimado,Modelo estadístico,7.100360493299218,0.0010244773289276024
2026-11,MAXUS,PICK-UP,MEDIUM,T90,Estimado,Modelo estadístico,1.0521595203599767,0.00015181110537153565
2026-11,MAXUS,SUV,SIN DEFINIR,D60,Estimado,Modelo estadístico,2.3655176708102923,0.00034130932185905366
2026-11,MAXUS,SUV,SIN DEFINIR,D90,Estimado,Modelo estadístico,2.521474715211934,0.00036381162387974975
2026-11,MAXUS,SUV,SIN DEFINIR,EUNIQ6,Estimado,Modelo estadístico,0.05945598339829821,8.578621764083092e-06
2026-11,MAZDA,AUTOMOVILES,SD,MAZDA 3,Estimado,Modelo estadístico,0.7004251704261938,0.00010106102477318943
2026-11,MAZDA,AUTOMOVILES,SD,MX5,Estimado,Modelo estadístico,0.7130436993165247,0.00010288169243995957
2026-11,MAZDA,PICK-UP,MEDIUM,BT50,Estimado,Modelo estadístico,1.9901153071115962,0.0002871442958440934
2026-11,MAZDA,SUV,MEDIUM,CX-9,Estimado,Modelo estadístico,0.09351446198467259,1.3492758053703221e-05
2026-11,MAZDA,SUV,MEDIUM,CX-90,Estimado,Modelo estadístico,2.5216878368224456,0.00036384237418580524
2026-11,MAZDA,SUV,SIN DEFINIR,CX-30,Estimado,Modelo estadístico,23.573430985622625,0.0034012985161248088
2026-11,MAZDA,SUV,SIN DEFINIR,CX-30 BEV,Estimado,Modelo estadístico,0.01710846835590762,2.4684997303789755e-06
2026-11,MAZDA,SUV,SIN DEFINIR,CX-5,Estimado,Modelo estadístico,43.32113515088484,0.006250601059956616
2026-11,MAZDA,SUV,SIN DEFINIR,CX-60,Estimado,Modelo estadístico,6.139264273736168,0.0008858053151911758
2026-11,MAZDA,SUV,SIN DEFINIR,EZ-60,Estimado,Modelo estadístico,0.7745379877983976,0.00011175441157410306
2026-11,MERCEDES BENZ,AUTOMOVILES,HB,A200,Estimado,Modelo estadístico,0.014813572019096836,2.1373800257498354e-06
2026-11,MERCEDES BENZ,AUTOMOVILES,HB,A45,Estimado,Modelo estadístico,0.014813572019096836,2.1373800257498354e-06
2026-11,MERCEDES BENZ,AUTOMOVILES,SD,A35,Estimado,Modelo estadístico,0.014813572019096836,2.1373800257498354e-06
2026-11,MERCEDES BENZ,AUTOMOVILES,SD,C200,Estimado,Modelo estadístico,0.2571117049956564,3.709742808390554e-05
2026-11,MERCEDES BENZ,AUTOMOVILES,SD,C43,Estimado,Modelo estadístico,0.014813572019096836,2.1373800257498354e-06
2026-11,MERCEDES BENZ,AUTOMOVILES,SD,C63,Estimado,Modelo estadístico,0.014813572019096836,2.1373800257498354e-06
2026-11,MERCEDES BENZ,AUTOMOVILES,SD,CLA200,Estimado,Modelo estadístico,0.014813572019096836,2.1373800257498354e-06
2026-11,MERCEDES BENZ,AUTOMOVILES,SD,CLE 200,Estimado,Modelo estadístico,0.28130311922311,4.058789247006054e-05
2026-11,MERCEDES BENZ,AUTOMOVILES,SD,CLE 53,Estimado,Modelo estadístico,0.3440235219850796,4.963752181655436e-05
2026-11,MERCEDES BENZ,AUTOMOVILES,SD,CLS 53 AMG,Estimado,Modelo estadístico,0.014813572019096836,2.1373800257498354e-06
2026-11,MERCEDES BENZ,AUTOMOVILES,SD,E200,Estimado,Modelo estadístico,0.21747597189734164,3.137857620124836e-05
2026-11,MERCEDES BENZ,AUTOMOVILES,SD,E300,Estimado,Modelo estadístico,0.014813572019096836,2.1373800257498354e-06
2026-11,MERCEDES BENZ,AUTOMOVILES,SD,E63,Estimado,Modelo estadístico,0.014813572019096836,2.1373800257498354e-06
2026-11,MERCEDES BENZ,AUTOMOVILES,SD,EQE,Estimado,Modelo estadístico,0.14805834562110343,2.1362636247905188e-05
2026-11,MERCEDES BENZ,AUTOMOVILES,SD,EQS,Estimado,Modelo estadístico,0.014813572019096836,2.1373800257498354e-06
2026-11,MERCEDES BENZ,AUTOMOVILES,SD,GT AMG,Estimado,Modelo estadístico,0.014813572019096836,2.1373800257498354e-06
2026-11,MERCEDES BENZ,AUTOMOVILES,SD,S450,Estimado,Modelo estadístico,0.014813572019096836,2.1373800257498354e-06
2026-11,MERCEDES BENZ,AUTOMOVILES,SD,S580,Estimado,Modelo estadístico,0.1084226125227887,1.5643784365248017e-05
2026-11,MERCEDES BENZ,AUTOMOVILES,SD,SL43,Estimado,Modelo estadístico,0.014813572019096836,2.1373800257498354e-06
2026-11,MERCEDES BENZ,AUTOMOVILES,SD,SLC,Estimado,Modelo estadístico,0.014813572019096836,2.1373800257498354e-06
2026-11,MERCEDES BENZ,BUS,SIN DEFINIR,TORINO OF-1724/59,Estimado,Modelo estadístico,0.8572949365523235,0.00012369501908123342
2026-11,MERCEDES BENZ,CAMIONES,SIN DEFINIR,ACTROS,Estimado,Modelo estadístico,0.20203165302648055,2.9150188704746193e-05
2026-11,MERCEDES BENZ,CAMIONES,SIN DEFINIR,AROCS,Estimado,Modelo estadístico,0.0693402517063733,1.0004775943750006e-05
2026-11,MERCEDES BENZ,CAMIONES,SIN DEFINIR,ATEGO,Estimado,Modelo estadístico,0.4227416158998098,6.099538212070956e-05
2026-11,MERCEDES BENZ,MICROBUS,SIN DEFINIR,SPRINTER,Estimado,Modelo estadístico,0.13261402675024234,1.913424875140302e-05
2026-11,MERCEDES BENZ,MICROBUS,SIN DEFINIR,VITO,Estimado,Modelo estadístico,0.0693402517063733,1.0004775943750006e-05
2026-11,MERCEDES BENZ,PANEL,SIN DEFINIR,SPRINTER,Estimado,Modelo estadístico,0.3564806060296942,5.143489537248822e-05
2026-11,MERCEDES BENZ,PANEL,SIN DEFINIR,VITO,Estimado,Modelo estadístico,0.014813572019096836,2.1373800257498354e-06
2026-11,MERCEDES BENZ,PASAJEROS,SIN DEFINIR,V300,Estimado,Modelo estadístico,0.014813572019096836,2.1373800257498354e-06
2026-11,MERCEDES BENZ,SUV,LARGE,EQS,Estimado,Modelo estadístico,0.014813572019096836,2.1373800257498354e-06
2026-11,MERCEDES BENZ,SUV,LARGE,G450,Estimado,Modelo estadístico,0.7339040028707081,0.00010589152667104925
2026-11,MERCEDES BENZ,SUV,LARGE,G500,Estimado,Modelo estadístico,0.03900498624655047,5.62784441190484e-06
2026-11,MERCEDES BENZ,SUV,LARGE,G580,Estimado,Modelo estadístico,0.22622306725393415,3.264065309090119e-05
2026-11,MERCEDES BENZ,SUV,LARGE,G63,Estimado,Modelo estadístico,0.5472392941452239,7.895856145321207e-05
2026-11,MERCEDES BENZ,SUV,LARGE,GLS400,Estimado,Modelo estadístico,0.44377641372114074,6.403039330174272e-05
2026-11,MERCEDES BENZ,SUV,LARGE,GLS450,Estimado,Modelo estadístico,0.09353166593382693,1.3495240329905012e-05
2026-11,MERCEDES BENZ,SUV,LARGE,GLS600,Estimado,Modelo estadístico,0.014813572019096836,2.1373800257498354e-06
2026-11,MERCEDES BENZ,SUV,SIN DEFINIR,EQA,Estimado,Modelo estadístico,0.7525049381476919,0.00010857536737267327
2026-11,MERCEDES BENZ,SUV,SIN DEFINIR,EQB,Estimado,Modelo estadístico,0.17839361108092622,2.573956777975035e-05
2026-11,MERCEDES BENZ,SUV,SIN DEFINIR,EQE,Estimado,Modelo estadístico,0.45977410487390113,6.633862425940404e-05
2026-11,MERCEDES BENZ,SUV,SIN DEFINIR,GLA200,Estimado,Modelo estadístico,1.7667600648174413,0.00025491742761065106
2026-11,MERCEDES BENZ,SUV,SIN DEFINIR,GLB200,Estimado,Modelo estadístico,0.21133212066497242,3.0492109055558192e-05
2026-11,MERCEDES BENZ,SUV,SIN DEFINIR,GLB35,Estimado,Modelo estadístico,0.1084226125227887,1.5643784365248017e-05
2026-11,MERCEDES BENZ,SUV,SIN DEFINIR,GLC200,Estimado,Modelo estadístico,7.570254975087315,0.001092276174357267
2026-11,MERCEDES BENZ,SUV,SIN DEFINIR,GLC300,Estimado,Modelo estadístico,0.014813572019096836,2.1373800257498354e-06
2026-11,MERCEDES BENZ,SUV,SIN DEFINIR,GLC43,Estimado,Modelo estadístico,0.44693303012726343,6.448584650686457e-05
2026-11,MERCEDES BENZ,SUV,SIN DEFINIR,GLE300,Estimado,Modelo estadístico,3.6902599463355585,0.0005324500997432739
2026-11,MERCEDES BENZ,SUV,SIN DEFINIR,GLE350,Estimado,Modelo estadístico,0.03900498624655047,5.62784441190484e-06
2026-11,MERCEDES BENZ,SUV,SIN DEFINIR,GLE400,Estimado,Modelo estadístico,0.014813572019096836,2.1373800257498354e-06
2026-11,MERCEDES BENZ,SUV,SIN DEFINIR,GLE43,Estimado,Modelo estadístico,0.014813572019096836,2.1373800257498354e-06
2026-11,MERCEDES BENZ,SUV,SIN DEFINIR,GLE450,Estimado,Modelo estadístico,2.0542844098427855,0.00029640295123599495
2026-11,MERCEDES BENZ,SUV,SIN DEFINIR,GLE53,Estimado,Modelo estadístico,0.9073378818529287,0.00013091547823702092
2026-11,MINI,AUTOMOVILES,HB,COOPER,Estimado,Modelo estadístico,1.448854304942747,0.00020904831377699634
2026-11,MINI,AUTOMOVILES,HB,COOPER BEV,Estimado,Modelo estadístico,1.4663384201940892,0.0002115710138157143
2026-11,MINI,AUTOMOVILES,HB,JOHN COOPER WORKS,Estimado,Modelo estadístico,0.686136367357752,9.899936116963794e-05
2026-11,MINI,SUV,SIN DEFINIR,ACEMAN,Estimado,Modelo estadístico,4.573627532363754,0.0006599070177194036
2026-11,MINI,SUV,SIN DEFINIR,COUNTRYMAN,Estimado,Modelo estadístico,2.024732748874355,0.00029213908227851274
2026-11,MITSUBISHI,AUTOMOVILES,HB,MIRAGE HB,Estimado,Modelo estadístico,0.02018687737367011,2.9126687624781544e-06
2026-11,MITSUBISHI,AUTOMOVILES,SD,MIRAGE,Estimado,Modelo estadístico,0.02018687737367011,2.9126687624781544e-06
2026-11,MITSUBISHI,BUSETAS,SIN DEFINIR,ROSA,Estimado,Modelo estadístico,2.118925796262623,0.00030572975020064875
2026-11,MITSUBISHI,PASAJEROS,SIN DEFINIR,XPANDER,Estimado,Modelo estadístico,5.249109789480022,0.0007573691478692086
2026-11,MITSUBISHI,PICK-UP,MEDIUM,L200,Estimado,Modelo estadístico,85.07502223067196,0.01227507133132012
2026-11,MITSUBISHI,SUV,SIN DEFINIR,ASX,Estimado,Modelo estadístico,24.221665173874218,0.0034948291516927175
2026-11,MITSUBISHI,SUV,SIN DEFINIR,DESTINATOR,Estimado,Modelo estadístico,31.03472543943613,0.004477853293815175
2026-11,MITSUBISHI,SUV,SIN DEFINIR,ECLIPSE CROSS,Estimado,Modelo estadístico,68.15059136202508,0.009833125496838312
2026-11,MITSUBISHI,SUV,SIN DEFINIR,OUTLANDER,Estimado,Modelo estadístico,29.240889008619963,0.004219029145814535
2026-11,MITSUBISHI,SUV,SIN DEFINIR,OUTLANDER SPORT,Estimado,Modelo estadístico,94.83163548793482,0.013682806769346571
2026-11,MITSUBISHI,SUV,SIN DEFINIR,XFORCE,Estimado,Modelo estadístico,0.02018687737367011,2.9126687624781544e-06
2026-11,MITSUBISHI,SUV,SMALL,MONTERO SPORT,Estimado,Modelo estadístico,95.36207187825259,0.013759340919525508
2026-11,MUDAN,BUSETAS,SIN DEFINIR,MD6773,Estimado,Modelo estadístico,0.15784689787459802,2.277498001216789e-05
2026-11,NETA,SUV,SIN DEFINIR,AYA (PREVIOUS V),Estimado,Modelo estadístico,4.164706433057347,0.0006009057323684807
2026-11,NETA,SUV,SIN DEFINIR,U,Estimado,Modelo estadístico,0.7264629188668176,0.00010481788796329267
2026-11,NETA,SUV,SIN DEFINIR,X,Estimado,Modelo estadístico,0.8067779657603402,0.00011640616503624153
2026-11,NIO,AUTOMOVILES,HB,FIREFLY,Estimado,Modelo estadístico,4.230179804179862,0.0006103525744586508
2026-11,NIO,AUTOMOVILES,SD,ET5T,Estimado,Modelo estadístico,0.22638955064301622,3.266467418925508e-05
2026-11,NIO,SUV,LARGE,L90,Estimado,Modelo estadístico,0.29023724913618065,4.187695568850875e-05
2026-11,NIO,SUV,MEDIUM,L60,Estimado,Modelo estadístico,1.6742635096180534,0.00024157153849768258
2026-11,NIO,SUV,SIN DEFINIR,EC6,Estimado,Modelo estadístico,0.1913782305303326,2.76130569164249e-05
2026-11,NIO,SUV,SIN DEFINIR,ES6,Estimado,Modelo estadístico,0.2964121908683834,4.2767908734915434e-05
2026-11,NIO,SUV,SIN DEFINIR,ES8,Estimado,Modelo estadístico,0.2088838905866744,3.0138865552839988e-05
2026-11,NIO,SUV,SMALL,EL6,Estimado,Modelo estadístico,0.3396667584391047,4.9008905074550674e-05
2026-11,NISSAN,AUTOMOVILES,HB,LEAF EV,Estimado,Modelo estadístico,0.22768010106247435,3.285088158644578e-05
2026-11,NISSAN,AUTOMOVILES,HB,MARCH,Estimado,Modelo estadístico,1.0030694629863508,0.00014472813389389074
2026-11,NISSAN,AUTOMOVILES,SD,GT-R,Estimado,Modelo estadístico,0.01621027508323533,2.3389036844153316e-06
2026-11,NISSAN,AUTOMOVILES,SD,N7,Estimado,Modelo estadístico,0.10782308392250893,1.5557281227891825e-05
2026-11,NISSAN,AUTOMOVILES,SD,SENTRA,Estimado,Modelo estadístico,1.1637029399421042,0.00016790517618115038
2026-11,NISSAN,AUTOMOVILES,SD,VERSA,Estimado,Modelo estadístico,4.816295317626389,0.0006949204011521545
2026-11,NISSAN,MICROBUS,SIN DEFINIR,URVAN,Estimado,Modelo estadístico,10.349952487525112,0.0014933455405473997
2026-11,NISSAN,PANEL,SIN DEFINIR,URVAN,Estimado,Modelo estadístico,0.2488029679086683,3.589859982924546e-05
2026-11,NISSAN,PICK-UP,MEDIUM,FRONTIER,Estimado,Modelo estadístico,144.58297386647183,0.020861191345836413
2026-11,NISSAN,PICK-UP,MEDIUM,FRONTIER PHEV,Estimado,Modelo estadístico,0.10782308392250893,1.5557281227891825e-05
2026-11,NISSAN,SUV,LARGE,ARMADA,Estimado,Modelo estadístico,0.10782308392250893,1.5557281227891825e-05
2026-11,NISSAN,SUV,LARGE,PATROL,Estimado,Modelo estadístico,0.01621027508323533,2.3389036844153316e-06
2026-11,NISSAN,SUV,MEDIUM,PATHFINDER,Estimado,Modelo estadístico,5.4833191391728775,0.0007911621037634405
2026-11,NISSAN,SUV,SIN DEFINIR,ARIYA,Estimado,Modelo estadístico,0.01621027508323533,2.3389036844153316e-06
2026-11,NISSAN,SUV,SIN DEFINIR,KAIT,Estimado,Modelo estadístico,19.438125749009235,0.0028046349429014317
2026-11,NISSAN,SUV,SIN DEFINIR,KICKS,Estimado,Modelo estadístico,100.91174324560505,0.01456007667149427
2026-11,NISSAN,SUV,SIN DEFINIR,MAGNITE,Estimado,Modelo estadístico,62.0361169409714,0.008950896991878761
2026-11,NISSAN,SUV,SIN DEFINIR,QASHQAI,Estimado,Modelo estadístico,30.551267201997575,0.0044080973984340155
2026-11,NISSAN,SUV,SIN DEFINIR,QASHQAI E-POWER,Estimado,Modelo estadístico,5.787817231957471,0.0008350966889234344
2026-11,NISSAN,SUV,SIN DEFINIR,X-TRAIL,Estimado,Modelo estadístico,40.83072071549045,0.005891270976490659
2026-11,NISSAN,SUV,SIN DEFINIR,X-TRAIL E-POWER,Estimado,Modelo estadístico,66.33622052823304,0.009571338537254838
2026-11,NISSAN,SUV,SMALL,TERRA,Estimado,Modelo estadístico,0.0650753405042974,9.389412140667115e-06
2026-11,OMODA,AUTOMOVILES,SD,O5,Estimado,Modelo estadístico,0.2950280218799824,4.2568193558571965e-05
2026-11,OMODA,SUV,SIN DEFINIR,C5,Estimado,Modelo estadístico,31.425480775048715,0.004534233527307598
2026-11,OMODA,SUV,SIN DEFINIR,C7,Estimado,Modelo estadístico,3.3346017063861697,0.0004811338596709141
2026-11,OMODA,SUV,SIN DEFINIR,E5,Estimado,Modelo estadístico,1.3957326883484655,0.0002013836477465624
2026-11,ONVO,SUV,SIN DEFINIR,L60,Estimado,Modelo estadístico,0.3013440777605962,4.347950729595688e-05
2026-11,OSHKOSH,CAMIONES,[3] MEDIANO [MD],STRIKER 4X4,Estimado,Modelo estadístico,0.12585455665736223,1.8158956881045867e-05
2026-11,OSHKOSH,CAMIONES,[4] PESADO [HD],STRIKER 6X6,Estimado,Modelo estadístico,0.12585455665736223,1.8158956881045867e-05
2026-11,PEUGEOT,PANEL,SIN DEFINIR,EXPERT,Estimado,Modelo estadístico,0.017173981906430557,2.477952369764207e-06
2026-11,PEUGEOT,PANEL,SIN DEFINIR,PARTNER,Estimado,Modelo estadístico,0.11882205967612472,1.7144271256304867e-05
2026-11,PEUGEOT,PASAJEROS,SIN DEFINIR,RIFTER,Estimado,Modelo estadístico,2.2182352932673197,0.0003200586463636718
2026-11,PEUGEOT,PICK-UP,MEDIUM,LANDTREK,Estimado,Modelo estadístico,5.91711414692817,0.0008537523273537321
2026-11,PEUGEOT,SUV,SIN DEFINIR,2008,Estimado,Modelo estadístico,3.076934388588848,0.0004439562648518822
2026-11,PEUGEOT,SUV,SIN DEFINIR,2008 BEV,Estimado,Modelo estadístico,4.939825627541999,0.000712744003497891
2026-11,PEUGEOT,SUV,SIN DEFINIR,3008,Estimado,Modelo estadístico,4.6441868186921775,0.0006700876823852328
2026-11,PEUGEOT,SUV,SMALL,5008,Estimado,Modelo estadístico,0.6171001705740923,8.903845586814095e-05
2026-11,POLESTAR,SUV,SIN DEFINIR,4,Estimado,Modelo estadístico,0.041008025964002374,5.91685350959891e-06
2026-11,PORSCHE,AUTOMOVILES,SD,911,Estimado,Modelo estadístico,0.3603438799613529,5.199230883933352e-05
2026-11,PORSCHE,AUTOMOVILES,SD,BOXSTER,Estimado,Modelo estadístico,0.037920729623114165,5.471402167810561e-06
2026-11,PORSCHE,AUTOMOVILES,SD,CAYMAN,Estimado,Modelo estadístico,0.057033442143164415,8.229084779782285e-06
2026-11,PORSCHE,AUTOMOVILES,SD,CAYMAN GT4,Estimado,Modelo estadístico,0.018808017103063932,2.71371955583884e-06
2026-11,PORSCHE,AUTOMOVILES,SD,TAYCAN,Estimado,Modelo estadístico,0.4140810716843928,5.974579328458736e-05
2026-11,PORSCHE,SUV,LARGE,CAYENNE,Estimado,Modelo estadístico,1.2026882100116831,0.0001735301758394206
2026-11,PORSCHE,SUV,LARGE,CAYENNE EV,Estimado,Modelo estadístico,0.018808017103063932,2.71371955583884e-06
2026-11,PORSCHE,SUV,LARGE,CAYENNE HV,Estimado,Modelo estadístico,0.16533881309011578,2.3855952914288714e-05
2026-11,PORSCHE,SUV,SIN DEFINIR,MACAN,Estimado,Modelo estadístico,0.622104942735954,8.976057069894624e-05
2026-11,PORSCHE,SUV,SIN DEFINIR,MACAN EV,Estimado,Modelo estadístico,0.9254153805541427,0.00013352379475849751
2026-11,POWERPLUS,CAMIONES,SIN DEFINIR,PT480TC,Estimado,Modelo estadístico,0.0469546155177948,6.774858703567209e-06
2026-11,POWERPLUS,CAMIONES,[4] PESADO [HD],PD680TC-III,Estimado,Modelo estadístico,0.21968965300340285,3.1697977745546756e-05
2026-11,POWERPLUS,CAMIONES,[4] PESADO [HD],PD880TC-III,Estimado,Modelo estadístico,0.12526911943948885,1.8074486922402535e-05
2026-11,RAM,PANEL,SIN DEFINIR,V700,Estimado,Modelo estadístico,0.016305913821386863,2.3527029441988245e-06
2026-11,RAM,PICK-UP,LARGE,RAM 1500,Estimado,Modelo estadístico,8.627198908105443,0.0012447775999322819
2026-11,RAM,PICK-UP,LARGE,RAM 1500 HEV,Estimado,Modelo estadístico,0.09722871990172458,1.4028670706786209e-05
2026-11,RAM,PICK-UP,LARGE,RAM 2500,Estimado,Modelo estadístico,3.7654666461057107,0.0005433013176456181
2026-11,RAM,PICK-UP,LARGE,RAM 3500,Estimado,Modelo estadístico,1.336568937642386,0.0001928471908511831
2026-11,RAM,PICK-UP,MEDIUM,RAM 1200 RAMPAGE,Estimado,Modelo estadístico,1.4224234345185072,0.0002052347288809885
2026-11,RAM,PICK-UP,SMALL,RAM 1000,Estimado,Modelo estadístico,0.016305913821386863,2.3527029441988245e-06
2026-11,RAM,PICK-UP,SMALL,RAM 700,Estimado,Modelo estadístico,5.991811548667957,0.0008645300610595669
2026-11,RENAULT,AUTOMOVILES,HB,KWID,Estimado,Modelo estadístico,0.553723745716581,7.989417220588495e-05
2026-11,RENAULT,AUTOMOVILES,HB,KWID E-TECH,Estimado,Modelo estadístico,0.02072404224914556,2.990173733858151e-06
2026-11,RENAULT,AUTOMOVILES,HB,STEPWAY HB,Estimado,Modelo estadístico,0.15727768528625713,2.2692851028344355e-05
2026-11,RENAULT,AUTOMOVILES,HB,TWIZY EV,Estimado,Modelo estadístico,0.02072404224914556,2.990173733858151e-06
2026-11,RENAULT,AUTOMOVILES,SD,LOGAN,Estimado,Modelo estadístico,0.02072404224914556,2.990173733858151e-06
2026-11,RENAULT,MICROBUS,SIN DEFINIR,MASTER,Estimado,Modelo estadístico,0.44357430406336357,6.400123185810258e-05
2026-11,RENAULT,PANEL,SIN DEFINIR,DOKKER,Estimado,Modelo estadístico,0.02072404224914556,2.990173733858151e-06
2026-11,RENAULT,PANEL,SIN DEFINIR,EXPRESS,Estimado,Modelo estadístico,0.24890077480793202,3.591271192270929e-05
2026-11,RENAULT,PANEL,SIN DEFINIR,KANGOO EV,Estimado,Modelo estadístico,0.02072404224914556,2.990173733858151e-06
2026-11,RENAULT,PANEL,SIN DEFINIR,KANGOO EXPRESS,Estimado,Modelo estadístico,0.02072404224914556,2.990173733858151e-06
2026-11,RENAULT,PANEL,SIN DEFINIR,MASTER,Estimado,Modelo estadístico,0.11234713177082041,1.6210034628223085e-05
2026-11,RENAULT,PICK-UP,SMALL,OROCH,Estimado,Modelo estadístico,0.11895456611132584,1.71633899811821e-05
2026-11,RENAULT,SUV,SIN DEFINIR,ARKANA,Estimado,Modelo estadístico,0.0357008934209578,5.151112533898574e-06
2026-11,RENAULT,SUV,SIN DEFINIR,ARKANA HEV,Estimado,Modelo estadístico,1.424053720249046,0.00020546995507438916
2026-11,RENAULT,SUV,SIN DEFINIR,CAPTUR,Estimado,Modelo estadístico,0.02072404224914556,2.990173733858151e-06
2026-11,RENAULT,SUV,SIN DEFINIR,DUSTER,Estimado,Modelo estadístico,0.24537680982632912,3.540425573446449e-05
2026-11,RENAULT,SUV,SIN DEFINIR,KARDIAN,Estimado,Modelo estadístico,0.18899337012068304,2.72689567225476e-05
2026-11,RENAULT,SUV,SIN DEFINIR,KOLEOS,Estimado,Modelo estadístico,1.103644226690789,0.00015923958938614157
2026-11,RIVIAN,SUV,SIN DEFINIR,R1S,Estimado,Modelo estadístico,0.06255243966457819,9.025394748048254e-06
2026-11,ROLLS-ROYCE,AUTOMOVILES,SD,GHOST,Estimado,Modelo estadístico,0.06292727832868111,9.079478440522933e-06
2026-11,SAGMOTO,CAMIONES,SIN DEFINIR,X6S,Estimado,Modelo estadístico,0.0860472265146262,1.2415346074966917e-05
2026-11,SAGMOTO,CAMIONES,SIN DEFINIR,X9,Estimado,Modelo estadístico,0.13452453722709165,1.9409907243962363e-05
2026-11,SAGMOTO,CAMIONES,[2] LIVIANO [LD],I9,Estimado,Modelo estadístico,0.13452453722709165,1.9409907243962363e-05
2026-11,SAGMOTO,CAMIONES,[4] PESADO [HD],SX5253GS,Estimado,Modelo estadístico,0.0860472265146262,1.2415346074966917e-05
2026-11,SAGMOTO,CAMIONES,[4] PESADO [HD],X3S,Estimado,Modelo estadístico,0.3769110907894189,5.438271308893959e-05
2026-11,SANY,CAMIONES,SIN DEFINIR,HQC42503S,Estimado,Modelo estadístico,0.27271157637172194,3.934825951338691e-05
2026-11,SANY,CAMIONES,[3] MEDIANO [MD],SYZ420C,Estimado,Modelo estadístico,2.5866279819499685,0.0003732122796269728
2026-11,SANY,CAMIONES,[4] PESADO [HD],HQC42593S,Estimado,Modelo estadístico,0.20659967906948634,2.9809287510141605e-05
2026-11,SANY,CAMIONES,[4] PESADO [HD],SY39 RZ5-165,Estimado,Modelo estadístico,0.20659967906948634,2.9809287510141605e-05
2026-11,SANY,CAMIONES,[4] PESADO [HD],SY410C,Estimado,Modelo estadístico,0.8677186520918425,0.00012519900754259471
2026-11,SANY,CAMIONES,[4] PESADO [HD],SYG5230THB,Estimado,Modelo estadístico,0.20659967906948634,2.9809287510141605e-05
2026-11,SANY,CAMIONES,[4] PESADO [HD],SYP5312JSQSQ3,Estimado,Modelo estadístico,0.33882347367395754,4.888723151663222e-05
2026-11,SCANIA,CAMIONES,SIN DEFINIR,G460,Estimado,Modelo estadístico,0.016217672130716156,2.3399709693021e-06
2026-11,SCANIA,CAMIONES,SIN DEFINIR,P380,Estimado,Modelo estadístico,0.016217672130716156,2.3399709693021e-06
2026-11,SCANIA,CAMIONES,SIN DEFINIR,P410,Estimado,Modelo estadístico,0.016217672130716156,2.3399709693021e-06
2026-11,SCANIA,CAMIONES,SIN DEFINIR,P460,Estimado,Modelo estadístico,0.1783943934378777,2.5739680662323094e-05
2026-11,SCANIA,CAMIONES,[4] PESADO [HD],G500,Estimado,Modelo estadístico,0.40544180326790386,5.849927423255249e-05
2026-11,SHACMAN,CAMIONES,SIN DEFINIR,F3000,Estimado,Modelo estadístico,1.029782406321819,0.00014858241775200494
2026-11,SHACMAN,CAMIONES,SIN DEFINIR,H3000,Estimado,Modelo estadístico,0.5967192874870391,8.609779494171127e-05
2026-11,SHACMAN,CAMIONES,SIN DEFINIR,L3000,Estimado,Modelo estadístico,0.05173011699508848,7.463893155038331e-06
2026-11,SHACMAN,CAMIONES,SIN DEFINIR,X3000,Estimado,Modelo estadístico,1.3850647462514842,0.00019984442099392306
2026-11,SHACMAN,CAMIONES,SIN DEFINIR,X5000,Estimado,Modelo estadístico,0.05173011699508848,7.463893155038331e-06
2026-11,SHACMAN,CAMIONES,[4] PESADO [HD],SX32556V384C,Estimado,Modelo estadístico,0.10692195345088183,1.5427261387426115e-05
2026-11,SHACMAN,CAMIONES,[4] PESADO [HD],SX33156V306C,Estimado,Modelo estadístico,0.18133021763617407,2.6163276807294907e-05
2026-11,SHACMAN,CAMIONES,[4] PESADO [HD],SX5255GJB6R384C,Estimado,Modelo estadístico,0.10692195345088183,1.5427261387426115e-05
2026-11,SHINERAY,MICROBUS,SIN DEFINIR,X30,Estimado,Modelo estadístico,0.09834285834508301,1.4189424456907006e-05
2026-11,SHINERAY,PANEL,SIN DEFINIR,X30,Estimado,Modelo estadístico,0.06661935565312074,9.612190761130552e-06
2026-11,SINOTRUK,CAMIONES,SIN DEFINIR,HOMAN,Estimado,Modelo estadístico,3.6553541271974845,0.0005274137047055358
2026-11,SINOTRUK,CAMIONES,SIN DEFINIR,HOWO,Estimado,Modelo estadístico,4.624504829938506,0.000667247861606362
2026-11,SINOTRUK,CAMIONES,SIN DEFINIR,SITRAK,Estimado,Modelo estadístico,10.9559431494114,0.0015807810581144612
2026-11,SINOTRUK,CAMIONES,SIN DEFINIR,ZZ1067F341BD165,Estimado,Modelo estadístico,0.033472515921657744,4.829590516744693e-06
2026-11,SINOTRUK,CAMIONES,SIN DEFINIR,ZZ1168G4215C1,Estimado,Modelo estadístico,0.033472515921657744,4.829590516744693e-06
2026-11,SINOTRUK,CAMIONES,SIN DEFINIR,ZZ1257V5847N1,Estimado,Modelo estadístico,0.15139648717002682,2.1844280854661518e-05
2026-11,SINOTRUK,CAMIONES,SIN DEFINIR,ZZ3256V364MC1,Estimado,Modelo estadístico,0.033472515921657744,4.829590516744693e-06
2026-11,SINOTRUK,CAMIONES,[4] PESADO [HD],HOVA,Estimado,Modelo estadístico,0.11222404154844214,1.619227452402018e-05
2026-11,SINOTRUK,PANEL,SIN DEFINIR,V VANGUARD,Estimado,Modelo estadístico,0.2697270928020109,3.891764253857115e-05
2026-11,SINOTRUK,PICK-UP,MEDIUM,BOLDEN,Estimado,Modelo estadístico,12.127136922891292,0.0017497670511275848
2026-11,SKYWELL,SUV,SIN DEFINIR,BE11,Estimado,Modelo estadístico,0.0069908882508563225,1.008682098441002e-06
2026-11,SMART,SUV,SIN DEFINIR,#1,Estimado,Modelo estadístico,0.32137860003576424,4.6370193464099265e-05
2026-11,SMART,SUV,SIN DEFINIR,#3,Estimado,Modelo estadístico,0.37082146157972795,5.3504069381653e-05
2026-11,SOUEAST,SUV,SIN DEFINIR,DX3,Estimado,Modelo estadístico,0.06656395258316629,9.60419691501881e-06
2026-11,SOUEAST,SUV,SIN DEFINIR,DX7,Estimado,Modelo estadístico,0.06656395258316629,9.60419691501881e-06
2026-11,SOUEAST,SUV,SIN DEFINIR,S06,Estimado,Modelo estadístico,0.37518346213766546,5.413344174726652e-05
2026-11,SOUEAST,SUV,SIN DEFINIR,S07,Estimado,Modelo estadístico,2.7487721196226715,0.00039660728798196623
2026-11,SOUEAST,SUV,SMALL,S08,Estimado,Modelo estadístico,0.16943712243466602,2.4447278525768047e-05
2026-11,SOUEAST,SUV,SMALL,S09,Estimado,Modelo estadístico,1.4871029178859694,0.00021456702467346955
2026-11,SSANG YONG,PICK-UP,MEDIUM,REXTON SPORT,Estimado,Modelo estadístico,0.019219918709516136,2.7731508844252378e-06
2026-11,SSANG YONG,SUV,SIN DEFINIR,ACTYON,Estimado,Modelo estadístico,0.6485182334755613,9.357161910566278e-05
2026-11,SSANG YONG,SUV,SIN DEFINIR,TIVOLI,Estimado,Modelo estadístico,0.6023064604239282,8.690394161722761e-05
2026-11,SSANG YONG,SUV,SIN DEFINIR,TORRES,Estimado,Modelo estadístico,1.9867479120271148,0.0002866584303834806
2026-11,SSANG YONG,SUV,SIN DEFINIR,TORRES EV,Estimado,Modelo estadístico,0.5060262377190571,7.301212507096533e-05
2026-11,SSANG YONG,SUV,SMALL,REXTON,Estimado,Modelo estadístico,4.335868181167186,0.0006256018489506782
2026-11,SUBARU,SUV,MEDIUM,EVOLTIS,Estimado,Modelo estadístico,0.1567709603431592,2.2619738090389183e-05
2026-11,SUBARU,SUV,SIN DEFINIR,CROSSTREK,Estimado,Modelo estadístico,4.111490371654395,0.0005932274393446837
2026-11,SUBARU,SUV,SIN DEFINIR,FORESTER,Estimado,Modelo estadístico,3.76620629926755,0.0005434080386911606
2026-11,SUBARU,SUV,SIN DEFINIR,OUTBACK,Estimado,Modelo estadístico,0.1881604214692361,2.7148774513436735e-05
2026-11,SUBARU,SUV,SIN DEFINIR,XV,Estimado,Modelo estadístico,0.017105492860839646,2.468070410312431e-06
2026-11,SUZUKI,AUTOMOVILES,HB,ALTO,Estimado,Modelo estadístico,9.219230310674881,0.0013301990022002357
2026-11,SUZUKI,AUTOMOVILES,HB,BALENO,Estimado,Modelo estadístico,12.752923157194441,0.0018400587779213973
2026-11,SUZUKI,AUTOMOVILES,HB,CELERIO HB,Estimado,Modelo estadístico,8.167536654795839,0.0011784551142044264
2026-11,SUZUKI,AUTOMOVILES,HB,S-PRESSO,Estimado,Modelo estadístico,31.120110657339314,0.004490173121808402
2026-11,SUZUKI,AUTOMOVILES,HB,SWIFT HB,Estimado,Modelo estadístico,66.35745541003708,0.009574402417604466
2026-11,SUZUKI,AUTOMOVILES,SD,CIAZ,Estimado,Modelo estadístico,0.020595450779363908,2.9716198807672964e-06
2026-11,SUZUKI,AUTOMOVILES,SD,SWIFT D-ZIRE,Estimado,Modelo estadístico,14.173115496309547,0.0020449715926317436
2026-11,SUZUKI,PANEL,SIN DEFINIR,APV,Estimado,Modelo estadístico,24.13622466231235,0.0034825013456398113
2026-11,SUZUKI,PANEL,SIN DEFINIR,EECO,Estimado,Modelo estadístico,5.42204818686962,0.0007823216087469229
2026-11,SUZUKI,PASAJEROS,SIN DEFINIR,XL7,Estimado,Modelo estadístico,13.99906026846914,0.0020198579895869258
2026-11,SUZUKI,SUV,SIN DEFINIR,ACROSS,Estimado,Modelo estadístico,36.63409590239325,0.0052857598924984425
2026-11,SUZUKI,SUV,SIN DEFINIR,E VITARA,Estimado,Modelo estadístico,0.5570569958579555,8.037511105465263e-05
2026-11,SUZUKI,SUV,SIN DEFINIR,FRONX,Estimado,Modelo estadístico,124.08644913340254,0.01790384503494841
2026-11,SUZUKI,SUV,SIN DEFINIR,GRAND VITARA,Estimado,Modelo estadístico,43.22844359310014,0.006237227034845774
2026-11,SUZUKI,SUV,SIN DEFINIR,JIMNY,Estimado,Modelo estadístico,244.24430847193727,0.0352408524870309
2026-11,SUZUKI,SUV,SIN DEFINIR,S CROSS,Estimado,Modelo estadístico,0.7389866660192749,0.0001066248800227835
2026-11,SUZUKI,SUV,SIN DEFINIR,VITARA,Estimado,Modelo estadístico,14.81945448472153,0.0021382287788063014
2026-11,SWM,SUV,SIN DEFINIR,G01,Estimado,Modelo estadístico,1.2315981471464927,0.00017770145350951716
2026-11,TESLA,AUTOMOVILES,SD,MODEL 3 EV,Estimado,Modelo estadístico,0.06381999315817366,9.208284027911868e-06
2026-11,TESLA,AUTOMOVILES,SD,MODEL S EV,Estimado,Modelo estadístico,0.10854368135578145,1.566125281276668e-05
2026-11,TESLA,PICK-UP,LARGE,CYBERTRUCK,Estimado,Modelo estadístico,0.29826440628928436,4.303515611042459e-05
2026-11,TESLA,SUV,SIN DEFINIR,MODEL X,Estimado,Modelo estadístico,0.016611655616254325,2.3968169772317877e-06
2026-11,TESLA,SUV,SIN DEFINIR,MODEL Y,Estimado,Modelo estadístico,0.8109895459832879,0.00011701383396536725
2026-11,TOYOTA,AUTOMOVILES,HB,AGYA,Estimado,Modelo estadístico,13.507091552440528,0.0019488741576267623
2026-11,TOYOTA,AUTOMOVILES,HB,YARIS GR,Estimado,Modelo estadístico,0.9397853854407264,0.0001355971745871382
2026-11,TOYOTA,AUTOMOVILES,HB,YARIS HB,Estimado,Modelo estadístico,1.5912482891277637,0.00022959366618704582
2026-11,TOYOTA,AUTOMOVILES,SD,BZ3,Estimado,Modelo estadístico,4.92511427496205,0.0007106213722300502
2026-11,TOYOTA,AUTOMOVILES,SD,COROLLA,Estimado,Modelo estadístico,4.188666880988242,0.000604362871723492
2026-11,TOYOTA,AUTOMOVILES,SD,COROLLA GR,Estimado,Modelo estadístico,0.017359540646889167,2.504725760067926e-06
2026-11,TOYOTA,AUTOMOVILES,SD,COROLLA HV,Estimado,Modelo estadístico,1.9273362131375538,0.00027808619822106167
2026-11,TOYOTA,AUTOMOVILES,SD,YARIS SD,Estimado,Modelo estadístico,38.04810233585135,0.005489780172229689
2026-11,TOYOTA,BUSETAS,SIN DEFINIR,COASTER,Estimado,Modelo estadístico,3.9945740191363157,0.0005763581335328567
2026-11,TOYOTA,MICROBUS,SIN DEFINIR,HIACE,Estimado,Modelo estadístico,31.9068190318229,0.004603683540736642
2026-11,TOYOTA,PANEL,SIN DEFINIR,HIACE,Estimado,Modelo estadístico,3.966282213152579,0.0005722760430739131
2026-11,TOYOTA,PANEL,SIN DEFINIR,LITE ACE,Estimado,Modelo estadístico,20.641372315718872,0.002978245681379756
2026-11,TOYOTA,PASAJEROS,SIN DEFINIR,AVANZA,Estimado,Modelo estadístico,2.8253136153679375,0.00040765109726280987
2026-11,TOYOTA,PASAJEROS,SIN DEFINIR,SIENNA,Estimado,Modelo estadístico,0.017359540646889167,2.504725760067926e-06
2026-11,TOYOTA,PICK-UP,LARGE,TUNDRA,Estimado,Modelo estadístico,0.7751580683817325,0.00011184388005958833
2026-11,TOYOTA,PICK-UP,LARGE,TUNDRA HEV,Estimado,Modelo estadístico,0.4832699877005662,6.972873371958908e-05
2026-11,TOYOTA,PICK-UP,MEDIUM,HI-LUX,Estimado,Modelo estadístico,209.84512523216625,0.03027755753939694
2026-11,TOYOTA,PICK-UP,MEDIUM,LAND CRUISER PK,Estimado,Modelo estadístico,6.766976279507443,0.0009763749024135754
2026-11,TOYOTA,PICK-UP,MEDIUM,TACOMA,Estimado,Modelo estadístico,3.182326437522857,0.0004591627835749831
2026-11,TOYOTA,SUV,LARGE,LAND CRUISER,Estimado,Modelo estadístico,5.709496044778444,0.0008237960964091062
2026-11,TOYOTA,SUV,LARGE,LAND CRUISER 300,Estimado,Modelo estadístico,11.03575781252989,0.0015922971371865103
2026-11,TOYOTA,SUV,LARGE,LAND CRUISER 300 HEV,Estimado,Modelo estadístico,0.39284240099764683,5.668136625504928e-05
2026-11,TOYOTA,SUV,LARGE,SEQUOIA,Estimado,Modelo estadístico,0.0765058777530265,1.103867012972792e-05
2026-11,TOYOTA,SUV,LARGE,SEQUOIA HEV,Estimado,Modelo estadístico,0.8004606721816617,0.00011549467271727494
2026-11,TOYOTA,SUV,MEDIUM,4RUNNER,Estimado,Modelo estadístico,19.028408449898993,0.00274551877765827
2026-11,TOYOTA,SUV,MEDIUM,4RUNNER HEV,Estimado,Modelo estadístico,0.47857246304380774,6.905095017360306e-05
2026-11,TOYOTA,SUV,MEDIUM,HIGHLANDER,Estimado,Modelo estadístico,0.10522488506961984,1.5182399442193399e-05
2026-11,TOYOTA,SUV,MEDIUM,HIGHLANDER HEV,Estimado,Modelo estadístico,0.1326627712461188,1.9141281863451706e-05
2026-11,TOYOTA,SUV,MEDIUM,LAND CRUISER LX,Estimado,Modelo estadístico,5.828322336937522,0.000840940978350296
2026-11,TOYOTA,SUV,MEDIUM,PRADO,Estimado,Modelo estadístico,102.37823912682424,0.014771670404614246
2026-11,TOYOTA,SUV,SIN DEFINIR,BZ4X,Estimado,Modelo estadístico,5.301876807877479,0.0007649826506081635
2026-11,TOYOTA,SUV,SIN DEFINIR,BZ5,Estimado,Modelo estadístico,0.33967495111759954,4.9010087157261693e-05
2026-11,TOYOTA,SUV,SIN DEFINIR,C-HR,Estimado,Modelo estadístico,0.017359540646889167,2.504725760067926e-06
2026-11,TOYOTA,SUV,SIN DEFINIR,COROLLA CROSS,Estimado,Modelo estadístico,33.753697742040934,0.004870160907580626
2026-11,TOYOTA,SUV,SIN DEFINIR,COROLLA CROSS HV,Estimado,Modelo estadístico,6.509784886222773,0.0009392659764845179
2026-11,TOYOTA,SUV,SIN DEFINIR,RAIZE,Estimado,Modelo estadístico,92.25140951289106,0.013310518204922683
2026-11,TOYOTA,SUV,SIN DEFINIR,RAV4,Estimado,Modelo estadístico,248.42996410323187,0.03584478087982254
2026-11,TOYOTA,SUV,SIN DEFINIR,RAV4 HV,Estimado,Modelo estadístico,28.58341629691269,0.004124165527528067
2026-11,TOYOTA,SUV,SIN DEFINIR,RUSH,Estimado,Modelo estadístico,21.483834721624852,0.0030998005849848607
2026-11,TOYOTA,SUV,SIN DEFINIR,YARIS CROSS,Estimado,Modelo estadístico,162.3381636520407,0.023423003443023362
2026-11,TOYOTA,SUV,SIN DEFINIR,YARIS CROSS HV,Estimado,Modelo estadístico,9.87760150483569,0.0014251922582572021
2026-11,TOYOTA,SUV,SMALL,FJ CRUISER,Estimado,Modelo estadístico,0.017359540646889167,2.504725760067926e-06
2026-11,TOYOTA,SUV,SMALL,FORTUNER,Estimado,Modelo estadístico,90.3656653974575,0.01303843313315154
2026-11,TRUMPCHI-GAC,PASAJEROS,SIN DEFINIR,E9,Estimado,Modelo estadístico,0.06598488559928149,9.520646087215023e-06
2026-11,UD,CAMIONES,SIN DEFINIR,CRONER,Estimado,Modelo estadístico,0.570992397906841,8.23857841017532e-05
2026-11,UD,CAMIONES,SIN DEFINIR,QUESTER,Estimado,Modelo estadístico,0.6182935432955734,8.921064195633631e-05
2026-11,VGV,PICK-UP,MEDIUM,VX7,Estimado,Modelo estadístico,1.6121502978423756,0.00023260951785786954
2026-11,VGV,SUV,SIN DEFINIR,U70-U75,Estimado,Modelo estadístico,37.120624182706656,0.005355958749800632
2026-11,VOLKSWAGEN,AUTOMOVILES,HB,ID3,Estimado,Modelo estadístico,0.6695694107802243,9.660899360463579e-05
2026-11,VOLKSWAGEN,AUTOMOVILES,SD,ID.7,Estimado,Modelo estadístico,0.0166952513531028,2.40887860949357e-06
2026-11,VOLKSWAGEN,AUTOMOVILES,SD,JETTA,Estimado,Modelo estadístico,0.4012724846931713,5.7897703036143344e-05
2026-11,VOLKSWAGEN,BUS,SIN DEFINIR,17-260,Estimado,Modelo estadístico,0.5361464413848737,7.735802635688343e-05
2026-11,VOLKSWAGEN,CAMIONES,SIN DEFINIR,CONSTELLATION,Estimado,Modelo estadístico,4.419174438212493,0.0006376217135450569
2026-11,VOLKSWAGEN,CAMIONES,SIN DEFINIR,DELIVERY,Estimado,Modelo estadístico,3.033169908279071,0.0004376416956223371
2026-11,VOLKSWAGEN,CAMIONES,SIN DEFINIR,E-DELIVERY,Estimado,Modelo estadístico,0.0166952513531028,2.40887860949357e-06
2026-11,VOLKSWAGEN,CAMIONES,SIN DEFINIR,METEOR,Estimado,Modelo estadístico,0.521227637825273,7.520546297141038e-05
2026-11,VOLKSWAGEN,MICROBUS,SIN DEFINIR,VOLARE,Estimado,Modelo estadístico,0.0166952513531028,2.40887860949357e-06
2026-11,VOLKSWAGEN,PICK-UP,MEDIUM,AMAROK,Estimado,Modelo estadístico,4.974379030962674,0.0007177295501437519
2026-11,VOLKSWAGEN,PICK-UP,SMALL,SAVEIRO,Estimado,Modelo estadístico,4.683847791832629,0.0006758101760338222
2026-11,VOLKSWAGEN,SUV,SIN DEFINIR,ATLAS,Estimado,Modelo estadístico,0.0166952513531028,2.40887860949357e-06
2026-11,VOLKSWAGEN,SUV,SIN DEFINIR,ID.4,Estimado,Modelo estadístico,1.984067135276822,0.0002862716338247449
2026-11,VOLKSWAGEN,SUV,SIN DEFINIR,ID.6,Estimado,Modelo estadístico,2.031064495675748,0.00029305265998441355
2026-11,VOLKSWAGEN,SUV,SIN DEFINIR,ID.UNYX,Estimado,Modelo estadístico,1.399363993412423,0.0002019075915260304
2026-11,VOLKSWAGEN,SUV,SIN DEFINIR,NIVUS,Estimado,Modelo estadístico,4.644131758642314,0.0006700797380318626
2026-11,VOLKSWAGEN,SUV,SIN DEFINIR,T-CROSS,Estimado,Modelo estadístico,8.4363547938576,0.0012172416081202184
2026-11,VOLKSWAGEN,SUV,SIN DEFINIR,TAOS,Estimado,Modelo estadístico,2.6125173053529953,0.0003769477272725827
2026-11,VOLKSWAGEN,SUV,SIN DEFINIR,TERA,Estimado,Modelo estadístico,13.368722074868112,0.0019289094821821457
2026-11,VOLKSWAGEN,SUV,SIN DEFINIR,TIGUAN,Estimado,Modelo estadístico,6.127372041971278,0.0008840894414908222
2026-11,VOLVO,AUTOMOVILES,SD,S60,Estimado,Modelo estadístico,0.014229500717120383,2.053107148630878e-06
2026-11,VOLVO,BUS,SIN DEFINIR,B430R,Estimado,Modelo estadístico,0.15424633553374928,2.2255471954362777e-05
2026-11,VOLVO,BUS,SIN DEFINIR,B450R,Estimado,Modelo estadístico,0.29426317035037813,4.245783676009467e-05
2026-11,VOLVO,CAMIONES,SIN DEFINIR,FM,Estimado,Modelo estadístico,0.014229500717120383,2.053107148630878e-06
2026-11,VOLVO,SUV,MEDIUM,EX90,Estimado,Modelo estadístico,0.392046610575863,5.6566545430604565e-05
2026-11,VOLVO,SUV,MEDIUM,XC90,Estimado,Modelo estadístico,0.014229500717120383,2.053107148630878e-06
2026-11,VOLVO,SUV,MEDIUM,XC90 B6-T8,Estimado,Modelo estadístico,0.8519206384755016,0.0001229195871093217
2026-11,VOLVO,SUV,SIN DEFINIR,C40 P8,Estimado,Modelo estadístico,0.7165918471548397,0.00010339363785786724
2026-11,VOLVO,SUV,SIN DEFINIR,EX30,Estimado,Modelo estadístico,13.530320564645958,0.001952225761591139
2026-11,VOLVO,SUV,SIN DEFINIR,EX40,Estimado,Modelo estadístico,2.884574614458012,0.0004162015856661347
2026-11,VOLVO,SUV,SIN DEFINIR,XC40,Estimado,Modelo estadístico,1.1708149369233505,0.00016893133248371622
2026-11,VOLVO,SUV,SIN DEFINIR,XC60 B5-B6,Estimado,Modelo estadístico,1.1689737191310465,0.00016866567190386065
2026-11,VOLVO,SUV,SIN DEFINIR,XC60 T8,Estimado,Modelo estadístico,0.22653292529663863,3.2685361037805605e-05
2026-11,VOYAH - DONGFENG,SUV,SIN DEFINIR,COURAGE,Estimado,Modelo estadístico,0.04304915396579946,6.211358185136697e-06
2026-11,WULING,AUTOMOVILES,HB,BINGO,Estimado,Modelo estadístico,2.671312337176307,0.0003854309834697017
2026-11,WULING,AUTOMOVILES,HB,MINI EV,Estimado,Modelo estadístico,1.4361055048376588,0.00020720884989470213
2026-11,WULING,MICROBUS,SIN DEFINIR,LZW6500BEVA3,Estimado,Modelo estadístico,0.4705480352047382,6.789314355146035e-05
2026-11,WULING,PANEL,SIN DEFINIR,EV50,Estimado,Modelo estadístico,2.5340982659331575,0.00036563301612267397
2026-11,WULING,PANEL,SIN DEFINIR,YANGGUANG,Estimado,Modelo estadístico,1.326183863493646,0.00019134877777276873
2026-11,WULING,PASAJEROS,SIN DEFINIR,ZENGCHENG,Estimado,Modelo estadístico,0.15800354279362788,2.279758156435517e-05
2026-11,WULING,PICK-UP,SMALL,RONGGUANG,Estimado,Modelo estadístico,0.11074118428133035,1.597832008415403e-05
2026-11,WULING,SUV,SIN DEFINIR,XINGCHI,Estimado,Modelo estadístico,0.020789471550478368,2.999614217327447e-06
2026-11,XCMG,CAMIONES,SIN DEFINIR,SLM2600S,Estimado,Modelo estadístico,0.0682931702791888,9.85369753235047e-06
2026-11,XCMG,CAMIONES,[3] MEDIANO [MD],SLM4,Estimado,Modelo estadístico,0.11512277275634686,1.6610518697390796e-05
2026-11,XCMG,CAMIONES,[4] PESADO [HD],XGA3251D3WC,Estimado,Modelo estadístico,0.0682931702791888,9.85369753235047e-06
2026-11,XIAOMI,AUTOMOVILES,SD,SU7,Estimado,Modelo estadístico,0.048344454057379284,6.9753919125525675e-06
2026-11,XIAOMI,SUV,SIN DEFINIR,YU7,Estimado,Modelo estadístico,0.3740471987366337,5.3969495691971754e-05
2026-11,XPENG,AUTOMOVILES,SD,P7,Estimado,Modelo estadístico,0.26814958321767957,3.869003116491785e-05
2026-11,XPENG,PASAJEROS,SIN DEFINIR,X9,Estimado,Modelo estadístico,1.477734277678878,0.00021321526802616937
2026-11,XPENG,SUV,MEDIUM,G9,Estimado,Modelo estadístico,1.399919263269262,0.00020198770877927484
2026-11,XPENG,SUV,SIN DEFINIR,G3,Estimado,Modelo estadístico,1.5161264627630417,0.0002187546942657014
2026-11,XPENG,SUV,SIN DEFINIR,G6,Estimado,Modelo estadístico,4.991937063316365,0.0007202629153304786
2026-11,XPENG,SUV,SIN DEFINIR,G7,Estimado,Modelo estadístico,0.5100665221099192,7.359507853716815e-05
2026-11,YAXING,BUS,SIN DEFINIR,YBL6125H,Estimado,Modelo estadístico,0.06292727832868111,9.079478440522933e-06
2026-11,YUTONG,BUS,SIN DEFINIR,ZK6117H,Estimado,Modelo estadístico,0.10811674796436521,1.5599652619243986e-05
2026-11,YUTONG,BUS,SIN DEFINIR,ZK6132H,Estimado,Modelo estadístico,0.10811674796436521,1.5599652619243986e-05
2026-11,YUTONG,BUSETAS,SIN DEFINIR,ZK6729D2,Estimado,Modelo estadístico,0.4551921681811808,6.567751835235842e-05
2026-11,YUTONG,BUSETAS,SIN DEFINIR,ZK6860D D9,Estimado,Modelo estadístico,0.5295654725133555,7.640848958088293e-05
2026-11,YUTONG,BUSETAS,SIN DEFINIR,ZK6907H C9,Estimado,Modelo estadístico,0.4593240184218572,6.62736834206098e-05
2026-11,YUTONG,MICROBUS,SIN DEFINIR,ZK6600DQ,Estimado,Modelo estadístico,0.8077767220522316,0.00011655027084314136
2026-11,ZEEKR,AUTOMOVILES,SD,001,Estimado,Modelo estadístico,0.797598226366952,0.00011508166399113754
2026-11,ZEEKR,AUTOMOVILES,SD,007,Estimado,Modelo estadístico,0.19213402136644533,2.7722106390425475e-05
2026-11,ZEEKR,PASAJEROS,SIN DEFINIR,09,Estimado,Modelo estadístico,0.05779517886137419,8.33899215690125e-06
2026-11,ZEEKR,SUV,LARGE,9X,Estimado,Modelo estadístico,1.0585946098829537,0.00015273959390843894
2026-11,ZEEKR,SUV,SIN DEFINIR,7X,Estimado,Modelo estadístico,17.718992973932274,0.0025565894309665317
2026-11,ZEEKR,SUV,SIN DEFINIR,X,Estimado,Modelo estadístico,6.35932673170871,0.0009175570831969996
2026-11,ZHONGKE,CAMIONES,[4] PESADO [HD],315,Estimado,Modelo estadístico,0.12585455665736223,1.8158956881045867e-05
2026-11,ZOOMLION,CAMIONES,[4] PESADO [HD],ZAT300V8G,Estimado,Modelo estadístico,0.06292727832868111,9.079478440522933e-06
2026-11,ZOOMLION,CAMIONES,[4] PESADO [HD],ZTC250V5-1,Estimado,Modelo estadístico,0.06292727832868111,9.079478440522933e-06
2026-11,ZX,PICK-UP,MEDIUM,GRAND LION,Estimado,Modelo estadístico,1.5270512653731327,0.00022033098220313916
2026-11,ZX,PICK-UP,MEDIUM,GRAND TIGER,Estimado,Modelo estadístico,0.01591954005601502,2.2969549066887004e-06
2026-11,ZX,PICK-UP,MEDIUM,TERRALORD,Estimado,Modelo estadístico,0.5386402618952774,7.771784788675285e-05
2026-12,AIMA,AUTOMOVILES,HB,A05,Estimado,Modelo estadístico,0.04962625137663908,9.079523087490887e-06
2026-12,AION,AUTOMOVILES,HB,UT,Estimado,Modelo estadístico,5.1385138939638635,0.000940132575832636
2026-12,AION,AUTOMOVILES,SD,S,Estimado,Modelo estadístico,0.018651681141440345,3.4124755516783716e-06
2026-12,AION,SUV,SIN DEFINIR,I60,Estimado,Modelo estadístico,2.890834249523079,0.000528901449989628
2026-12,AION,SUV,SIN DEFINIR,LX,Estimado,Modelo estadístico,0.018651681141440345,3.4124755516783716e-06
2026-12,AION,SUV,SIN DEFINIR,V,Estimado,Modelo estadístico,11.534813460209474,0.002110387188567161
2026-12,AION,SUV,SIN DEFINIR,Y,Estimado,Modelo estadístico,7.332519808147227,0.0013415436596707503
2026-12,AIWAYS,SUV,SIN DEFINIR,U5,Estimado,Modelo estadístico,0.09975845858870809,1.8251614877263392e-05
2026-12,ANKAI,BUS,SIN DEFINIR,HFF6130GZ-5,Estimado,Modelo estadístico,0.8500338107087684,0.0001555205439738538
2026-12,ANKAI,BUSETAS,SIN DEFINIR,HFF,Estimado,Modelo estadístico,0.14249121682401322,2.6069917775963938e-05
2026-12,ARCFOX,AUTOMOVILES,SD,ALPHA S,Estimado,Modelo estadístico,1.0668627627619762,0.00019519115018712697
2026-12,ARCFOX,PASAJEROS,SIN DEFINIR,KAOLA S,Estimado,Modelo estadístico,0.878277730565426,0.00016068799699128002
2026-12,ARCFOX,SUV,SIN DEFINIR,ALPHA T,Estimado,Modelo estadístico,0.551719196782508,0.00010094147847235536
2026-12,ASTON MARTIN,AUTOMOVILES,SD,VANTAGE,Estimado,Modelo estadístico,0.011316598000100726,2.0704629095184015e-06
2026-12,AUDI,AUTOMOVILES,HB,A3,Estimado,Modelo estadístico,0.40451337491042894,7.400898566412805e-05
2026-12,AUDI,AUTOMOVILES,SD,A3,Estimado,Modelo estadístico,0.07107525785834773,1.3003791879755335e-05
2026-12,AUDI,AUTOMOVILES,SD,A4,Estimado,Modelo estadístico,0.01342145358616009,2.455563221537062e-06
2026-12,AUDI,AUTOMOVILES,SD,A5,Estimado,Modelo estadístico,0.40451337491042894,7.400898566412805e-05
2026-12,AUDI,AUTOMOVILES,SD,A6,Estimado,Modelo estadístico,0.01342145358616009,2.455563221537062e-06
2026-12,AUDI,AUTOMOVILES,SD,A6 E-TRON,Estimado,Modelo estadístico,0.5788470868309096,0.00010590474483192817
2026-12,AUDI,AUTOMOVILES,SD,A8,Estimado,Modelo estadístico,0.0899821851755734,1.646296677868941e-05
2026-12,AUDI,AUTOMOVILES,SD,E-TRON GT,Estimado,Modelo estadístico,0.19006048693106886,3.477309954389848e-05
2026-12,AUDI,AUTOMOVILES,SD,RS3,Estimado,Modelo estadístico,0.11119443391722732,2.034391883218481e-05
2026-12,AUDI,AUTOMOVILES,SD,S3,Estimado,Modelo estadístico,0.26431589709605396,4.835872594648952e-05
2026-12,AUDI,SUV,LARGE,Q7,Estimado,Modelo estadístico,1.2042569249106674,0.0002203285206858131
2026-12,AUDI,SUV,LARGE,Q8,Estimado,Modelo estadístico,0.24310364835440004,4.4477773892994116e-05
2026-12,AUDI,SUV,LARGE,RSQ8,Estimado,Modelo estadístico,0.05584595106946796,1.0217467328527863e-05
2026-12,AUDI,SUV,LARGE,SQ7,Estimado,Modelo estadístico,0.1665429167649867,3.047037033584176e-05
2026-12,AUDI,SUV,SIN DEFINIR,E-TRON,Estimado,Modelo estadístico,0.01342145358616009,2.455563221537062e-06
2026-12,AUDI,SUV,SIN DEFINIR,Q2,Estimado,Modelo estadístico,1.358286331271612,0.0002485094433308196
2026-12,AUDI,SUV,SIN DEFINIR,Q2 E-TRON,Estimado,Modelo estadístico,0.01342145358616009,2.455563221537062e-06
2026-12,AUDI,SUV,SIN DEFINIR,Q3,Estimado,Modelo estadístico,13.58535222127081,0.0024855497992094695
2026-12,AUDI,SUV,SIN DEFINIR,Q4 E-TRON,Estimado,Modelo estadístico,1.2157835320328088,0.00022243740645861972
2026-12,AUDI,SUV,SIN DEFINIR,Q5,Estimado,Modelo estadístico,5.611965263817666,0.0010267543238822046
2026-12,AUDI,SUV,SIN DEFINIR,Q5 E-TRON,Estimado,Modelo estadístico,0.26294359799213624,4.810765275334422e-05
2026-12,AUDI,SUV,SIN DEFINIR,Q6 E-TRON,Estimado,Modelo estadístico,3.2667107975607923,0.0005976710971276611
2026-12,AUDI,SUV,SIN DEFINIR,Q8 E-TRON,Estimado,Modelo estadístico,1.1088437347577251,0.00020287190772768425
2026-12,AUDI,SUV,SIN DEFINIR,RSQ3,Estimado,Modelo estadístico,0.07107525785834773,1.3003791879755335e-05
2026-12,AUDI,SUV,SIN DEFINIR,SQ5,Estimado,Modelo estadístico,0.1665429167649867,3.047037033584176e-05
2026-12,AUDI,SUV,SIN DEFINIR,SQ8 E-TRON,Estimado,Modelo estadístico,0.24403667067491058,4.4648477854410145e-05
2026-12,AVATR,AUTOMOVILES,SD,12,Estimado,Modelo estadístico,0.06991754198400782,1.2791978419777335e-05
2026-12,AVATR,SUV,MEDIUM,07,Estimado,Modelo estadístico,0.14182711140598547,2.5948414331552072e-05
2026-12,AVATR,SUV,SIN DEFINIR,11,Estimado,Modelo estadístico,0.5360126461379418,9.806783830719643e-05
2026-12,B.M.W.,AUTOMOVILES,HB,118,Estimado,Modelo estadístico,0.15117473034903064,2.7658636636321963e-05
2026-12,B.M.W.,AUTOMOVILES,HB,128,Estimado,Modelo estadístico,0.01374315730445733,2.5144215123929057e-06
2026-12,B.M.W.,AUTOMOVILES,HB,I3 EV,Estimado,Modelo estadístico,0.08655298348618068,1.5835566661880254e-05
2026-12,B.M.W.,AUTOMOVILES,SD,218,Estimado,Modelo estadístico,0.9602116564887483,0.00017567846980421877
2026-12,B.M.W.,AUTOMOVILES,SD,220,Estimado,Modelo estadístico,0.01374315730445733,2.5144215123929057e-06
2026-12,B.M.W.,AUTOMOVILES,SD,320,Estimado,Modelo estadístico,0.8820741211587426,0.0001613825772806423
2026-12,B.M.W.,AUTOMOVILES,SD,330,Estimado,Modelo estadístico,0.01374315730445733,2.5144215123929057e-06
2026-12,B.M.W.,AUTOMOVILES,SD,340,Estimado,Modelo estadístico,0.01374315730445733,2.5144215123929057e-06
2026-12,B.M.W.,AUTOMOVILES,SD,420,Estimado,Modelo estadístico,0.3614161295753273,6.612399690973837e-05
2026-12,B.M.W.,AUTOMOVILES,SD,425,Estimado,Modelo estadístico,0.15117473034903064,2.7658636636321963e-05
2026-12,B.M.W.,AUTOMOVILES,SD,430,Estimado,Modelo estadístico,0.159362809667904,2.91567118113676e-05
2026-12,B.M.W.,AUTOMOVILES,SD,520I,Estimado,Modelo estadístico,0.08655298348618068,1.5835566661880254e-05
2026-12,B.M.W.,AUTOMOVILES,SD,530,Estimado,Modelo estadístico,0.01374315730445733,2.5144215123929057e-06
2026-12,B.M.W.,AUTOMOVILES,SD,540I,Estimado,Modelo estadístico,0.01374315730445733,2.5144215123929057e-06
2026-12,B.M.W.,AUTOMOVILES,SD,I4,Estimado,Modelo estadístico,0.01374315730445733,2.5144215123929057e-06
2026-12,B.M.W.,AUTOMOVILES,SD,I5,Estimado,Modelo estadístico,0.14298665103015729,2.616056146127633e-05
2026-12,B.M.W.,AUTOMOVILES,SD,I7,Estimado,Modelo estadístico,0.07836490416730729,1.4337491486834614e-05
2026-12,B.M.W.,AUTOMOVILES,SD,M135,Estimado,Modelo estadístico,0.01374315730445733,2.5144215123929057e-06
2026-12,B.M.W.,AUTOMOVILES,SD,M2,Estimado,Modelo estadístico,0.26179003411785495,4.789659893527641e-05
2026-12,B.M.W.,AUTOMOVILES,SD,M240,Estimado,Modelo estadístico,0.08655298348618068,1.5835566661880254e-05
2026-12,B.M.W.,AUTOMOVILES,SD,M3,Estimado,Modelo estadístico,0.01374315730445733,2.5144215123929057e-06
2026-12,B.M.W.,AUTOMOVILES,SD,M4,Estimado,Modelo estadístico,0.01374315730445733,2.5144215123929057e-06
2026-12,B.M.W.,AUTOMOVILES,SD,M440,Estimado,Modelo estadístico,0.159362809667904,2.91567118113676e-05
2026-12,B.M.W.,AUTOMOVILES,SD,M5,Estimado,Modelo estadístico,0.032645896098007825,5.972830087126458e-06
2026-12,B.M.W.,AUTOMOVILES,SD,Z4,Estimado,Modelo estadístico,0.01374315730445733,2.5144215123929057e-06
2026-12,B.M.W.,SUV,LARGE,X6,Estimado,Modelo estadístico,3.764612805446999,0.0006887662866796761
2026-12,B.M.W.,SUV,LARGE,X7,Estimado,Modelo estadístico,1.9095405258436304,0.0003493658458970012
2026-12,B.M.W.,SUV,LARGE,XM,Estimado,Modelo estadístico,0.01374315730445733,2.5144215123929057e-06
2026-12,B.M.W.,SUV,SIN DEFINIR,IX,Estimado,Modelo estadístico,1.6846259016253662,0.00030821590072372204
2026-12,B.M.W.,SUV,SIN DEFINIR,IX1,Estimado,Modelo estadístico,9.112909448753038,0.0016672803090889163
2026-12,B.M.W.,SUV,SIN DEFINIR,IX2,Estimado,Modelo estadístico,2.001037783160342,0.0003661060073479272
2026-12,B.M.W.,SUV,SIN DEFINIR,IX3,Estimado,Modelo estadístico,4.0477789126588615,0.0007405738106554907
2026-12,B.M.W.,SUV,SIN DEFINIR,X1,Estimado,Modelo estadístico,9.010701132514033,0.001648580472988411
2026-12,B.M.W.,SUV,SIN DEFINIR,X2,Estimado,Modelo estadístico,0.09726764296085778,1.7795900061568165e-05
2026-12,B.M.W.,SUV,SIN DEFINIR,X3,Estimado,Modelo estadístico,15.985690322735508,0.0029247110214550807
2026-12,B.M.W.,SUV,SIN DEFINIR,X4,Estimado,Modelo estadístico,2.2813847048782208,0.00041739773859165964
2026-12,B.M.W.,SUV,SIN DEFINIR,X5,Estimado,Modelo estadístico,8.579989930529617,0.0015697783834898813
2026-12,B.M.W.,SUV,SIN DEFINIR,X5 PHV,Estimado,Modelo estadístico,0.37779228821307403,6.912014725982964e-05
2026-12,BAIC,AUTOMOVILES,HB,EC3 EV,Estimado,Modelo estadístico,0.018458034062862293,3.377046256255058e-06
2026-12,BAIC,AUTOMOVILES,SD,U5,Estimado,Modelo estadístico,0.018458034062862293,3.377046256255058e-06
2026-12,BAIC,SUV,LARGE,BJ60,Estimado,Modelo estadístico,0.10961419349950917,2.0054801097952475e-05
2026-12,BAIC,SUV,LARGE,BJ60 EV,Estimado,Modelo estadístico,3.703417097632759,0.0006775700381913954
2026-12,BAIC,SUV,SIN DEFINIR,BJ30,Estimado,Modelo estadístico,6.299398657280568,0.0011525258096164014
2026-12,BAIC,SUV,SIN DEFINIR,X3,Estimado,Modelo estadístico,18.233183655838396,0.00333590806013561
2026-12,BAIC,SUV,SIN DEFINIR,X5,Estimado,Modelo estadístico,5.629036554578989,0.0010298776542628197
2026-12,BAIC,SUV,SIN DEFINIR,X55,Estimado,Modelo estadístico,0.11188221525483837,2.046975397710822e-05
2026-12,BAIC,SUV,SIN DEFINIR,X7,Estimado,Modelo estadístico,0.018458034062862293,3.377046256255058e-06
2026-12,BAIC,SUV,SMALL,BJ40,Estimado,Modelo estadístico,4.5348022755322095,0.0008296786643305274
2026-12,BAIC,SUV,SMALL,BJ40 EV,Estimado,Modelo estadístico,2.11504970110574,0.0003869654076152956
2026-12,BAIC,SUV,SMALL,BJ41,Estimado,Modelo estadístico,2.081954155933427,0.0003809103106021336
2026-12,BAIC,SUV,SMALL,BJ41 EV,Estimado,Modelo estadístico,2.1100306350914373,0.000386047128992785
2026-12,BAOJUN,AUTOMOVILES,HB,E300,Estimado,Modelo estadístico,0.017122027068085976,3.132612997291817e-06
2026-12,BAOJUN,SUV,SIN DEFINIR,YEP,Estimado,Modelo estadístico,0.017122027068085976,3.132612997291817e-06
2026-12,BAOJUN,SUV,SIN DEFINIR,YUNHAI,Estimado,Modelo estadístico,3.6703811641569053,0.000671525847619064
2026-12,BAW,AUTOMOVILES,HB,PONY,Estimado,Modelo estadístico,0.0189792088625975,3.4723993908470813e-06
2026-12,BAW,PANEL,SIN DEFINIR,M7,Estimado,Modelo estadístico,0.10149750826519532,1.8569788046703954e-05
2026-12,BAW,PASAJEROS,SIN DEFINIR,M7,Estimado,Modelo estadístico,0.16586178179922162,3.0345751198272316e-05
2026-12,BAW,PASAJEROS,SIN DEFINIR,MPV,Estimado,Modelo estadístico,0.0189792088625975,3.4723993908470813e-06
2026-12,BAW,PICK-UP,MEDIUM,CALORIE,Estimado,Modelo estadístico,0.0189792088625975,3.4723993908470813e-06
2026-12,BAW,SUV,SMALL,212 OFFROAD,Estimado,Modelo estadístico,0.0189792088625975,3.4723993908470813e-06
2026-12,BYD,AUTOMOVILES,HB,D1,Estimado,Modelo estadístico,0.018161664902089824,3.322823127104492e-06
2026-12,BYD,AUTOMOVILES,HB,DOLPHIN,Estimado,Modelo estadístico,18.406625789177163,0.003367640697808386
2026-12,BYD,AUTOMOVILES,HB,E2 EV,Estimado,Modelo estadístico,1.9239181478603318,0.00035199634784753353
2026-12,BYD,AUTOMOVILES,HB,SEAGULL,Estimado,Modelo estadístico,51.021925100924264,0.009334872856025226
2026-12,BYD,AUTOMOVILES,SD,E5 EV,Estimado,Modelo estadístico,0.018161664902089824,3.322823127104492e-06
2026-12,BYD,AUTOMOVILES,SD,F3,Estimado,Modelo estadístico,0.018161664902089824,3.322823127104492e-06
2026-12,BYD,AUTOMOVILES,SD,HAN,Estimado,Modelo estadístico,0.018161664902089824,3.322823127104492e-06
2026-12,BYD,AUTOMOVILES,SD,QIN PLUS,Estimado,Modelo estadístico,0.08814253000957477,1.6126387023230204e-05
2026-12,BYD,AUTOMOVILES,SD,SEAL,Estimado,Modelo estadístico,0.12592040452317382,2.3038153967691002e-05
2026-12,BYD,CAMIONES,SIN DEFINIR,T4,Estimado,Modelo estadístico,0.12592040452317382,2.3038153967691002e-05
2026-12,BYD,PANEL,SIN DEFINIR,T3 EV,Estimado,Modelo estadístico,0.018161664902089824,3.322823127104492e-06
2026-12,BYD,PASAJEROS,SIN DEFINIR,M3,Estimado,Modelo estadístico,0.018161664902089824,3.322823127104492e-06
2026-12,BYD,PICK-UP,MEDIUM,SHARK,Estimado,Modelo estadístico,2.6632025130761643,0.00048725438721171463
2026-12,BYD,SUV,LARGE,ATTO8,Estimado,Modelo estadístico,0.7724728422496776,0.00014133013901121002
2026-12,BYD,SUV,MEDIUM,SEALION,Estimado,Modelo estadístico,18.117665778020914,0.0033147731323591484
2026-12,BYD,SUV,MEDIUM,TI7,Estimado,Modelo estadístico,1.2035078007340134,0.000220191462373556
2026-12,BYD,SUV,SIN DEFINIR,S1 PRO EV,Estimado,Modelo estadístico,136.03725441447938,0.02488911328081028
2026-12,BYD,SUV,SIN DEFINIR,S2 EV,Estimado,Modelo estadístico,0.018161664902089824,3.322823127104492e-06
2026-12,BYD,SUV,SIN DEFINIR,SONG PRO EV,Estimado,Modelo estadístico,9.404750896829713,0.0017206750566709649
2026-12,BYD,SUV,SIN DEFINIR,TANG,Estimado,Modelo estadístico,2.1531514370280105,0.000393936427617475
2026-12,BYD,SUV,SIN DEFINIR,YUAN PLUS EV,Estimado,Modelo estadístico,22.11656063038083,0.004046403209773013
2026-12,BYD,SUV,SIN DEFINIR,YUAN UP EV,Estimado,Modelo estadístico,2.0434709515994145,0.00037386949787623474
2026-12,CADILLAC,SUV,LARGE,ESCALADE,Estimado,Modelo estadístico,1.457614780738961,0.00026668238456989944
2026-12,CADILLAC,SUV,LARGE,LYRIQ,Estimado,Modelo estadístico,0.19828988307127088,3.627873396476158e-05
2026-12,CADILLAC,SUV,SIN DEFINIR,XT4,Estimado,Modelo estadístico,0.061746181684080984,1.1296962124141572e-05
2026-12,CADILLAC,SUV,SIN DEFINIR,XT5,Estimado,Modelo estadístico,0.061746181684080984,1.1296962124141572e-05
2026-12,CAMC,CAMIONES,[4] PESADO [HD],HN3310B42C3M3,Estimado,Modelo estadístico,0.04962625137663908,9.079523087490887e-06
2026-12,CAMC,CAMIONES,[4] PESADO [HD],HN4180,Estimado,Modelo estadístico,0.04962625137663908,9.079523087490887e-06
2026-12,CHANGAN,AUTOMOVILES,HB,BENBEN,Estimado,Modelo estadístico,0.014932102250022538,2.7319485829162405e-06
2026-12,CHANGAN,AUTOMOVILES,HB,LUMIN,Estimado,Modelo estadístico,0.8289813289926443,0.00015166882258672303
2026-12,CHANGAN,AUTOMOVILES,SD,ALSVIN,Estimado,Modelo estadístico,2.343132243337979,0.0004286949489488582
2026-12,CHANGAN,PANEL,SIN DEFINIR,EM60,Estimado,Modelo estadístico,0.1604446110680198,2.9354636105787612e-05
2026-12,CHANGAN,PANEL,SIN DEFINIR,HONOR,Estimado,Modelo estadístico,2.582070548807577,0.00047241063975395504
2026-12,CHANGAN,PANEL,SIN DEFINIR,KARVAAN,Estimado,Modelo estadístico,0.08768835665902117,1.6043292344351925e-05
2026-12,CHANGAN,PANEL,SIN DEFINIR,STAR 3,Estimado,Modelo estadístico,0.014932102250022538,2.7319485829162405e-06
2026-12,CHANGAN,PANEL,SIN DEFINIR,STAR 9,Estimado,Modelo estadístico,0.49499025303998473,9.056246051006624e-05
2026-12,CHANGAN,PASAJEROS,SIN DEFINIR,EM60,Estimado,Modelo estadístico,0.014932102250022538,2.7319485829162405e-06
2026-12,CHANGAN,PASAJEROS,SIN DEFINIR,HONOR S,Estimado,Modelo estadístico,1.7610822080659896,0.00032220419885737266
2026-12,CHANGAN,PASAJEROS,SIN DEFINIR,KARVAAN,Estimado,Modelo estadístico,0.08768835665902117,1.6043292344351925e-05
2026-12,CHANGAN,PASAJEROS,SIN DEFINIR,M600,Estimado,Modelo estadístico,0.014932102250022538,2.7319485829162405e-06
2026-12,CHANGAN,PASAJEROS,SIN DEFINIR,STAR 3,Estimado,Modelo estadístico,0.5363293375251885,9.812577955164573e-05
2026-12,CHANGAN,PICK-UP,MEDIUM,HUNTER,Estimado,Modelo estadístico,5.735573205522438,0.0010493693941196881
2026-12,CHANGAN,PICK-UP,MEDIUM,HUNTER EV,Estimado,Modelo estadístico,2.6341572609739736,0.000481940323994601
2026-12,CHANGAN,PICK-UP,MEDIUM,LANTUOZHE,Estimado,Modelo estadístico,0.03560164449262439,6.513608103705971e-06
2026-12,CHANGAN,SUV,LARGE,E07,Estimado,Modelo estadístico,0.03560164449262439,6.513608103705971e-06
2026-12,CHANGAN,SUV,MEDIUM,CS 75,Estimado,Modelo estadístico,2.77966976979197,0.0005085630115174722
2026-12,CHANGAN,SUV,MEDIUM,X7 PLUS,Estimado,Modelo estadístico,2.363691795358391,0.0004324564848710672
2026-12,CHANGAN,SUV,SIN DEFINIR,CS 15,Estimado,Modelo estadístico,11.37332616935853,0.0020808417857824625
2026-12,CHANGAN,SUV,SIN DEFINIR,CS 55,Estimado,Modelo estadístico,24.209327358778882,0.004429291767746334
2026-12,CHANGAN,SUV,SIN DEFINIR,CS35,Estimado,Modelo estadístico,45.46291770637024,0.008317807601603342
2026-12,CHANGAN,SUV,SIN DEFINIR,CS35 MAX,Estimado,Modelo estadístico,3.070694787427965,0.000561808386563215
2026-12,CHANGAN,SUV,SIN DEFINIR,Q05,Estimado,Modelo estadístico,0.18111415331062164,3.313629562657734e-05
2026-12,CHANGAN,SUV,SIN DEFINIR,S05,Estimado,Modelo estadístico,6.061823906764455,0.001109059592191578
2026-12,CHANGAN,SUV,SIN DEFINIR,S07,Estimado,Modelo estadístico,1.2317967983258886,0.00022536716272633975
2026-12,CHANGAN,SUV,SIN DEFINIR,UNI-K,Estimado,Modelo estadístico,1.0201470971811641,0.00018664414225438289
2026-12,CHANGAN,SUV,SIN DEFINIR,UNI-T,Estimado,Modelo estadístico,3.0784229815488477,0.0005632223220308091
2026-12,CHENGLONG,CAMIONES,SIN DEFINIR,H5,Estimado,Modelo estadístico,0.16708848778859328,3.057018695642644e-05
2026-12,CHENGLONG,CAMIONES,SIN DEFINIR,H7,Estimado,Modelo estadístico,0.16708848778859328,3.057018695642644e-05
2026-12,CHENGLONG,CAMIONES,SIN DEFINIR,M3,Estimado,Modelo estadístico,0.2945580557922624,5.3891772881947653e-05
2026-12,CHENGLONG,CAMIONES,SIN DEFINIR,T7,Estimado,Modelo estadístico,0.13608237665256567,2.4897368758326692e-05
2026-12,CHERY,PICK-UP,MEDIUM,HIMLA,Estimado,Modelo estadístico,13.987460980594655,0.002559118841050937
2026-12,CHERY,SUV,LARGE,ICAR V27,Estimado,Modelo estadístico,6.931288174509281,0.0012681350950504069
2026-12,CHERY,SUV,LARGE,TIGGO 9,Estimado,Modelo estadístico,0.05852868643579973,1.0708295408839082e-05
2026-12,CHERY,SUV,LARGE,TIGGO 9 PHEV,Estimado,Modelo estadístico,0.037172924517638685,6.801086461798243e-06
2026-12,CHERY,SUV,SIN DEFINIR,EQ5,Estimado,Modelo estadístico,0.015817162599477644,2.8938775147574066e-06
2026-12,CHERY,SUV,SIN DEFINIR,EQ7,Estimado,Modelo estadístico,0.19983904290919596,3.656216525615418e-05
2026-12,CHERY,SUV,SIN DEFINIR,FULWIN X3,Estimado,Modelo estadístico,0.16949429619747328,3.101034901554962e-05
2026-12,CHERY,SUV,SIN DEFINIR,ICAR 03,Estimado,Modelo estadístico,62.1210819646226,0.0113655531552644
2026-12,CHERY,SUV,SIN DEFINIR,ICAR V23,Estimado,Modelo estadístico,8.698575210886231,0.0015914745173095173
2026-12,CHERY,SUV,SIN DEFINIR,Q,Estimado,Modelo estadístico,0.09265572939847547,1.6952113265153512e-05
2026-12,CHERY,SUV,SIN DEFINIR,TIGGO 2,Estimado,Modelo estadístico,63.74042011647142,0.011661824135407128
2026-12,CHERY,SUV,SIN DEFINIR,TIGGO 4,Estimado,Modelo estadístico,32.29865642040636,0.00590929978648482
2026-12,CHERY,SUV,SIN DEFINIR,TIGGO 7,Estimado,Modelo estadístico,28.710300634852704,0.005252781143684352
2026-12,CHERY,SUV,SIN DEFINIR,TIGGO 8,Estimado,Modelo estadístico,13.680597594022677,0.002502975708620075
2026-12,CHEVROLET,AUTOMOVILES,HB,AVEO HB,Estimado,Modelo estadístico,6.929216830135633,0.0012677561258850765
2026-12,CHEVROLET,AUTOMOVILES,HB,BOLT,Estimado,Modelo estadístico,0.014301710651966231,2.6166133538804472e-06
2026-12,CHEVROLET,AUTOMOVILES,SD,AVEO,Estimado,Modelo estadístico,1.1424543221849985,0.00020902123587689266
2026-12,CHEVROLET,AUTOMOVILES,SD,CAMARO,Estimado,Modelo estadístico,0.014301710651966231,2.6166133538804472e-06
2026-12,CHEVROLET,AUTOMOVILES,SD,CAVALIER,Estimado,Modelo estadístico,0.014301710651966231,2.6166133538804472e-06
2026-12,CHEVROLET,AUTOMOVILES,SD,CORVETTE,Estimado,Modelo estadístico,0.38497722824411423,7.043469000856477e-05
2026-12,CHEVROLET,AUTOMOVILES,SD,ONIX,Estimado,Modelo estadístico,0.014301710651966231,2.6166133538804472e-06
2026-12,CHEVROLET,CAMIONES,SIN DEFINIR,W4500,Estimado,Modelo estadístico,0.014301710651966231,2.6166133538804472e-06
2026-12,CHEVROLET,MICROBUS,SIN DEFINIR,EXPRESS,Estimado,Modelo estadístico,0.014301710651966231,2.6166133538804472e-06
2026-12,CHEVROLET,PANEL,SIN DEFINIR,N400,Estimado,Modelo estadístico,17.40835865438049,0.0031849996712057516
2026-12,CHEVROLET,PICK-UP,LARGE,SILVERADO,Estimado,Modelo estadístico,25.1292953034341,0.0045976073257733615
2026-12,CHEVROLET,PICK-UP,LARGE,SILVERADO EV,Estimado,Modelo estadístico,0.25339641261505175,4.63609181593104e-05
2026-12,CHEVROLET,PICK-UP,MEDIUM,COLORADO,Estimado,Modelo estadístico,15.478407573179707,0.0028318995495282303
2026-12,CHEVROLET,PICK-UP,SMALL,MONTANA,Estimado,Modelo estadístico,0.014301710651966231,2.6166133538804472e-06
2026-12,CHEVROLET,SUV,LARGE,SUBURBAN,Estimado,Modelo estadístico,1.6939512393207574,0.00030992204649446243
2026-12,CHEVROLET,SUV,LARGE,TAHOE,Estimado,Modelo estadístico,11.654457368888675,0.002132277006979717
2026-12,CHEVROLET,SUV,LARGE,TRAVERSE,Estimado,Modelo estadístico,3.285464043084575,0.0006011021547025382
2026-12,CHEVROLET,SUV,MEDIUM,BLAZER,Estimado,Modelo estadístico,0.1409394557159005,2.5786010561202754e-05
2026-12,CHEVROLET,SUV,MEDIUM,TRAIL BLAZER,Estimado,Modelo estadístico,4.335872676241173,0.0007932828891219546
2026-12,CHEVROLET,SUV,SIN DEFINIR,CAPTIVA,Estimado,Modelo estadístico,6.506484065372897,0.0011904137558484608
2026-12,CHEVROLET,SUV,SIN DEFINIR,CAPTIVA PHEV,Estimado,Modelo estadístico,1.60826639040587,0.00029424531205674687
2026-12,CHEVROLET,SUV,SIN DEFINIR,GROOVE,Estimado,Modelo estadístico,31.15571331468905,0.005700189123717052
2026-12,CHEVROLET,SUV,SIN DEFINIR,MENLO,Estimado,Modelo estadístico,0.014301710651966231,2.6166133538804472e-06
2026-12,CHEVROLET,SUV,SIN DEFINIR,SPARK EUV,Estimado,Modelo estadístico,4.270306926813848,0.000781287106261872
2026-12,CHEVROLET,SUV,SIN DEFINIR,TRACKER,Estimado,Modelo estadístico,9.098365691696385,0.001664619411392402
2026-12,CHEVROLET,SUV,SIN DEFINIR,TRAX,Estimado,Modelo estadístico,2.3836729955628257,0.0004361122066622429
2026-12,CITROEN,AUTOMOVILES,HB,C3 HB,Estimado,Modelo estadístico,1.3978898118259016,0.00025575521962991227
2026-12,CITROEN,AUTOMOVILES,SD,C-ELYSEE,Estimado,Modelo estadístico,0.013151125771052595,2.4061045666845843e-06
2026-12,CITROEN,MICROBUS,SIN DEFINIR,BERLINGO,Estimado,Modelo estadístico,0.013151125771052595,2.4061045666845843e-06
2026-12,CITROEN,PANEL,SIN DEFINIR,BERLINGO,Estimado,Modelo estadístico,2.2562006723040433,0.0004127901166405686
2026-12,CITROEN,PANEL,SIN DEFINIR,JUMPER,Estimado,Modelo estadístico,0.5838130095686356,0.00010681330046321455
2026-12,CITROEN,PANEL,SIN DEFINIR,JUMPY,Estimado,Modelo estadístico,0.7467985010132459,0.00013663281113441544
2026-12,CITROEN,SUV,SIN DEFINIR,BASALT,Estimado,Modelo estadístico,0.7926913364174043,0.0001450292756475224
2026-12,CITROEN,SUV,SIN DEFINIR,C3 AIRCROSS,Estimado,Modelo estadístico,0.6023572878227718,0.00011020612579010484
2026-12,CITROEN,SUV,SIN DEFINIR,C4 CACTUS,Estimado,Modelo estadístico,0.2842973961153615,5.2014502408257114e-05
2026-12,CITROEN,SUV,SIN DEFINIR,C5 AIRCROSS,Estimado,Modelo estadístico,0.1871951317708819,3.424885969887514e-05
2026-12,CLW,CAMIONES,[2] LIVIANO [LD],CLW5030,Estimado,Modelo estadístico,0.04962625137663908,9.079523087490887e-06
2026-12,CLW,CAMIONES,[3] MEDIANO [MD],CLW5130,Estimado,Modelo estadístico,0.04962625137663908,9.079523087490887e-06
2026-12,DAGANG,CAMIONES,[3] MEDIANO [MD],SS6000,Estimado,Modelo estadístico,0.04962625137663908,9.079523087490887e-06
2026-12,DAYUN,CAMIONES,SIN DEFINIR,CGC4250,Estimado,Modelo estadístico,0.31615146909481834,5.7842462067199735e-05
2026-12,DAYUN,CAMIONES,SIN DEFINIR,WB39,Estimado,Modelo estadístico,0.04659889463387601,8.525643745862281e-06
2026-12,DAYUN,CAMIONES,[4] PESADO [HD],CGC4251,Estimado,Modelo estadístico,0.6135832676232488,0.00011226000936886972
2026-12,DAYUN,CAMIONES,[4] PESADO [HD],DYK5310,Estimado,Modelo estadístico,0.0851064052711535,1.5570903506053348e-05
2026-12,DAYUN,CAMIONES,[4] PESADO [HD],DYX1310,Estimado,Modelo estadístico,0.5086890222812058,9.306876086815509e-05
2026-12,DAYUN,PASAJEROS,SIN DEFINIR,YUANZHI M1,Estimado,Modelo estadístico,0.04659889463387601,8.525643745862281e-06
2026-12,DAYUN,PICK-UP,MEDIUM,DYQ1030 BEV1H2,Estimado,Modelo estadístico,0.04659889463387601,8.525643745862281e-06
2026-12,DAYUN,SUV,SIN DEFINIR,YUEHU,Estimado,Modelo estadístico,0.04659889463387601,8.525643745862281e-06
2026-12,DENZA,SUV,LARGE,N9,Estimado,Modelo estadístico,0.5448099335913638,9.967737302571516e-05
2026-12,DENZA,SUV,SIN DEFINIR,B3,Estimado,Modelo estadístico,4.467441455449183,0.0008173544588108644
2026-12,DFSK,CAMIONES,SIN DEFINIR,C32,Estimado,Modelo estadístico,0.2566765175737771,4.696103982629086e-05
2026-12,DFSK,CAMIONES,[1] ULTRA LIVIANO [ULD],C31,Estimado,Modelo estadístico,0.8855178406488831,0.0001620126335462318
2026-12,DFSK,MICROBUS,SIN DEFINIR,C37,Estimado,Modelo estadístico,1.411552080406337,0.0002582548418976131
2026-12,DFSK,PANEL,SIN DEFINIR,C35,Estimado,Modelo estadístico,2.4928041672980767,0.00045607863503127296
2026-12,DFSK,PANEL,SIN DEFINIR,EC35,Estimado,Modelo estadístico,0.01571270155581622,2.8747655239993506e-06
2026-12,DFSK,PANEL,SIN DEFINIR,EC75,Estimado,Modelo estadístico,0.09251844510799144,1.6926995996562352e-05
2026-12,DFSK,SUV,SIN DEFINIR,E5,Estimado,Modelo estadístico,1.7143945112594292,0.0003136623080375376
2026-12,DFSK,SUV,SIN DEFINIR,GLORY 500,Estimado,Modelo estadístico,5.559534389064174,0.001017161672319452
2026-12,DFSK,SUV,SIN DEFINIR,GLORY 560,Estimado,Modelo estadístico,3.4404744296896563,0.0006294625555980257
2026-12,DFSK,SUV,SIN DEFINIR,GLORY 580,Estimado,Modelo estadístico,1.4231580455141097,0.00026037824685417287
2026-12,DFSK,SUV,SIN DEFINIR,GLORY 600,Estimado,Modelo estadístico,0.01571270155581622,2.8747655239993506e-06
2026-12,DFSK,SUV,SIN DEFINIR,SERES 3,Estimado,Modelo estadístico,0.01571270155581622,2.8747655239993506e-06
2026-12,DFSK,SUV,SIN DEFINIR,SERES 5,Estimado,Modelo estadístico,1.2706059381560966,0.00023246760798100407
2026-12,DONGFENG,AUTOMOVILES,HB,NAMMI 01,Estimado,Modelo estadístico,19.657542207249744,0.0035965059492296917
2026-12,DONGFENG,AUTOMOVILES,HB,NANO BOX,Estimado,Modelo estadístico,2.1596351827630498,0.0003951226812123299
2026-12,DONGFENG,BUSETAS,SIN DEFINIR,DF6768,Estimado,Modelo estadístico,0.2252279508892785,4.120727081574627e-05
2026-12,DONGFENG,PICK-UP,MEDIUM,RICH,Estimado,Modelo estadístico,9.957372856510975,0.0018217817028993847
2026-12,DONGFENG,PICK-UP,MEDIUM,RICH EV,Estimado,Modelo estadístico,0.017139901517325935,3.1358832719962004e-06
2026-12,DONGFENG,PICK-UP,MEDIUM,Z9,Estimado,Modelo estadístico,0.20203907129834936,3.696467820037903e-05
2026-12,DONGFENG,SUV,MEDIUM,M-HERO 917,Estimado,Modelo estadístico,0.017139901517325935,3.1358832719962004e-06
2026-12,DONGFENG,SUV,SIN DEFINIR,AEOLUS L7,Estimado,Modelo estadístico,0.017139901517325935,3.1358832719962004e-06
2026-12,DONGFENG,SUV,SIN DEFINIR,EX1,Estimado,Modelo estadístico,0.017139901517325935,3.1358832719962004e-06
2026-12,DONGFENG,SUV,SIN DEFINIR,FRIDAY,Estimado,Modelo estadístico,8.138695755646909,0.0014890400537132962
2026-12,DONGFENG,SUV,SIN DEFINIR,JOYEAR SX6,Estimado,Modelo estadístico,0.017139901517325935,3.1358832719962004e-06
2026-12,DONGFENG,SUV,SIN DEFINIR,JOYEAR X5,Estimado,Modelo estadístico,0.017139901517325935,3.1358832719962004e-06
2026-12,DONGFENG,SUV,SIN DEFINIR,MAGE,Estimado,Modelo estadístico,0.6971263586408515,0.00012754489191899005
2026-12,DONGFENG,SUV,SIN DEFINIR,MAGE EV,Estimado,Modelo estadístico,2.6139543144932054,0.0004782440319330606
2026-12,DONGFENG,SUV,SIN DEFINIR,MNV,Estimado,Modelo estadístico,0.1191634863385509,2.180192126915495e-05
2026-12,DONGFENG,SUV,SIN DEFINIR,NAMMI 06,Estimado,Modelo estadístico,68.35193879827119,0.0125055386852332
2026-12,DONGFENG,SUV,SIN DEFINIR,SX5,Estimado,Modelo estadístico,1.1393993345508002,0.00020846230124074242
2026-12,DONGFENG,SUV,SIN DEFINIR,T5 EVO,Estimado,Modelo estadístico,0.3232106559810008,5.913399726347245e-05
2026-12,DONGFENG,SUV,SIN DEFINIR,T5L,Estimado,Modelo estadístico,0.017139901517325935,3.1358832719962004e-06
2026-12,DONGFENG I,CAMIONES,SIN DEFINIR,CAPTAIN 5.0T,Estimado,Modelo estadístico,0.09793281753371294,1.7917599116481938e-05
2026-12,DONGFENG I,CAMIONES,SIN DEFINIR,CAPTAIN E 3.5T,Estimado,Modelo estadístico,0.41038801837783534,7.508379908471622e-05
2026-12,DONGFENG I,CAMIONES,SIN DEFINIR,CAPTAIN W,Estimado,Modelo estadístico,0.039002054755870055,7.135740596804444e-06
2026-12,DONGFENG I,CAMIONES,SIN DEFINIR,CHENGLONG M3,Estimado,Modelo estadístico,0.019819017322682323,3.6260491244233657e-06
2026-12,DONGFENG I,CAMIONES,SIN DEFINIR,DF116,Estimado,Modelo estadístico,0.42957105581102306,7.85934905570973e-05
2026-12,DONGFENG I,CAMIONES,SIN DEFINIR,DF1819,Estimado,Modelo estadístico,0.11711585496690068,2.1427290588863017e-05
2026-12,DONGFENG I,CAMIONES,SIN DEFINIR,DFH4250C2,Estimado,Modelo estadístico,0.15410027935499646,2.8193889431090918e-05
2026-12,DONGFENG I,CAMIONES,SIN DEFINIR,DOLLICAR,Estimado,Modelo estadístico,0.47236682559761217,8.642332192749963e-05
2026-12,DONGFENG I,CAMIONES,SIN DEFINIR,EQ1141G7D2,Estimado,Modelo estadístico,0.019819017322682323,3.6260491244233657e-06
2026-12,DONGFENG I,CAMIONES,SIN DEFINIR,EV150,Estimado,Modelo estadístico,0.019819017322682323,3.6260491244233657e-06
2026-12,DONGFENG I,CAMIONES,SIN DEFINIR,EV18,Estimado,Modelo estadístico,0.019819017322682323,3.6260491244233657e-06
2026-12,DONGFENG I,CAMIONES,SIN DEFINIR,EV200,Estimado,Modelo estadístico,0.019819017322682323,3.6260491244233657e-06
2026-12,DONGFENG I,CAMIONES,SIN DEFINIR,EV400,Estimado,Modelo estadístico,0.019819017322682323,3.6260491244233657e-06
2026-12,DONGFENG I,CAMIONES,SIN DEFINIR,RUICHI EG71,Estimado,Modelo estadístico,0.019819017322682323,3.6260491244233657e-06
2026-12,DONGFENG I,CAMIONES,SIN DEFINIR,V92-711,Estimado,Modelo estadístico,0.7406446061768658,0.0001355069064227973
2026-12,DONGFENG I,CAMIONES,[3] MEDIANO [MD],DF1214,Estimado,Modelo estadístico,0.3898233304663679,7.132132350980087e-05
2026-12,DONGFENG I,CAMIONES,[3] MEDIANO [MD],DF310,Estimado,Modelo estadístico,1.2682581702208924,0.00023203806489482625
2026-12,DONGFENG I,CAMIONES,[3] MEDIANO [MD],DF813,Estimado,Modelo estadístico,1.0611259998795883,0.00019414156313202611
2026-12,DONGFENG I,CAMIONES,[3] MEDIANO [MD],DLQ5090TQZ3 (CA,Estimado,Modelo estadístico,0.09793281753371294,1.7917599116481938e-05
2026-12,DONGFENG I,CAMIONES,[4] PESADO [HD],EQ3313GP6,Estimado,Modelo estadístico,0.09793281753371294,1.7917599116481938e-05
2026-12,DONGFENG I,MICROBUS,SIN DEFINIR,DF3050P,Estimado,Modelo estadístico,0.9352382814653025,0.00017110938935167662
2026-12,DONGFENG I,MICROBUS,SIN DEFINIR,DFA6768,Estimado,Modelo estadístico,0.17604661774474356,3.220914910854051e-05
2026-12,DONGFENG I,MICROBUS,SIN DEFINIR,EQ6550,Estimado,Modelo estadístico,0.019819017322682323,3.6260491244233657e-06
2026-12,DONGFENG I,MICROBUS,SIN DEFINIR,UVAN DF-23P,Estimado,Modelo estadístico,0.17604661774474356,3.220914910854051e-05
2026-12,DONGFENG I,PANEL,SIN DEFINIR,DF3050,Estimado,Modelo estadístico,0.624997928081287,0.00011434841359626245
2026-12,DONGFENG I,PANEL,SIN DEFINIR,EM26,Estimado,Modelo estadístico,0.019819017322682323,3.6260491244233657e-06
2026-12,DONGFENG I,PANEL,SIN DEFINIR,M5,Estimado,Modelo estadístico,0.019819017322682323,3.6260491244233657e-06
2026-12,DONGFENG I,PANEL,SIN DEFINIR,UVAN,Estimado,Modelo estadístico,0.09793281753371294,1.7917599116481938e-05
2026-12,DONGFENG I,PICK-UP,MEDIUM,P22,Estimado,Modelo estadístico,1.3610427056708436,0.0002490137442663396
2026-12,FANGCHENGBAO,SUV,LARGE,BAO 8,Estimado,Modelo estadístico,0.35113777046013345,6.424348818100825e-05
2026-12,FANGCHENGBAO,SUV,MEDIUM,BAO 5,Estimado,Modelo estadístico,0.13571561782097927,2.483026727097765e-05
2026-12,FANGCHENGBAO,SUV,MEDIUM,TAI 7,Estimado,Modelo estadístico,0.29610987835202596,5.417569133978416e-05
2026-12,FANGCHENGBAO,SUV,SIN DEFINIR,BAO 3,Estimado,Modelo estadístico,9.57959001044027,0.0017526632831556834
2026-12,FAW,CAMIONES,SIN DEFINIR,ACTIS,Estimado,Modelo estadístico,1.075524474954271,0.0001967758803177643
2026-12,FAW,CAMIONES,SIN DEFINIR,CA1081,Estimado,Modelo estadístico,0.2957000424222587,5.410070854976516e-05
2026-12,FAW,CAMIONES,SIN DEFINIR,CA1160,Estimado,Modelo estadístico,0.2957000424222587,5.410070854976516e-05
2026-12,FAW,CAMIONES,SIN DEFINIR,TIGER,Estimado,Modelo estadístico,13.196824804068504,0.0024144655734871104
2026-12,FAW I,CAMIONES,SIN DEFINIR,CA1040,Estimado,Modelo estadístico,0.014444835182863483,2.642799141575861e-06
2026-12,FAW I,CAMIONES,SIN DEFINIR,CA1083,Estimado,Modelo estadístico,0.09025800700035173,1.651343060693834e-05
2026-12,FAW I,CAMIONES,SIN DEFINIR,JK6,Estimado,Modelo estadístico,0.05825587372536838,1.0658382122338292e-05
2026-12,FAW I,CAMIONES,SIN DEFINIR,WB 2500,Estimado,Modelo estadístico,0.014444835182863483,2.642799141575861e-06
2026-12,FAW I,PASAJEROS,SIN DEFINIR,BESTUNE E05,Estimado,Modelo estadístico,1.7369099834666686,0.00031778169533882433
2026-12,FAW I,SUV,SIN DEFINIR,BESTUNE T33,Estimado,Modelo estadístico,0.014444835182863483,2.642799141575861e-06
2026-12,FAW I,SUV,SIN DEFINIR,BESTUNE T55,Estimado,Modelo estadístico,0.3176975224528164,5.8125325003025757e-05
2026-12,FAW I,SUV,SIN DEFINIR,BESTUNE T77,Estimado,Modelo estadístico,0.014444835182863483,2.642799141575861e-06
2026-12,FAW I,SUV,SIN DEFINIR,BESTUNE T99,Estimado,Modelo estadístico,0.014444835182863483,2.642799141575861e-06
2026-12,FAW I,SUV,SIN DEFINIR,JOYFUL 03,Estimado,Modelo estadístico,2.3979907263056384,0.00043873175102099814
2026-12,FAW I,SUV,SIN DEFINIR,X40,Estimado,Modelo estadístico,0.014444835182863483,2.642799141575861e-06
2026-12,FIAT,AUTOMOVILES,HB,500,Estimado,Modelo estadístico,0.0141501912626738,2.588891659109628e-06
2026-12,FIAT,AUTOMOVILES,HB,500 EV,Estimado,Modelo estadístico,0.0141501912626738,2.588891659109628e-06
2026-12,FIAT,PANEL,SIN DEFINIR,DUCATO,Estimado,Modelo estadístico,0.6733323267529383,0.00012319158180835576
2026-12,FIAT,PANEL,SIN DEFINIR,FIORINO,Estimado,Modelo estadístico,0.0141501912626738,2.588891659109628e-06
2026-12,FIAT,PICK-UP,MEDIUM,TITANO,Estimado,Modelo estadístico,0.3600791116041328,6.58793786844826e-05
2026-12,FIAT,SUV,SIN DEFINIR,PULSE,Estimado,Modelo estadístico,0.0141501912626738,2.588891659109628e-06
2026-12,FORCE,MICROBUS,SIN DEFINIR,URBANIA,Estimado,Modelo estadístico,1.078934544433039,0.00019739978004227577
2026-12,FORD,AUTOMOVILES,SD,MACH-E,Estimado,Modelo estadístico,0.1200267915779968,2.195986992809377e-05
2026-12,FORD,AUTOMOVILES,SD,MUSTANG,Estimado,Modelo estadístico,0.5026479351614735,9.19634952384611e-05
2026-12,FORD,MICROBUS,SIN DEFINIR,TRANSIT,Estimado,Modelo estadístico,1.1144623046133404,0.00020389987041492347
2026-12,FORD,PANEL,SIN DEFINIR,E-TRANSIT,Estimado,Modelo estadístico,0.018057730002685613,3.303807398683369e-06
2026-12,FORD,PICK-UP,LARGE,F150,Estimado,Modelo estadístico,3.5260476528432703,0.0006451188672020892
2026-12,FORD,PICK-UP,LARGE,F150 LIGHTNING,Estimado,Modelo estadístico,1.168134623055611,0.00021371965411684456
2026-12,FORD,PICK-UP,LARGE,F250,Estimado,Modelo estadístico,0.11813251198399509,2.161329619280661e-05
2026-12,FORD,PICK-UP,LARGE,F350,Estimado,Modelo estadístico,0.5203259195032346,9.519782510458672e-05
2026-12,FORD,PICK-UP,LARGE,F450,Estimado,Modelo estadístico,0.018057730002685613,3.303807398683369e-06
2026-12,FORD,PICK-UP,LARGE,F550,Estimado,Modelo estadístico,3.720824663311136,0.0006807548927812434
2026-12,FORD,PICK-UP,MEDIUM,MAVERICK,Estimado,Modelo estadístico,0.018057730002685613,3.303807398683369e-06
2026-12,FORD,PICK-UP,MEDIUM,RANGER,Estimado,Modelo estadístico,17.780825813325364,0.0032531455431013684
2026-12,FORD,SUV,LARGE,EXPEDITION,Estimado,Modelo estadístico,2.784449613801419,0.0005094375225440863
2026-12,FORD,SUV,LARGE,EXPLORER,Estimado,Modelo estadístico,1.9365271039935807,0.0003543032581046094
2026-12,FORD,SUV,MEDIUM,BRONCO,Estimado,Modelo estadístico,1.4285760757110264,0.0002613695191928445
2026-12,FORD,SUV,SIN DEFINIR,BRONCO SPORT,Estimado,Modelo estadístico,7.092644072555195,0.001297656458461312
2026-12,FORD,SUV,SIN DEFINIR,EDGE,Estimado,Modelo estadístico,0.018057730002685613,3.303807398683369e-06
2026-12,FORD,SUV,SIN DEFINIR,EDGE HV,Estimado,Modelo estadístico,3.620749881329827,0.0006624454039871201
2026-12,FORD,SUV,SIN DEFINIR,ESCAPE,Estimado,Modelo estadístico,0.018057730002685613,3.303807398683369e-06
2026-12,FORD,SUV,SIN DEFINIR,TERRITORY,Estimado,Modelo estadístico,14.228375383482621,0.0026031960748224177
2026-12,FORD,SUV,SMALL,EVEREST,Estimado,Modelo estadístico,12.739478503752238,0.002330790377849529
2026-12,FORLAND,CAMIONES,SIN DEFINIR,F200 PRO,Estimado,Modelo estadístico,4.3948702539834565,0.0008040769719784579
2026-12,FORLAND,CAMIONES,SIN DEFINIR,F2000,Estimado,Modelo estadístico,0.01672442700369163,3.059868857565082e-06
2026-12,FORLAND,CAMIONES,SIN DEFINIR,F2500,Estimado,Modelo estadístico,5.151846686512053,0.0009425719178019349
2026-12,FORLAND,CAMIONES,SIN DEFINIR,F300 PRO,Estimado,Modelo estadístico,2.933508416712272,0.0005367090331837139
2026-12,FORLAND,CAMIONES,SIN DEFINIR,F4000,Estimado,Modelo estadístico,4.322235620884672,0.0007907878798169998
2026-12,FORLAND,CAMIONES,SIN DEFINIR,F4500,Estimado,Modelo estadístico,0.22457074776792024,4.1087030202199704e-05
2026-12,FORLAND,CAMIONES,SIN DEFINIR,F5000,Estimado,Modelo estadístico,2.3412589335095433,0.00042835221180137115
2026-12,FORLAND,CAMIONES,SIN DEFINIR,F6000,Estimado,Modelo estadístico,2.8397562494799145,0.0005195563177704921
2026-12,FORLAND,CAMIONES,SIN DEFINIR,X4000,Estimado,Modelo estadístico,1.861851271542508,0.0003406407120526969
2026-12,FORLAND,CAMIONES,[3] MEDIANO [MD],V3000 L5E D90,Estimado,Modelo estadístico,0.5866144138969094,0.00010732583998756662
2026-12,FORLAND,CAMIONES,[4] PESADO [HD],V6000 L7 D120,Estimado,Modelo estadístico,0.8398988525161171,0.0001536662716009006
2026-12,FOTON,BUSETAS,SIN DEFINIR,BJ6750,Estimado,Modelo estadístico,0.10533706043366627,1.9272265094480087e-05
2026-12,FOTON,BUSETAS,SIN DEFINIR,H7,Estimado,Modelo estadístico,0.2415294677247384,4.418976484587875e-05
2026-12,FOTON,CAMIONES,SIN DEFINIR,5045XXY,Estimado,Modelo estadístico,0.019554364687384345,3.5776287895059383e-06
2026-12,FOTON,CAMIONES,[2] LIVIANO [LD],V1,Estimado,Modelo estadístico,0.10533706043366627,1.9272265094480087e-05
2026-12,FOTON,MICROBUS,SIN DEFINIR,BJ6608,Estimado,Modelo estadístico,0.362685147672512,6.635617400940252e-05
2026-12,FOTON,MICROBUS,SIN DEFINIR,GRAND EVIEW,Estimado,Modelo estadístico,1.761483622108015,0.0003222776407950792
2026-12,FOTON,MICROBUS,SIN DEFINIR,TOANO,Estimado,Modelo estadístico,1.6037661602178943,0.0002934219586347718
2026-12,FOTON,MICROBUS,SIN DEFINIR,VIEW,Estimado,Modelo estadístico,8.172912687474902,0.0014953003174627685
2026-12,FOTON,PANEL,SIN DEFINIR,CLW5030,Estimado,Modelo estadístico,0.019554364687384345,3.5776287895059383e-06
2026-12,FOTON,PANEL,SIN DEFINIR,VIEW I7,Estimado,Modelo estadístico,3.2409164733759455,0.0005929518174023989
2026-12,FOTON,PICK-UP,MEDIUM,TUNLAND,Estimado,Modelo estadístico,15.154870382464903,0.0027727058101006375
2026-12,FOTON I,CAMIONES,SIN DEFINIR,AUMAN,Estimado,Modelo estadístico,1.7927975881972895,0.00032800678354073326
2026-12,FOTON I,CAMIONES,SIN DEFINIR,AUMARK,Estimado,Modelo estadístico,6.113420405860974,0.001118499587995917
2026-12,FOTON I,CAMIONES,SIN DEFINIR,BJ 1030,Estimado,Modelo estadístico,0.015148465007551237,2.77153389507987e-06
2026-12,FOTON I,CAMIONES,SIN DEFINIR,BJ 1040,Estimado,Modelo estadístico,0.015148465007551237,2.77153389507987e-06
2026-12,FOTON I,CAMIONES,SIN DEFINIR,BJ 1186,Estimado,Modelo estadístico,1.040452432343148,0.0001903591671512515
2026-12,FOTON I,CAMIONES,SIN DEFINIR,BJ 4269,Estimado,Modelo estadístico,0.1102960017131784,2.0179543411657934e-05
2026-12,FOTON I,CAMIONES,SIN DEFINIR,E WONDER,Estimado,Modelo estadístico,0.015148465007551237,2.77153389507987e-06
2026-12,FOTON I,CAMIONES,SIN DEFINIR,EST-A,Estimado,Modelo estadístico,0.09280451480373834,1.6979334755487596e-05
2026-12,FOTON I,CAMIONES,SIN DEFINIR,EV LDT-6T,Estimado,Modelo estadístico,0.015148465007551237,2.77153389507987e-06
2026-12,FOTON I,CAMIONES,SIN DEFINIR,M2,Estimado,Modelo estadístico,0.08897706528687649,1.6279071985470842e-05
2026-12,FOTON I,CAMIONES,SIN DEFINIR,MILER,Estimado,Modelo estadístico,1.9072583881107417,0.00034894831038585934
2026-12,FOTON I,CAMIONES,SIN DEFINIR,PT,Estimado,Modelo estadístico,0.08511441264531142,1.557236851976122e-05
2026-12,FOTON I,CAMIONES,SIN DEFINIR,TM,Estimado,Modelo estadístico,3.7529029888444665,0.0006866238812542479
2026-12,FOTON I,CAMIONES,SIN DEFINIR,WONDER,Estimado,Modelo estadístico,0.2891087265738471,5.28947741347638e-05
2026-12,FOTON I,MICROBUS,SIN DEFINIR,BJ 6946,Estimado,Modelo estadístico,0.16280566556620174,2.9786610075861813e-05
2026-12,FOTON I,MICROBUS,SIN DEFINIR,BJ6608,Estimado,Modelo estadístico,0.015148465007551237,2.77153389507987e-06
2026-12,FOTON I,MICROBUS,SIN DEFINIR,BJ6816,Estimado,Modelo estadístico,0.6796058675214784,0.00012433937670859862
2026-12,FOTON II,CAMIONES,SIN DEFINIR,AUMAN,Estimado,Modelo estadístico,1.9962837858517937,0.00036523622518378103
2026-12,FOTON II,CAMIONES,SIN DEFINIR,AUMARK,Estimado,Modelo estadístico,0.8000088580005315,0.00014636807526091598
2026-12,FOTON II,CAMIONES,[2] LIVIANO [LD],BJ 1044,Estimado,Modelo estadístico,4.089764909591501,0.0007482554875487946
2026-12,FOTON II,CAMIONES,[3] MEDIANO [MD],BJ 1065,Estimado,Modelo estadístico,2.6542349961699876,0.0004856137076413567
2026-12,FOTON II,CAMIONES,[4] PESADO [HD],BJ 1108,Estimado,Modelo estadístico,2.89348998174024,0.0005293873376259298
2026-12,FOTON II,CAMIONES,[4] PESADO [HD],BJ3259DLPKB-1,Estimado,Modelo estadístico,0.8000088580005315,0.00014636807526091598
2026-12,FOTON II,CAMIONES,[4] PESADO [HD],BJ3319DMPKC-AB,Estimado,Modelo estadístico,4.089764909591501,0.0007482554875487946
2026-12,FREIGHTLINER,CAMIONES,SIN DEFINIR,108 SD,Estimado,Modelo estadístico,0.03327736086029121,6.0883616602161775e-06
2026-12,FREIGHTLINER,CAMIONES,SIN DEFINIR,114 SD,Estimado,Modelo estadístico,1.7368813334503008,0.0003177764535871737
2026-12,FREIGHTLINER,CAMIONES,SIN DEFINIR,CASCADIA,Estimado,Modelo estadístico,0.47094773374475357,8.616368762339893e-05
2026-12,FREIGHTLINER,CAMIONES,SIN DEFINIR,M2 106,Estimado,Modelo estadístico,2.86733385185752,0.0005246018626290945
2026-12,FREIGHTLINER,CAMIONES,SIN DEFINIR,M2 112,Estimado,Modelo estadístico,0.25743266218182376,4.7099382583113984e-05
2026-12,FUSO,CAMIONES,SIN DEFINIR,CANTER,Estimado,Modelo estadístico,14.625313738531323,0.0026758191494855163
2026-12,GAC,PASAJEROS,SIN DEFINIR,M6,Estimado,Modelo estadístico,0.5839679470268546,0.0001068416475212734
2026-12,GAC,PICK-UP,MEDIUM,01,Estimado,Modelo estadístico,0.0833278806145459,1.5245508070504854e-05
2026-12,GAC,SUV,MEDIUM,GS8,Estimado,Modelo estadístico,0.9093322098354668,0.00016636966452974477
2026-12,GAC,SUV,SIN DEFINIR,EMKOO,Estimado,Modelo estadístico,0.3160223737802168,5.781884303781717e-05
2026-12,GAC,SUV,SIN DEFINIR,EMZOOM,Estimado,Modelo estadístico,1.5446204413777536,0.00028260077216917277
2026-12,GAC,SUV,SIN DEFINIR,GS3,Estimado,Modelo estadístico,0.7653969230133665,0.0001400355424964801
2026-12,GAC,SUV,SIN DEFINIR,GS4,Estimado,Modelo estadístico,1.7718236499148752,0.00032416943230850954
2026-12,GAZ,MICROBUS,SIN DEFINIR,SOBOL,Estimado,Modelo estadístico,0.011316598000100726,2.0704629095184015e-06
2026-12,GEELY,AUTOMOVILES,HB,PANDA MINI EV,Estimado,Modelo estadístico,0.016701201165711634,3.0556195031142446e-06
2026-12,GEELY,CAMIONES,SIN DEFINIR,FARIZON E200,Estimado,Modelo estadístico,0.016701201165711634,3.0556195031142446e-06
2026-12,GEELY,CAMIONES,SIN DEFINIR,FARIZON F1E,Estimado,Modelo estadístico,0.2865837275331458,5.243280518788638e-05
2026-12,GEELY,CAMIONES,SIN DEFINIR,FARIZON H9E,Estimado,Modelo estadístico,0.08864156159437947,1.621768887799319e-05
2026-12,GEELY,CAMIONES,SIN DEFINIR,FARIZON LE17,Estimado,Modelo estadístico,1.0962313066354483,0.00020056436224220279
2026-12,GEELY,CAMIONES,SIN DEFINIR,FENGRUI F3E,Estimado,Modelo estadístico,0.016701201165711634,3.0556195031142446e-06
2026-12,GEELY,PANEL,SIN DEFINIR,FARIZON E6,Estimado,Modelo estadístico,0.016701201165711634,3.0556195031142446e-06
2026-12,GEELY,PANEL,SIN DEFINIR,FARIZON V5E,Estimado,Modelo estadístico,0.2865837275331458,5.243280518788638e-05
2026-12,GEELY,PANEL,SIN DEFINIR,FARIZON V6E,Estimado,Modelo estadístico,2.9793077864118356,0.0005450883973920584
2026-12,GEELY,PANEL,SIN DEFINIR,FARIZON V7E,Estimado,Modelo estadístico,0.19662288541066775,3.597374329296233e-05
2026-12,GEELY,PICK-UP,MEDIUM,RIDDARA RD6,Estimado,Modelo estadístico,27.23011025687897,0.004981968371454273
2026-12,GEELY,SUV,LARGE,M9,Estimado,Modelo estadístico,0.3765445696556239,6.889186708281043e-05
2026-12,GEELY,SUV,SIN DEFINIR,ASKARRA,Estimado,Modelo estadístico,1.249519913719924,0.00022860974968260861
2026-12,GEELY,SUV,SIN DEFINIR,CITRAY,Estimado,Modelo estadístico,0.46650541177810195,8.535092897773447e-05
2026-12,GEELY,SUV,SIN DEFINIR,COOLRAY,Estimado,Modelo estadístico,62.542806930731096,0.011442711140406028
2026-12,GEELY,SUV,SIN DEFINIR,EX3,Estimado,Modelo estadístico,0.016701201165711634,3.0556195031142446e-06
2026-12,GEELY,SUV,SIN DEFINIR,EX5,Estimado,Modelo estadístico,103.73228178846668,0.018978657893548908
2026-12,GEELY,SUV,SIN DEFINIR,GEOME,Estimado,Modelo estadístico,67.30597529788024,0.012314171223717802
2026-12,GEELY,SUV,SIN DEFINIR,GEOMETRY C,Estimado,Modelo estadístico,2.636440965343413,0.0004823581461345398
2026-12,GEELY,SUV,SIN DEFINIR,GEOMETRY E,Estimado,Modelo estadístico,13.269502361123491,0.002427762518932678
2026-12,GEELY,SUV,SIN DEFINIR,GX3,Estimado,Modelo estadístico,59.55948945558858,0.01089688913810943
2026-12,GEELY,SUV,SIN DEFINIR,STARRAY,Estimado,Modelo estadístico,26.901655093419066,0.004921874849233419
2026-12,GEELY,SUV,SMALL,OKAVANGO,Estimado,Modelo estadístico,10.460045209882638,0.001913749665646413
2026-12,GMC,PICK-UP,LARGE,SIERRA,Estimado,Modelo estadístico,0.11207480519188306,2.05049898599587e-05
2026-12,GMC,PICK-UP,MEDIUM,HUMMER,Estimado,Modelo estadístico,0.03888309567881658,7.113976073863223e-06
2026-12,GOLDEN DRAGON,BUS,SIN DEFINIR,XML6122C,Estimado,Modelo estadístico,0.30800222069126537,5.6351491321410385e-05
2026-12,GOLDEN DRAGON,BUSETAS,SIN DEFINIR,XML SERIES,Estimado,Modelo estadístico,0.949739062124252,0.00017376242416948577
2026-12,GREATWALL,AUTOMOVILES,HB,ORA3,Estimado,Modelo estadístico,0.58389888722494,0.0001068290124733198
2026-12,GREATWALL,PICK-UP,MEDIUM,POER,Estimado,Modelo estadístico,28.187268351347484,0.005157088167449919
2026-12,GREATWALL,PICK-UP,MEDIUM,WINGLE,Estimado,Modelo estadístico,5.836070891087405,0.001067756256536543
2026-12,GREATWALL I,SUV,LARGE,TANK 500,Estimado,Modelo estadístico,2.231279854043503,0.00040823065187184224
2026-12,GREATWALL I,SUV,SIN DEFINIR,ORA GOOD CAT,Estimado,Modelo estadístico,1.0799500288540638,0.0001975855711103076
2026-12,GREATWALL I,SUV,SMALL,TANK 300,Estimado,Modelo estadístico,2.8838274282243814,0.0005276194955000856
2026-12,GREATWALL I,SUV,SMALL,TANK 300 HEV,Estimado,Modelo estadístico,0.23849831506999883,4.3635191011527584e-05
2026-12,GROVE,CAMIONES,[4] PESADO [HD],TMC250,Estimado,Modelo estadístico,0.04962625137663908,9.079523087490887e-06
2026-12,HAVAL,SUV,MEDIUM,H9,Estimado,Modelo estadístico,2.411384567097755,0.0004411822622590774
2026-12,HAVAL,SUV,SIN DEFINIR,H6,Estimado,Modelo estadístico,6.0810979467620525,0.0011125859333173513
2026-12,HAVAL,SUV,SIN DEFINIR,JOLION,Estimado,Modelo estadístico,7.1852378495282005,0.001314597237030377
2026-12,HAVAL,SUV,SMALL,H7,Estimado,Modelo estadístico,1.471391030697664,0.00026920286065038713
2026-12,HENGWANG,CAMIONES,[4] PESADO [HD],HWQY16T-3,Estimado,Modelo estadístico,0.04962625137663908,9.079523087490887e-06
2026-12,HIGER,BUS,SIN DEFINIR,KLQ6126G,Estimado,Modelo estadístico,0.22113888532666415,4.045914327936947e-05
2026-12,HIGER,BUS,SIN DEFINIR,KLQ6136G,Estimado,Modelo estadístico,0.22113888532666415,4.045914327936947e-05
2026-12,HIGER,BUSETAS,SIN DEFINIR,KLQ6540,Estimado,Modelo estadístico,1.9678629734609168,0.00036003640825000216
2026-12,HIGER,BUSETAS,SIN DEFINIR,KLQ6600,Estimado,Modelo estadístico,2.2612595377032427,0.00041371567688165825
2026-12,HIGER,BUSETAS,SIN DEFINIR,KLQ6886,Estimado,Modelo estadístico,0.12285921025106374,2.247808377705794e-05
2026-12,HINO,CAMIONES,SIN DEFINIR,FC9JJSA,Estimado,Modelo estadístico,1.5806230683122418,0.0002891877432458535
2026-12,HINO,CAMIONES,SIN DEFINIR,FG8JM7A,Estimado,Modelo estadístico,0.016183983696841764,2.9609903941328594e-06
2026-12,HINO,CAMIONES,SIN DEFINIR,FG8JP7A,Estimado,Modelo estadístico,3.7995925008363103,0.000695166104176876
2026-12,HINO,CAMIONES,SIN DEFINIR,FM8JR7A,Estimado,Modelo estadístico,1.451914224772405,0.00026563942186217727
2026-12,HINO,CAMIONES,SIN DEFINIR,GD8JLSA,Estimado,Modelo estadístico,1.7888109391194147,0.0003272773939265637
2026-12,HINO,CAMIONES,SIN DEFINIR,GH8JM7A,Estimado,Modelo estadístico,0.553183230194238,0.00010120933519725233
2026-12,HINO,CAMIONES,SIN DEFINIR,LY230L,Estimado,Modelo estadístico,10.648992079328881,0.0019483190198864926
2026-12,HINO,CAMIONES,SIN DEFINIR,SH1EEVA,Estimado,Modelo estadístico,0.016183983696841764,2.9609903941328594e-06
2026-12,HINO,CAMIONES,SIN DEFINIR,SS1EKVA,Estimado,Modelo estadístico,0.262634549685984,4.8051109872247617e-05
2026-12,HINO,CAMIONES,SIN DEFINIR,WU600L,Estimado,Modelo estadístico,0.016183983696841764,2.9609903941328594e-06
2026-12,HINO,CAMIONES,SIN DEFINIR,WU650L,Estimado,Modelo estadístico,0.016183983696841764,2.9609903941328594e-06
2026-12,HINO,CAMIONES,SIN DEFINIR,XZU600L,Estimado,Modelo estadístico,13.869670986734356,0.002537568211312391
2026-12,HINO,CAMIONES,SIN DEFINIR,XZU650L,Estimado,Modelo estadístico,2.5096990798447845,0.0004591696955944567
2026-12,HINO,CAMIONES,SIN DEFINIR,XZU710L,Estimado,Modelo estadístico,6.533186686481691,0.0011952992158243466
2026-12,HINO,CAMIONES,SIN DEFINIR,XZU720L,Estimado,Modelo estadístico,1.916394822999429,0.0003506198948639939
2026-12,HINO,CAMIONES,SIN DEFINIR,XZU730L,Estimado,Modelo estadístico,6.659453998782805,0.0012184008393689586
2026-12,HONDA,AUTOMOVILES,HB,CIVIC,Estimado,Modelo estadístico,0.2990065942966318,5.47056688933443e-05
2026-12,HONDA,AUTOMOVILES,SD,ACCORD,Estimado,Modelo estadístico,0.01415670615298725,2.5900836108563855e-06
2026-12,HONDA,AUTOMOVILES,SD,CITY,Estimado,Modelo estadístico,0.08112905193428877,1.4843214622702153e-05
2026-12,HONDA,AUTOMOVILES,SD,CIVIC,Estimado,Modelo estadístico,0.01415670615298725,2.5900836108563855e-06
2026-12,HONDA,PASAJEROS,SIN DEFINIR,ODYSSEY,Estimado,Modelo estadístico,0.5541631004231301,0.00010138861036148847
2026-12,HONDA,PICK-UP,MEDIUM,RIDGELINE,Estimado,Modelo estadístico,0.31253556914727115,5.718090399772874e-05
2026-12,HONDA,SUV,MEDIUM,PILOT,Estimado,Modelo estadístico,5.616007360490774,0.0010274938580812883
2026-12,HONDA,SUV,SIN DEFINIR,BR-V,Estimado,Modelo estadístico,0.6177407042568929,0.00011302064594432786
2026-12,HONDA,SUV,SIN DEFINIR,CR-V,Estimado,Modelo estadístico,20.5175363433415,0.0037538488150949856
2026-12,HONDA,SUV,SIN DEFINIR,CR-V HEV,Estimado,Modelo estadístico,1.401886492738726,0.0002564864446492255
2026-12,HONDA,SUV,SIN DEFINIR,ENP1,Estimado,Modelo estadístico,0.01415670615298725,2.5900836108563855e-06
2026-12,HONDA,SUV,SIN DEFINIR,ENP2,Estimado,Modelo estadístico,0.4346670509431344,7.952584398239604e-05
2026-12,HONDA,SUV,SIN DEFINIR,HR-V,Estimado,Modelo estadístico,8.531355018328483,0.001560880233902944
2026-12,HONDA,SUV,SIN DEFINIR,NS-1,Estimado,Modelo estadístico,0.9042695692641766,0.00016544341359046194
2026-12,HUANGHAI,PICK-UP,LARGE,N7,Estimado,Modelo estadístico,0.06144202551393409,1.1241314298798238e-05
2026-12,HUANGHAI,PICK-UP,MEDIUM,N2,Estimado,Modelo estadístico,0.21268393447131032,3.8912241803532366e-05
2026-12,HUANGHAI,PICK-UP,MEDIUM,N3,Estimado,Modelo estadístico,0.02363154827459003,4.323582422614707e-06
2026-12,HYCAN,AUTOMOVILES,SD,A06 PLUS,Estimado,Modelo estadístico,0.04278843626859178,7.828489644115901e-06
2026-12,HYCAN,SUV,SIN DEFINIR,Z03,Estimado,Modelo estadístico,0.11015746358509795,2.0154196743362206e-05
2026-12,HYPER,AUTOMOVILES,SD,GT560,Estimado,Modelo estadístico,0.25189967271908204,4.608707751923693e-05
2026-12,HYPER,AUTOMOVILES,SD,SSR,Estimado,Modelo estadístico,0.2242983478735202,4.103719244372255e-05
2026-12,HYPER,SUV,MEDIUM,HT,Estimado,Modelo estadístico,1.5616997971713824,0.0002857255781125192
2026-12,HYUNDAI,AUTOMOVILES,HB,I10 HB,Estimado,Modelo estadístico,17.757583044156586,0.003248893090952938
2026-12,HYUNDAI,AUTOMOVILES,HB,I20 HB,Estimado,Modelo estadístico,0.013677292882383119,2.502371084962303e-06
2026-12,HYUNDAI,AUTOMOVILES,SD,ACCENT,Estimado,Modelo estadístico,5.517082745703949,0.0010093948016552587
2026-12,HYUNDAI,AUTOMOVILES,SD,ELANTRA,Estimado,Modelo estadístico,0.013677292882383119,2.502371084962303e-06
2026-12,HYUNDAI,AUTOMOVILES,SD,I10 SD,Estimado,Modelo estadístico,19.57968782403898,0.003582261861670879
2026-12,HYUNDAI,AUTOMOVILES,SD,IONIQ 6,Estimado,Modelo estadístico,0.07311865981345825,1.3377648754167243e-05
2026-12,HYUNDAI,AUTOMOVILES,SD,IONIQ EV,Estimado,Modelo estadístico,0.013677292882383119,2.502371084962303e-06
2026-12,HYUNDAI,AUTOMOVILES,SD,VERNA,Estimado,Modelo estadístico,0.013677292882383119,2.502371084962303e-06
2026-12,HYUNDAI,BUSETAS,SIN DEFINIR,COUNTY,Estimado,Modelo estadístico,3.881694242982002,0.0007101872803216843
2026-12,HYUNDAI,CAMIONES,SIN DEFINIR,EX6 MIGHTY,Estimado,Modelo estadístico,1.7416926043101015,0.0003186567144096201
2026-12,HYUNDAI,CAMIONES,SIN DEFINIR,EX8 MIGHTY,Estimado,Modelo estadístico,0.013677292882383119,2.502371084962303e-06
2026-12,HYUNDAI,CAMIONES,SIN DEFINIR,EX9 MIGHTY,Estimado,Modelo estadístico,1.2718626182049901,0.0002326975277351866
2026-12,HYUNDAI,CAMIONES,SIN DEFINIR,H100,Estimado,Modelo estadístico,5.678811619548064,0.0010389844039977154
2026-12,HYUNDAI,CAMIONES,SIN DEFINIR,HD36,Estimado,Modelo estadístico,0.013677292882383119,2.502371084962303e-06
2026-12,HYUNDAI,MICROBUS,SIN DEFINIR,STARIA,Estimado,Modelo estadístico,13.935453019615055,0.002549603564975302
2026-12,HYUNDAI,PANEL,SIN DEFINIR,STARIA,Estimado,Modelo estadístico,2.365142445706753,0.0004327218930565428
2026-12,HYUNDAI,PASAJEROS,SIN DEFINIR,STARGAZER,Estimado,Modelo estadístico,0.18915091900386347,3.4606686752974076e-05
2026-12,HYUNDAI,SUV,MEDIUM,PALISADE,Estimado,Modelo estadístico,1.0024664252858053,0.00018340932067864265
2026-12,HYUNDAI,SUV,MEDIUM,PALISADE HV,Estimado,Modelo estadístico,1.0189875974882114,0.00018643200243039735
2026-12,HYUNDAI,SUV,SIN DEFINIR,CRETA,Estimado,Modelo estadístico,45.6475217852921,0.008351582407278168
2026-12,HYUNDAI,SUV,SIN DEFINIR,CRETA GRAND,Estimado,Modelo estadístico,11.72502288949619,0.002145187538316733
2026-12,HYUNDAI,SUV,SIN DEFINIR,IONIQ 5,Estimado,Modelo estadístico,0.6080909621931344,0.00011125514777701172
2026-12,HYUNDAI,SUV,SIN DEFINIR,KONA,Estimado,Modelo estadístico,11.35391321148307,0.002077290028510107
2026-12,HYUNDAI,SUV,SIN DEFINIR,SANTA FE,Estimado,Modelo estadístico,6.686538042411619,0.001223356083672303
2026-12,HYUNDAI,SUV,SIN DEFINIR,TUCSON,Estimado,Modelo estadístico,73.43812095818043,0.013436096748093837
2026-12,HYUNDAI,SUV,SIN DEFINIR,TUCSON HEV,Estimado,Modelo estadístico,0.07311865981345825,1.3377648754167243e-05
2026-12,HYUNDAI,SUV,SIN DEFINIR,VENUE,Estimado,Modelo estadístico,29.503937043961308,0.005397983328005834
2026-12,INEOS,SUV,MEDIUM,GRENADIER,Estimado,Modelo estadístico,0.011316598000100726,2.0704629095184015e-06
2026-12,INTERNATIONAL,CAMIONES,SIN DEFINIR,SERIE HV,Estimado,Modelo estadístico,4.0966761227434345,0.000749519949756494
2026-12,INTERNATIONAL,CAMIONES,SIN DEFINIR,SERIE HX,Estimado,Modelo estadístico,0.11389371933660855,2.083777487823177e-05
2026-12,INTERNATIONAL,CAMIONES,SIN DEFINIR,SERIE LT,Estimado,Modelo estadístico,0.016741120653198535,3.0629230954312884e-06
2026-12,INTERNATIONAL,CAMIONES,SIN DEFINIR,SERIE MV,Estimado,Modelo estadístico,0.08699972850177388,1.5917302266943697e-05
2026-12,INTERNATIONAL,CAMIONES,SIN DEFINIR,SERIE PROSTAR,Estimado,Modelo estadístico,0.7794383777866958,0.00014260453993754848
2026-12,ISUZU,BUSETAS,SIN DEFINIR,B700,Estimado,Modelo estadístico,0.016086617096013056,2.9431763889309493e-06
2026-12,ISUZU,CAMIONES,SIN DEFINIR,ELF,Estimado,Modelo estadístico,0.4833481360429583,8.843244127368422e-05
2026-12,ISUZU,CAMIONES,SIN DEFINIR,ELF EV,Estimado,Modelo estadístico,0.016086617096013056,2.9431763889309493e-06
2026-12,ISUZU,CAMIONES,SIN DEFINIR,FRR,Estimado,Modelo estadístico,3.933604104743179,0.0007196846083538179
2026-12,ISUZU,CAMIONES,SIN DEFINIR,FTR,Estimado,Modelo estadístico,2.1220111843540646,0.0003882390671427226
2026-12,ISUZU,CAMIONES,SIN DEFINIR,FVR,Estimado,Modelo estadístico,1.8817203864117642,0.00034427592692746665
2026-12,ISUZU,CAMIONES,SIN DEFINIR,FVZ,Estimado,Modelo estadístico,2.907973009337247,0.00053203712437782
2026-12,ISUZU,CAMIONES,SIN DEFINIR,FXR,Estimado,Modelo estadístico,0.12272180383550432,2.24529441646989e-05
2026-12,ISUZU,CAMIONES,SIN DEFINIR,GIGA,Estimado,Modelo estadístico,0.7577252283241819,0.00013863194405576808
2026-12,ISUZU,CAMIONES,SIN DEFINIR,KV100,Estimado,Modelo estadístico,0.10075033225200065,1.8433086166670077e-05
2026-12,ISUZU,CAMIONES,SIN DEFINIR,KV600,Estimado,Modelo estadístico,0.03805808867951673,6.963034386959774e-06
2026-12,ISUZU,CAMIONES,SIN DEFINIR,M100,Estimado,Modelo estadístico,0.40190659206499785,7.353205371032127e-05
2026-12,ISUZU,CAMIONES,SIN DEFINIR,M600,Estimado,Modelo estadístico,0.9286381834063997,0.00016990184816040863
2026-12,ISUZU,CAMIONES,SIN DEFINIR,NKR - ELF,Estimado,Modelo estadístico,0.39344533271315324,7.198399804415251e-05
2026-12,ISUZU,CAMIONES,SIN DEFINIR,NLR,Estimado,Modelo estadístico,12.006431477596417,0.00219667350999093
2026-12,ISUZU,CAMIONES,SIN DEFINIR,NMR,Estimado,Modelo estadístico,9.935557201927981,0.0018177903528787732
2026-12,ISUZU,CAMIONES,SIN DEFINIR,NPR,Estimado,Modelo estadístico,4.316443165465682,0.000789728103362985
2026-12,ISUZU,CAMIONES,SIN DEFINIR,NPS,Estimado,Modelo estadístico,6.420731086315948,0.0011747245564515626
2026-12,ISUZU,CAMIONES,SIN DEFINIR,NQR,Estimado,Modelo estadístico,13.171782255973207,0.002409883837262966
2026-12,ISUZU,CAMIONES,SIN DEFINIR,NZR,Estimado,Modelo estadístico,3.236923555570252,0.000592221280873897
2026-12,ISUZU,CAMIONES,SIN DEFINIR,NZS,Estimado,Modelo estadístico,0.12272180383550432,2.24529441646989e-05
2026-12,ISUZU,CAMIONES,SIN DEFINIR,QKR77,Estimado,Modelo estadístico,0.016086617096013056,2.9431763889309493e-06
2026-12,ISUZU,CAMIONES,SIN DEFINIR,QLR77,Estimado,Modelo estadístico,18.96666806510354,0.0034701049507629856
2026-12,ISUZU,PICK-UP,MEDIUM,D-MAX,Estimado,Modelo estadístico,85.69270928605717,0.015678172556040718
2026-12,ISUZU,SUV,SMALL,MU-X,Estimado,Modelo estadístico,8.990073473823369,0.0016448064764013764
2026-12,IVECO,BUS,SIN DEFINIR,GRAN V,Estimado,Modelo estadístico,0.5405425854490173,9.889662725294389e-05
2026-12,IVECO,BUSETAS,SIN DEFINIR,GRAN MICRO S3,Estimado,Modelo estadístico,0.016350525588103508,2.991460576844609e-06
2026-12,IVECO,CAMIONES,SIN DEFINIR,AD380T42H,Estimado,Modelo estadístico,0.016350525588103508,2.991460576844609e-06
2026-12,IVECO,CAMIONES,SIN DEFINIR,DAILY,Estimado,Modelo estadístico,0.2817227558926912,5.1543451206619875e-05
2026-12,IVECO,CAMIONES,SIN DEFINIR,EUROCARGO ML11,Estimado,Modelo estadístico,0.8767721726824786,0.00016041254302934306
2026-12,IVECO,CAMIONES,SIN DEFINIR,EUROCARGO ML15,Estimado,Modelo estadístico,0.22602734953246906,4.135352724728432e-05
2026-12,IVECO,CAMIONES,SIN DEFINIR,EUROCARGO ML16,Estimado,Modelo estadístico,0.6805049130601364,0.00012450386434364075
2026-12,IVECO,CAMIONES,SIN DEFINIR,ML 150 E24,Estimado,Modelo estadístico,0.016350525588103508,2.991460576844609e-06
2026-12,IVECO,CAMIONES,SIN DEFINIR,ML 180 E28,Estimado,Modelo estadístico,0.08515073344484847,1.5579013703082642e-05
2026-12,IVECO,CAMIONES,SIN DEFINIR,S WAY,Estimado,Modelo estadístico,0.016350525588103508,2.991460576844609e-06
2026-12,IVECO,CAMIONES,SIN DEFINIR,T WAY,Estimado,Modelo estadístico,1.8894228511143691,0.00034568515499039474
2026-12,IVECO,CAMIONES,SIN DEFINIR,TECTOR,Estimado,Modelo estadístico,0.7850385622068187,0.00014362913886102567
2026-12,IVECO,CAMIONES,SIN DEFINIR,TRAKKER,Estimado,Modelo estadístico,0.016350525588103508,2.991460576844609e-06
2026-12,IVECO,MICROBUS,SIN DEFINIR,DAILY,Estimado,Modelo estadístico,0.40202788125902594,7.355424454696301e-05
2026-12,IVECO,PANEL,SIN DEFINIR,DAILY,Estimado,Modelo estadístico,0.45772328761924813,8.374416850629859e-05
2026-12,JAC,AUTOMOVILES,HB,E-JS1,Estimado,Modelo estadístico,0.009982501974657429,1.8263792778128593e-06
2026-12,JAC,AUTOMOVILES,HB,E30X,Estimado,Modelo estadístico,1.2795976003487646,0.00023411270512633628
2026-12,JAC,AUTOMOVILES,SD,E-J7,Estimado,Modelo estadístico,0.009982501974657429,1.8263792778128593e-06
2026-12,JAC,MICROBUS,SIN DEFINIR,M4,Estimado,Modelo estadístico,0.5302203507546227,9.700809113299884e-05
2026-12,JAC,PASAJEROS,SIN DEFINIR,RF8,Estimado,Modelo estadístico,0.028021142811597594,5.126694159606501e-06
2026-12,JAC,PICK-UP,MEDIUM,T8,Estimado,Modelo estadístico,5.783576750345248,0.0010581520299507167
2026-12,JAC,PICK-UP,MEDIUM,T8 BEV,Estimado,Modelo estadístico,0.358052867448863,6.550866096798535e-05
2026-12,JAC,PICK-UP,MEDIUM,T9,Estimado,Modelo estadístico,4.032247591931239,0.0007377322302174394
2026-12,JAC,SUV,MEDIUM,JS8,Estimado,Modelo estadístico,0.40272487460923484,7.368176510391623e-05
2026-12,JAC,SUV,SIN DEFINIR,E-JS4,Estimado,Modelo estadístico,0.009982501974657429,1.8263792778128593e-06
2026-12,JAC,SUV,SIN DEFINIR,JS2,Estimado,Modelo estadístico,6.997129549077161,0.0012801813057537728
2026-12,JAC,SUV,SIN DEFINIR,JS3,Estimado,Modelo estadístico,0.4271333215864698,7.814748741241052e-05
2026-12,JAC,SUV,SIN DEFINIR,JS4,Estimado,Modelo estadístico,0.5833328706986236,0.00010672545518305448
2026-12,JAC,SUV,SIN DEFINIR,JS5,Estimado,Modelo estadístico,0.0759888469021105,1.3902772639488627e-05
2026-12,JAC I,CAMIONES,SIN DEFINIR,HFC1012K,Estimado,Modelo estadístico,3.7976216008703134,0.0006948055121263382
2026-12,JAC I,CAMIONES,SIN DEFINIR,HFC1035K,Estimado,Modelo estadístico,16.622469964656943,0.00304121499465648
2026-12,JAC I,CAMIONES,SIN DEFINIR,HFC1042,Estimado,Modelo estadístico,11.454541828303213,0.0020957008458564854
2026-12,JAC I,CAMIONES,SIN DEFINIR,HFC1070K,Estimado,Modelo estadístico,0.01583019477788339,2.8962618569439083e-06
2026-12,JAC I,CAMIONES,SIN DEFINIR,HFC1085K,Estimado,Modelo estadístico,0.1475805149252076,2.7001045925422954e-05
2026-12,JAC I,CAMIONES,SIN DEFINIR,HFC1090K,Estimado,Modelo estadístico,0.6745817955145044,0.00012342018219933912
2026-12,JAC I,CAMIONES,SIN DEFINIR,HFC1091K,Estimado,Modelo estadístico,0.01583019477788339,2.8962618569439083e-06
2026-12,JAC I,CAMIONES,SIN DEFINIR,HFC1171K,Estimado,Modelo estadístico,0.461335472822569,8.44050469333418e-05
2026-12,JAC I,CAMIONES,SIN DEFINIR,N55 EV,Estimado,Modelo estadístico,0.4110811552198559,7.521061406238101e-05
2026-12,JAC I,CAMIONES,SIN DEFINIR,N75,Estimado,Modelo estadístico,4.649586391730817,0.0008506793444986266
2026-12,JAC I,CAMIONES,SIN DEFINIR,N90,Estimado,Modelo estadístico,5.735728583497166,0.0010493978217737965
2026-12,JAC I,CAMIONES,[2] LIVIANO [LD],N45,Estimado,Modelo estadístico,0.10825698248305518,1.9806488392143472e-05
2026-12,JAC I,MICROBUS,SIN DEFINIR,SUNRAY,Estimado,Modelo estadístico,4.85207644563256,0.0008877265336049472
2026-12,JAC I,PANEL,SIN DEFINIR,REFINE,Estimado,Modelo estadístico,0.27933083507253176,5.110582999390199e-05
2026-12,JAC I,PANEL,SIN DEFINIR,SUNRAY,Estimado,Modelo estadístico,0.6745817955145044,0.00012342018219933912
2026-12,JAECOO,SUV,SIN DEFINIR,J5,Estimado,Modelo estadístico,5.794293900428672,0.0010601128190273698
2026-12,JAECOO,SUV,SIN DEFINIR,J5 BEV,Estimado,Modelo estadístico,1.5925338371807933,0.00029136691450968764
2026-12,JAECOO,SUV,SIN DEFINIR,J7,Estimado,Modelo estadístico,1.9924445241675557,0.000364533801282439
2026-12,JAECOO,SUV,SMALL,J8,Estimado,Modelo estadístico,2.5774410270284123,0.00047156363139221215
2026-12,JEEP,PICK-UP,LARGE,GLADIATOR,Estimado,Modelo estadístico,0.2503018037621434,4.579473450152234e-05
2026-12,JEEP,SUV,MEDIUM,GRAND CHEROKEE,Estimado,Modelo estadístico,0.44760858007618465,8.189360115307525e-05
2026-12,JEEP,SUV,SIN DEFINIR,AVENGER,Estimado,Modelo estadístico,1.3182808521195384,0.00024119011814482792
2026-12,JEEP,SUV,SIN DEFINIR,COMPASS,Estimado,Modelo estadístico,4.177773871856025,0.0007643574372754068
2026-12,JEEP,SUV,SIN DEFINIR,RENEGADE,Estimado,Modelo estadístico,0.6687694183316119,0.00012235676089788412
2026-12,JEEP,SUV,SMALL,COMMANDER,Estimado,Modelo estadístico,0.4033633215837215,7.379857412906294e-05
2026-12,JEEP,SUV,SMALL,WRANGLER,Estimado,Modelo estadístico,1.1852090710555472,0.00021684356213973747
2026-12,JETOUR,SUV,LARGE,G700,Estimado,Modelo estadístico,1.6825745937237018,0.00030784059739260075
2026-12,JETOUR,SUV,SIN DEFINIR,DASHING,Estimado,Modelo estadístico,7.2749355252414,0.001331008150507425
2026-12,JETOUR,SUV,SIN DEFINIR,X50,Estimado,Modelo estadístico,22.002759919203232,0.004025582451487887
2026-12,JETOUR,SUV,SIN DEFINIR,X70,Estimado,Modelo estadístico,11.081208155879319,0.0020273964383286146
2026-12,JETOUR,SUV,SMALL,T1,Estimado,Modelo estadístico,5.369475916314928,0.000982388941286369
2026-12,JETOUR,SUV,SMALL,T2,Estimado,Modelo estadístico,4.074980190898635,0.0007455505039767908
2026-12,JMC,AUTOMOVILES,HB,EV EASY,Estimado,Modelo estadístico,0.018784940450283987,3.4368564174037745e-06
2026-12,JMC,CAMIONES,SIN DEFINIR,JX1031,Estimado,Modelo estadístico,1.1543705964275661,0.0002112014143933219
2026-12,JMC,CAMIONES,SIN DEFINIR,JX1033,Estimado,Modelo estadístico,0.018784940450283987,3.4368564174037745e-06
2026-12,JMC,CAMIONES,SIN DEFINIR,JX1034,Estimado,Modelo estadístico,0.14935175971843695,2.7325109451230472e-05
2026-12,JMC,CAMIONES,SIN DEFINIR,JX1035,Estimado,Modelo estadístico,0.018784940450283987,3.4368564174037745e-06
2026-12,JMC,CAMIONES,SIN DEFINIR,JX1044,Estimado,Modelo estadístico,3.681512998080233,0.0006735625064500098
2026-12,JMC,CAMIONES,SIN DEFINIR,JX1054,Estimado,Modelo estadístico,2.0390770618285994,0.0003730656002915628
2026-12,JMC,CAMIONES,SIN DEFINIR,JX1079,Estimado,Modelo estadístico,0.23661337459091814,4.3290325942665755e-05
2026-12,JMC,CAMIONES,SIN DEFINIR,JX1083,Estimado,Modelo estadístico,0.018784940450283987,3.4368564174037745e-06
2026-12,JMC,CAMIONES,SIN DEFINIR,N601,Estimado,Modelo estadístico,0.8097648299783566,0.00014815300904810256
2026-12,JMC,CAMIONES,SIN DEFINIR,N720,Estimado,Modelo estadístico,0.018784940450283987,3.4368564174037745e-06
2026-12,JMC,CAMIONES,SIN DEFINIR,N801 EV,Estimado,Modelo estadístico,0.018784940450283987,3.4368564174037745e-06
2026-12,JMC,CAMIONES,SIN DEFINIR,N822,Estimado,Modelo estadístico,10.380621493268038,0.0018992184558795583
2026-12,JMC,MICROBUS,SIN DEFINIR,N520,Estimado,Modelo estadístico,0.018784940450283987,3.4368564174037745e-06
2026-12,JMC,MICROBUS,SIN DEFINIR,TOURING BUS,Estimado,Modelo estadístico,1.2416322113000475,0.00022716663088475722
2026-12,JMC,PANEL,SIN DEFINIR,TOURING VAN,Estimado,Modelo estadístico,0.7112013083077618,0.00013012001752108504
2026-12,JMC,PICK-UP,MEDIUM,GRAND AVENUE,Estimado,Modelo estadístico,14.160645486490623,0.002590804343704445
2026-12,JMC,PICK-UP,MEDIUM,VIGUS,Estimado,Modelo estadístico,1.2925163896148744,0.00023647630185488728
2026-12,JMC,PICK-UP,MEDIUM,VIGUS T500,Estimado,Modelo estadístico,0.3450391871003818,6.312770315030737e-05
2026-12,JMC,SUV,SIN DEFINIR,EWIND,Estimado,Modelo estadístico,0.09788292940309129,1.790847168047366e-05
2026-12,JMEV,AUTOMOVILES,HB,EV2-EV3,Estimado,Modelo estadístico,0.1252598116852417,2.2917293178148084e-05
2026-12,JMEV,AUTOMOVILES,SD,GSE,Estimado,Modelo estadístico,0.02505196233704834,4.583458635629617e-06
2026-12,JOYLONG,MICROBUS,SIN DEFINIR,A5,Estimado,Modelo estadístico,1.7127019491642659,0.00031335264014617476
2026-12,JOYLONG,MICROBUS,SIN DEFINIR,A6,Estimado,Modelo estadístico,2.25199538353952,0.00041202072513168205
2026-12,KAIYI,AUTOMOVILES,HB,E-QUTE 04,Estimado,Modelo estadístico,0.018219707835439067,3.3334425500669572e-06
2026-12,KAIYI,SUV,SIN DEFINIR,FX12,Estimado,Modelo estadístico,0.018219707835439067,3.3334425500669572e-06
2026-12,KAIYI,SUV,SIN DEFINIR,X3,Estimado,Modelo estadístico,18.94613347329853,0.0034663479815135703
2026-12,KAIYI,SUV,SIN DEFINIR,X3 PRO EV,Estimado,Modelo estadístico,0.018219707835439067,3.3334425500669572e-06
2026-12,KAIYI,SUV,SIN DEFINIR,X7,Estimado,Modelo estadístico,14.868353698209539,0.0027202852710213445
2026-12,KALMAR,CAMIONES,SIN DEFINIR,OTTAWA T2,Estimado,Modelo estadístico,0.22097995308479745,4.043006534341127e-05
2026-12,KARRY,CAMIONES,[2] LIVIANO [LD],YORY,Estimado,Modelo estadístico,0.08620162249195212,1.5771282333109784e-05
2026-12,KARRY,MICROBUS,SIN DEFINIR,Q22L,Estimado,Modelo estadístico,1.9512421710972294,0.00035699549835639774
2026-12,KARRY,MICROBUS,SIN DEFINIR,YOYO,Estimado,Modelo estadístico,0.08620162249195212,1.5771282333109784e-05
2026-12,KARRY,PANEL,SIN DEFINIR,COWFISH,Estimado,Modelo estadístico,0.46379582867124197,8.485518888667873e-05
2026-12,KARRY,PANEL,SIN DEFINIR,DOLPHIN,Estimado,Modelo estadístico,0.32769847850408984,5.995508060304804e-05
2026-12,KARRY,PANEL,SIN DEFINIR,EV6,Estimado,Modelo estadístico,0.08737047479428964,1.5985133292441683e-05
2026-12,KARRY,PANEL,SIN DEFINIR,YOYO,Estimado,Modelo estadístico,0.8226883980131313,0.00015051748009093722
2026-12,KAVRED,MICROBUS,SIN DEFINIR,KA14,Estimado,Modelo estadístico,0.04962625137663908,9.079523087490887e-06
2026-12,KAZOKU,PANEL,SIN DEFINIR,H10,Estimado,Modelo estadístico,0.02263319600020145,4.140925819036803e-06
2026-12,KENWORTH,CAMIONES,SIN DEFINIR,T460,Estimado,Modelo estadístico,0.05322195427224324,9.737385943353582e-06
2026-12,KENWORTH,CAMIONES,SIN DEFINIR,T480,Estimado,Modelo estadístico,0.05322195427224324,9.737385943353582e-06
2026-12,KENWORTH,CAMIONES,SIN DEFINIR,T680,Estimado,Modelo estadístico,0.05322195427224324,9.737385943353582e-06
2026-12,KENWORTH,CAMIONES,SIN DEFINIR,T800 - T880,Estimado,Modelo estadístico,0.8284993053398158,0.00015158063247033973
2026-12,KGE,BUS,SIN DEFINIR,URBANO,Estimado,Modelo estadístico,0.3473837596364736,6.355666161243622e-05
2026-12,KIA,AUTOMOVILES,HB,K3 HB,Estimado,Modelo estadístico,10.853233381272956,0.001985686613951705
2026-12,KIA,AUTOMOVILES,HB,PICANTO HB,Estimado,Modelo estadístico,11.241644986536059,0.0020567496509453845
2026-12,KIA,AUTOMOVILES,SD,K3 SD,Estimado,Modelo estadístico,3.1748588041434878,0.000580866033845024
2026-12,KIA,AUTOMOVILES,SD,RIO,Estimado,Modelo estadístico,0.37686539786350154,6.895056519197116e-05
2026-12,KIA,AUTOMOVILES,SD,SOLUTO,Estimado,Modelo estadístico,26.049547507629946,0.004765974891376832
2026-12,KIA,CAMIONES,SIN DEFINIR,K2500,Estimado,Modelo estadístico,38.947366754695096,0.007125734985751773
2026-12,KIA,PASAJEROS,SIN DEFINIR,CARENS,Estimado,Modelo estadístico,0.01553851085392149,2.8428959296696057e-06
2026-12,KIA,PASAJEROS,SIN DEFINIR,CARNIVAL,Estimado,Modelo estadístico,1.2700843871184662,0.00023237218601065353
2026-12,KIA,PASAJEROS,SIN DEFINIR,PV5,Estimado,Modelo estadístico,0.09865824199122034,1.8050321373905344e-05
2026-12,KIA,PICK-UP,MEDIUM,TASMAN,Estimado,Modelo estadístico,3.0132648065436305,0.0005513011081996727
2026-12,KIA,SUV,LARGE,EV9,Estimado,Modelo estadístico,0.2975406934003501,5.443747049708122e-05
2026-12,KIA,SUV,MEDIUM,TELLURIDE,Estimado,Modelo estadístico,0.01553851085392149,2.8428959296696057e-06
2026-12,KIA,SUV,SIN DEFINIR,EV3,Estimado,Modelo estadístico,1.786676490774686,0.000326886879380584
2026-12,KIA,SUV,SIN DEFINIR,EV5,Estimado,Modelo estadístico,9.168599324769154,0.0016774692212271772
2026-12,KIA,SUV,SIN DEFINIR,EV6,Estimado,Modelo estadístico,0.5973766288150134,0.00010929487403931978
2026-12,KIA,SUV,SIN DEFINIR,NIRO,Estimado,Modelo estadístico,0.08780388825583751,1.6064429782129916e-05
2026-12,KIA,SUV,SIN DEFINIR,SELTOS,Estimado,Modelo estadístico,31.00043562672056,0.005671779817880468
2026-12,KIA,SUV,SIN DEFINIR,SONET,Estimado,Modelo estadístico,11.787935490653256,0.0021566979062944474
2026-12,KIA,SUV,SIN DEFINIR,SOUL,Estimado,Modelo estadístico,0.01553851085392149,2.8428959296696057e-06
2026-12,KIA,SUV,SIN DEFINIR,SPORTAGE,Estimado,Modelo estadístico,11.994898757733548,0.002194563505842888
2026-12,KIA,SUV,SMALL,SORENTO,Estimado,Modelo estadístico,6.621055333686808,0.0012113754937787401
2026-12,KING LONG,BUS,SIN DEFINIR,XMQ,Estimado,Modelo estadístico,0.8129043166294871,0.00014872740346116167
2026-12,KING LONG,MICROBUS,SIN DEFINIR,XMQ,Estimado,Modelo estadístico,9.535544829539406,0.0017446048619413346
2026-12,KING LONG,PANEL,SIN DEFINIR,XMQ,Estimado,Modelo estadístico,0.06357214319297677,1.1631036514549655e-05
2026-12,LAMBORGHINI,SUV,LARGE,URUS,Estimado,Modelo estadístico,0.007072873750062953,1.2940393184490009e-06
2026-12,LAND ROVER,SUV,LARGE,DEFENDER,Estimado,Modelo estadístico,5.356856944564941,0.0009800801985914021
2026-12,LAND ROVER,SUV,LARGE,DISCOVERY,Estimado,Modelo estadístico,2.170852143850552,0.00039717491474479063
2026-12,LAND ROVER,SUV,LARGE,RANGE ROVER,Estimado,Modelo estadístico,1.2272327705846262,0.00022453213702725486
2026-12,LAND ROVER,SUV,LARGE,RANGE ROVER SPORT,Estimado,Modelo estadístico,6.751330984543012,0.0012352104752023747
2026-12,LAND ROVER,SUV,LARGE,RANGE ROVER VOGUE,Estimado,Modelo estadístico,0.014170607332868446,2.592626943874162e-06
2026-12,LAND ROVER,SUV,SIN DEFINIR,DISCOVERY SPORT,Estimado,Modelo estadístico,0.5127620622346281,9.38139563900312e-05
2026-12,LAND ROVER,SUV,SIN DEFINIR,EVOQUE,Estimado,Modelo estadístico,0.9209975513751558,0.00016850393288358887
2026-12,LAND ROVER,SUV,SIN DEFINIR,RANGE ROVER VELAR,Estimado,Modelo estadístico,0.06028031839759305,1.1028770608893703e-05
2026-12,LEAPMOTOR,AUTOMOVILES,HB,T03,Estimado,Modelo estadístico,0.1943728141924937,3.556207460940895e-05
2026-12,LEAPMOTOR,SUV,SIN DEFINIR,B10,Estimado,Modelo estadístico,1.367012039947844,0.0002501058821345343
2026-12,LEAPMOTOR,SUV,SIN DEFINIR,C10,Estimado,Modelo estadístico,2.065372613332316,0.000377876583598851
2026-12,LEAPMOTOR,SUV,SIN DEFINIR,C11,Estimado,Modelo estadístico,0.019993274155598886,3.657930817957118e-06
2026-12,LEAPMOTOR,SUV,SMALL,C16,Estimado,Modelo estadístico,0.4189461429276089,7.664957702038092e-05
2026-12,LEXUS,AUTOMOVILES,SD,IS350,Estimado,Modelo estadístico,0.014426714001055529,2.639483725157457e-06
2026-12,LEXUS,AUTOMOVILES,SD,LC500,Estimado,Modelo estadístico,0.08365191586492307,1.530479293396616e-05
2026-12,LEXUS,SUV,LARGE,GX,Estimado,Modelo estadístico,3.0662601622369867,0.0005609970361047596
2026-12,LEXUS,SUV,LARGE,LX 700H,Estimado,Modelo estadístico,1.2051433180367528,0.00022049069345989197
2026-12,LEXUS,SUV,LARGE,LX DSL,Estimado,Modelo estadístico,0.8159404626405037,0.00014928289087033148
2026-12,LEXUS,SUV,SIN DEFINIR,LBX,Estimado,Modelo estadístico,5.151405468788804,0.0009424911934596015
2026-12,LEXUS,SUV,SIN DEFINIR,NX HEV,Estimado,Modelo estadístico,4.95174738429286,0.0009059621360051737
2026-12,LEXUS,SUV,SIN DEFINIR,RX HEV,Estimado,Modelo estadístico,2.2085159359849835,0.00040406580939753495
2026-12,LEXUS,SUV,SIN DEFINIR,RX350,Estimado,Modelo estadístico,0.014426714001055529,2.639483725157457e-06
2026-12,LEXUS,SUV,SIN DEFINIR,RZ,Estimado,Modelo estadístico,0.190817853365718,3.4911665843756553e-05
2026-12,LEXUS,SUV,SIN DEFINIR,UX HEV,Estimado,Modelo estadístico,0.6971410525740683,0.00012754758029262674
2026-12,LEXUS,SUV,SIN DEFINIR,UX300E,Estimado,Modelo estadístico,0.014426714001055529,2.639483725157457e-06
2026-12,LI,SUV,MEDIUM,L6,Estimado,Modelo estadístico,0.1985050055065563,3.6318092349963546e-05
2026-12,LINCOLN,SUV,LARGE,NAVIGATOR,Estimado,Modelo estadístico,0.008271041896106513,1.513253847915148e-06
2026-12,LINCOLN,SUV,SIN DEFINIR,AVIATOR,Estimado,Modelo estadístico,0.04135520948053256,7.566269239575738e-06
2026-12,LINXYS,PANEL,SIN DEFINIR,G105,Estimado,Modelo estadístico,0.10071677158378234,1.842694597164291e-05
2026-12,LINXYS,PASAJEROS,SIN DEFINIR,G200,Estimado,Modelo estadístico,0.032485525169798,5.943488931894071e-06
2026-12,LOTUS,AUTOMOVILES,SD,ELISE,Estimado,Modelo estadístico,0.04316785164185736,7.897906747881579e-06
2026-12,LOTUS,AUTOMOVILES,SD,EMIRA,Estimado,Modelo estadístico,0.017774997734882444,3.2520792491277095e-06
2026-12,LUCID,AUTOMOVILES,SD,AIR,Estimado,Modelo estadístico,0.04962625137663908,9.079523087490887e-06
2026-12,LYNK & CO,AUTOMOVILES,SD,03,Estimado,Modelo estadístico,1.460490206653638,0.00026720846694071033
2026-12,LYNK & CO,SUV,LARGE,09,Estimado,Modelo estadístico,2.627837832203807,0.0004807841335142237
2026-12,LYNK & CO,SUV,SIN DEFINIR,01,Estimado,Modelo estadístico,2.2417495291978353,0.0004101461634135228
2026-12,LYNK & CO,SUV,SIN DEFINIR,02,Estimado,Modelo estadístico,0.024398773111267324,4.463952396664108e-06
2026-12,LYNK & CO,SUV,SIN DEFINIR,05,Estimado,Modelo estadístico,2.1458040979338633,0.00039259217264986455
2026-12,LYNK & CO,SUV,SIN DEFINIR,06,Estimado,Modelo estadístico,3.6061778703012033,0.0006597793369984731
2026-12,LYNK & CO,SUV,SIN DEFINIR,08,Estimado,Modelo estadístico,0.06510634721365956,1.191173151851016e-05
2026-12,M.G.,AUTOMOVILES,HB,MG 3 HB,Estimado,Modelo estadístico,0.1587492773175358,2.9044461117721357e-05
2026-12,M.G.,AUTOMOVILES,HB,MG 4,Estimado,Modelo estadístico,3.426329811293969,0.0006268746835398946
2026-12,M.G.,AUTOMOVILES,SD,MG 5,Estimado,Modelo estadístico,0.01012566602845547,1.852572296541854e-06
2026-12,M.G.,SUV,SIN DEFINIR,HS,Estimado,Modelo estadístico,0.19089891937289136,3.492649752383158e-05
2026-12,M.G.,SUV,SIN DEFINIR,MARVEL R,Estimado,Modelo estadístico,1.391047878323306,0.0002545034326930264
2026-12,M.G.,SUV,SIN DEFINIR,ONE,Estimado,Modelo estadístico,5.222884160247754,0.0009555687967715995
2026-12,M.G.,SUV,SIN DEFINIR,RX,Estimado,Modelo estadístico,4.255853408051901,0.0007786427183894413
2026-12,M.G.,SUV,SIN DEFINIR,ZS,Estimado,Modelo estadístico,1.460673393433069,0.0002672419824400081
2026-12,M.G.,SUV,SIN DEFINIR,ZS EV,Estimado,Modelo estadístico,0.9118563720580728,0.00016683148037399998
2026-12,MACK,CAMIONES,SIN DEFINIR,AN64TX,Estimado,Modelo estadístico,0.5674772498473116,0.00010382454142083231
2026-12,MACK,CAMIONES,SIN DEFINIR,GR64BX,Estimado,Modelo estadístico,0.009450033758666718,1.7289599215985282e-06
2026-12,MACK,CAMIONES,SIN DEFINIR,GR84BX,Estimado,Modelo estadístico,0.17519936866774882,3.205413805406763e-05
2026-12,MACK,CAMIONES,SIN DEFINIR,RD688,Estimado,Modelo estadístico,0.009450033758666718,1.7289599215985282e-06
2026-12,MACLAREN,AUTOMOVILES,SD,750S,Estimado,Modelo estadístico,0.04962625137663908,9.079523087490887e-06
2026-12,MAHINDRA,PICK-UP,MEDIUM,PIK UP,Estimado,Modelo estadístico,3.47602185059463,0.0006359662430588803
2026-12,MAHINDRA,SUV,SIN DEFINIR,XUV300,Estimado,Modelo estadístico,7.024357665171088,0.0012851629092770255
2026-12,MASERATI,AUTOMOVILES,SD,MC20,Estimado,Modelo estadístico,0.008562398096343304,1.5665598154897777e-06
2026-12,MASERATI,SUV,SIN DEFINIR,GRECALE,Estimado,Modelo estadístico,0.01617341862642624,2.959057429258469e-06
2026-12,MASERATI,SUV,SIN DEFINIR,LEVANTE,Estimado,Modelo estadístico,0.019978928891467705,3.655306236142814e-06
2026-12,MASERATI,SUV,SIN DEFINIR,LEVANTE HEV,Estimado,Modelo estadístico,0.008562398096343304,1.5665598154897777e-06
2026-12,MAXUS,CAMIONES,SIN DEFINIR,C100-28D5,Estimado,Modelo estadístico,0.01416799352132935,2.59214872596414e-06
2026-12,MAXUS,CAMIONES,SIN DEFINIR,H500,Estimado,Modelo estadístico,0.01416799352132935,2.59214872596414e-06
2026-12,MAXUS,CAMIONES,SIN DEFINIR,TRACTOR,Estimado,Modelo estadístico,0.01416799352132935,2.59214872596414e-06
2026-12,MAXUS,MICROBUS,SIN DEFINIR,DELIVERY 9,Estimado,Modelo estadístico,6.934506020926601,0.0012687238260149182
2026-12,MAXUS,MICROBUS,SIN DEFINIR,EV70,Estimado,Modelo estadístico,0.01416799352132935,2.59214872596414e-06
2026-12,MAXUS,MICROBUS,SIN DEFINIR,V80,Estimado,Modelo estadístico,1.1396101219758135,0.00020850086650083904
2026-12,MAXUS,MICROBUS,SIN DEFINIR,V90,Estimado,Modelo estadístico,1.8566525578387671,0.00033968956543595707
2026-12,MAXUS,PANEL,SIN DEFINIR,DANA V1,Estimado,Modelo estadístico,0.01416799352132935,2.59214872596414e-06
2026-12,MAXUS,PANEL,SIN DEFINIR,DELIVERY 9,Estimado,Modelo estadístico,1.003118774959446,0.0001835286733147703
2026-12,MAXUS,PANEL,SIN DEFINIR,EV30,Estimado,Modelo estadístico,0.0777695838589587,1.4228572833215581e-05
2026-12,MAXUS,PANEL,SIN DEFINIR,EV90,Estimado,Modelo estadístico,0.01416799352132935,2.59214872596414e-06
2026-12,MAXUS,PANEL,SIN DEFINIR,G 10,Estimado,Modelo estadístico,0.42242826355680135,7.728665908419089e-05
2026-12,MAXUS,PANEL,SIN DEFINIR,V90,Estimado,Modelo estadístico,1.6238730946970235,0.0002971006845259613
2026-12,MAXUS,PASAJEROS,SIN DEFINIR,EUNIQ 5,Estimado,Modelo estadístico,0.01416799352132935,2.59214872596414e-06
2026-12,MAXUS,PASAJEROS,SIN DEFINIR,G 10,Estimado,Modelo estadístico,0.19114141654080513,3.497086433723471e-05
2026-12,MAXUS,PICK-UP,MEDIUM,INTERSTELLAR,Estimado,Modelo estadístico,0.01416799352132935,2.59214872596414e-06
2026-12,MAXUS,PICK-UP,MEDIUM,T60,Estimado,Modelo estadístico,4.507091944506276,0.0008246088356948224
2026-12,MAXUS,PICK-UP,MEDIUM,T90,Estimado,Modelo estadístico,0.8775729688059382,0.00016055905514117156
2026-12,MAXUS,SUV,SIN DEFINIR,D60,Estimado,Modelo estadístico,1.160426855243961,0.0002123094558073297
2026-12,MAXUS,SUV,SIN DEFINIR,D90,Estimado,Modelo estadístico,1.671036375022805,0.0003057295871877754
2026-12,MAXUS,SUV,SIN DEFINIR,EUNIQ6,Estimado,Modelo estadístico,0.0777695838589587,1.4228572833215581e-05
2026-12,MAZDA,AUTOMOVILES,SD,MAZDA 3,Estimado,Modelo estadístico,0.6234718823240507,0.00011406921121242257
2026-12,MAZDA,AUTOMOVILES,SD,MX5,Estimado,Modelo estadístico,0.6554442994268989,0.0001199188228835723
2026-12,MAZDA,PICK-UP,MEDIUM,BT50,Estimado,Modelo estadístico,1.250038916382016,0.00022870470540709343
2026-12,MAZDA,SUV,MEDIUM,CX-9,Estimado,Modelo estadístico,0.2503531924218327,4.580413647143022e-05
2026-12,MAZDA,SUV,MEDIUM,CX-90,Estimado,Modelo estadístico,1.7874923712161062,0.00032703615129008783
2026-12,MAZDA,SUV,SIN DEFINIR,CX-30,Estimado,Modelo estadístico,17.408796321138002,0.003185079745870253
2026-12,MAZDA,SUV,SIN DEFINIR,CX-30 BEV,Estimado,Modelo estadístico,0.015226084230463195,2.7857349581646787e-06
2026-12,MAZDA,SUV,SIN DEFINIR,CX-5,Estimado,Modelo estadístico,35.00723416234579,0.006404855937916794
2026-12,MAZDA,SUV,SIN DEFINIR,CX-60,Estimado,Modelo estadístico,4.7043192404038825,0.0008606931607629189
2026-12,MAZDA,SUV,SIN DEFINIR,EZ-60,Estimado,Modelo estadístico,0.6063072008238665,0.00011092879424263079
2026-12,MERCEDES BENZ,AUTOMOVILES,HB,A200,Estimado,Modelo estadístico,0.012762675300797699,2.3350344190270827e-06
2026-12,MERCEDES BENZ,AUTOMOVILES,HB,A45,Estimado,Modelo estadístico,0.012762675300797699,2.3350344190270827e-06
2026-12,MERCEDES BENZ,AUTOMOVILES,SD,A35,Estimado,Modelo estadístico,0.012762675300797699,2.3350344190270827e-06
2026-12,MERCEDES BENZ,AUTOMOVILES,SD,C200,Estimado,Modelo estadístico,0.2578552234299121,4.717669357279117e-05
2026-12,MERCEDES BENZ,AUTOMOVILES,SD,C43,Estimado,Modelo estadístico,0.012762675300797699,2.3350344190270827e-06
2026-12,MERCEDES BENZ,AUTOMOVILES,SD,C63,Estimado,Modelo estadístico,0.012762675300797699,2.3350344190270827e-06
2026-12,MERCEDES BENZ,AUTOMOVILES,SD,CLA200,Estimado,Modelo estadístico,0.012762675300797699,2.3350344190270827e-06
2026-12,MERCEDES BENZ,AUTOMOVILES,SD,CLE 200,Estimado,Modelo estadístico,0.10034073234436297,1.8358146558803965e-05
2026-12,MERCEDES BENZ,AUTOMOVILES,SD,CLE 53,Estimado,Modelo estadístico,0.3042845294951101,5.5671309721726974e-05
2026-12,MERCEDES BENZ,AUTOMOVILES,SD,CLS 53 AMG,Estimado,Modelo estadístico,0.012762675300797699,2.3350344190270827e-06
2026-12,MERCEDES BENZ,AUTOMOVILES,SD,E200,Estimado,Modelo estadístico,0.09565531284047875,1.7500911257325547e-05
2026-12,MERCEDES BENZ,AUTOMOVILES,SD,E300,Estimado,Modelo estadístico,0.012762675300797699,2.3350344190270827e-06
2026-12,MERCEDES BENZ,AUTOMOVILES,SD,E63,Estimado,Modelo estadístico,0.012762675300797699,2.3350344190270827e-06
2026-12,MERCEDES BENZ,AUTOMOVILES,SD,EQE,Estimado,Modelo estadístico,0.03418464608843237,6.254356812929342e-06
2026-12,MERCEDES BENZ,AUTOMOVILES,SD,EQS,Estimado,Modelo estadístico,0.012762675300797699,2.3350344190270827e-06
2026-12,MERCEDES BENZ,AUTOMOVILES,SD,GT AMG,Estimado,Modelo estadístico,0.012762675300797699,2.3350344190270827e-06
2026-12,MERCEDES BENZ,AUTOMOVILES,SD,S450,Estimado,Modelo estadístico,0.012762675300797699,2.3350344190270827e-06
2026-12,MERCEDES BENZ,AUTOMOVILES,SD,S580,Estimado,Modelo estadístico,0.09565531284047875,1.7500911257325547e-05
2026-12,MERCEDES BENZ,AUTOMOVILES,SD,SL43,Estimado,Modelo estadístico,0.012762675300797699,2.3350344190270827e-06
2026-12,MERCEDES BENZ,AUTOMOVILES,SD,SLC,Estimado,Modelo estadístico,0.012762675300797699,2.3350344190270827e-06
2026-12,MERCEDES BENZ,BUS,SIN DEFINIR,TORINO OF-1724/59,Estimado,Modelo estadístico,0.758796413157927,0.00013882792596371323
2026-12,MERCEDES BENZ,CAMIONES,SIN DEFINIR,ACTROS,Estimado,Modelo estadístico,0.26801618131675164,4.903572279956873e-05
2026-12,MERCEDES BENZ,CAMIONES,SIN DEFINIR,AROCS,Estimado,Modelo estadístico,0.012762675300797699,2.3350344190270827e-06
2026-12,MERCEDES BENZ,CAMIONES,SIN DEFINIR,ATEGO,Estimado,Modelo estadístico,0.3257065002827448,5.959063211562923e-05
2026-12,MERCEDES BENZ,MICROBUS,SIN DEFINIR,SPRINTER,Estimado,Modelo estadístico,0.38548197643788906,7.0527037763062e-05
2026-12,MERCEDES BENZ,MICROBUS,SIN DEFINIR,VITO,Estimado,Modelo estadístico,0.012762675300797699,2.3350344190270827e-06
2026-12,MERCEDES BENZ,PANEL,SIN DEFINIR,SPRINTER,Estimado,Modelo estadístico,0.5354357719513317,9.796229452037781e-05
2026-12,MERCEDES BENZ,PANEL,SIN DEFINIR,VITO,Estimado,Modelo estadístico,0.012762675300797699,2.3350344190270827e-06
2026-12,MERCEDES BENZ,PASAJEROS,SIN DEFINIR,V300,Estimado,Modelo estadístico,0.05749679076909364,1.0519501770999449e-05
2026-12,MERCEDES BENZ,SUV,LARGE,EQS,Estimado,Modelo estadístico,0.05749679076909364,1.0519501770999449e-05
2026-12,MERCEDES BENZ,SUV,LARGE,G450,Estimado,Modelo estadístico,0.5976965575824492,0.00010935340758859473
2026-12,MERCEDES BENZ,SUV,LARGE,G500,Estimado,Modelo estadístico,0.03418464608843237,6.254356812929342e-06
2026-12,MERCEDES BENZ,SUV,LARGE,G580,Estimado,Modelo estadístico,0.5578428449141619,0.00010206184930530517
2026-12,MERCEDES BENZ,SUV,LARGE,G63,Estimado,Modelo estadístico,0.24281386274306374,4.4424755277330776e-05
2026-12,MERCEDES BENZ,SUV,LARGE,GLS400,Estimado,Modelo estadístico,0.34433322545952183,6.299854177222093e-05
2026-12,MERCEDES BENZ,SUV,LARGE,GLS450,Estimado,Modelo estadístico,0.03418464608843237,6.254356812929342e-06
2026-12,MERCEDES BENZ,SUV,LARGE,GLS600,Estimado,Modelo estadístico,0.012762675300797699,2.3350344190270827e-06
2026-12,MERCEDES BENZ,SUV,SIN DEFINIR,EQA,Estimado,Modelo estadístico,0.7860038584634013,0.000143805747599441
2026-12,MERCEDES BENZ,SUV,SIN DEFINIR,EQB,Estimado,Modelo estadístico,0.549572060920349,0.00010054864264269547
2026-12,MERCEDES BENZ,SUV,SIN DEFINIR,EQE,Estimado,Modelo estadístico,0.5196843228427769,9.508043981897909e-05
2026-12,MERCEDES BENZ,SUV,SIN DEFINIR,GLA200,Estimado,Modelo estadístico,1.4675767006615024,0.000268504998195216
2026-12,MERCEDES BENZ,SUV,SIN DEFINIR,GLB200,Estimado,Modelo estadístico,0.13849925441574806,2.5339556045130058e-05
2026-12,MERCEDES BENZ,SUV,SIN DEFINIR,GLB35,Estimado,Modelo estadístico,0.09565531284047875,1.7500911257325547e-05
2026-12,MERCEDES BENZ,SUV,SIN DEFINIR,GLC200,Estimado,Modelo estadístico,6.623016535746561,0.0012117343115190852
2026-12,MERCEDES BENZ,SUV,SIN DEFINIR,GLC300,Estimado,Modelo estadístico,0.012762675300797699,2.3350344190270827e-06
2026-12,MERCEDES BENZ,SUV,SIN DEFINIR,GLC43,Estimado,Modelo estadístico,0.3471284710703794,6.350995450953149e-05
2026-12,MERCEDES BENZ,SUV,SIN DEFINIR,GLE300,Estimado,Modelo estadístico,2.8974983435834036,0.0005301206997656934
2026-12,MERCEDES BENZ,SUV,SIN DEFINIR,GLE350,Estimado,Modelo estadístico,0.03418464608843237,6.254356812929342e-06
2026-12,MERCEDES BENZ,SUV,SIN DEFINIR,GLE400,Estimado,Modelo estadístico,0.10223090623738959,1.8703969122971814e-05
2026-12,MERCEDES BENZ,SUV,SIN DEFINIR,GLE43,Estimado,Modelo estadístico,0.05749679076909364,1.0519501770999449e-05
2026-12,MERCEDES BENZ,SUV,SIN DEFINIR,GLE450,Estimado,Modelo estadístico,1.8869202911599163,0.00034522729145539116
2026-12,MERCEDES BENZ,SUV,SIN DEFINIR,GLE53,Estimado,Modelo estadístico,0.45801867279460606,8.37982116073785e-05
2026-12,MINI,AUTOMOVILES,HB,COOPER,Estimado,Modelo estadístico,0.9392097916849919,0.00017183600918959673
2026-12,MINI,AUTOMOVILES,HB,COOPER BEV,Estimado,Modelo estadístico,0.6671169358586233,0.00012205442589677146
2026-12,MINI,AUTOMOVILES,HB,JOHN COOPER WORKS,Estimado,Modelo estadístico,0.4419374776397715,8.085602720633185e-05
2026-12,MINI,SUV,SIN DEFINIR,ACEMAN,Estimado,Modelo estadístico,3.212180330639344,0.0005876943082376984
2026-12,MINI,SUV,SIN DEFINIR,COUNTRYMAN,Estimado,Modelo estadístico,1.1667835329905378,0.00021347246128847617
2026-12,MITSUBISHI,AUTOMOVILES,HB,MIRAGE HB,Estimado,Modelo estadístico,0.016042689126260223,2.935139412441824e-06
2026-12,MITSUBISHI,AUTOMOVILES,SD,MIRAGE,Estimado,Modelo estadístico,0.2026597759347293,3.7078241121619083e-05
2026-12,MITSUBISHI,BUSETAS,SIN DEFINIR,ROSA,Estimado,Modelo estadístico,1.6217241829415328,0.000296707523782288
2026-12,MITSUBISHI,PASAJEROS,SIN DEFINIR,XPANDER,Estimado,Modelo estadístico,4.556414941351379,0.0008336328759190284
2026-12,MITSUBISHI,PICK-UP,MEDIUM,L200,Estimado,Modelo estadístico,80.10971655950263,0.014656718991609138
2026-12,MITSUBISHI,SUV,SIN DEFINIR,ASX,Estimado,Modelo estadístico,19.984070977632452,0.0036562470222944086
2026-12,MITSUBISHI,SUV,SIN DEFINIR,DESTINATOR,Estimado,Modelo estadístico,28.205525843482896,0.00516042852294252
2026-12,MITSUBISHI,SUV,SIN DEFINIR,ECLIPSE CROSS,Estimado,Modelo estadístico,67.72887095784552,0.012391543396746005
2026-12,MITSUBISHI,SUV,SIN DEFINIR,OUTLANDER,Estimado,Modelo estadístico,25.217083018935725,0.004613668796619622
2026-12,MITSUBISHI,SUV,SIN DEFINIR,OUTLANDER SPORT,Estimado,Modelo estadístico,88.34601819113348,0.01616361682784453
2026-12,MITSUBISHI,SUV,SIN DEFINIR,XFORCE,Estimado,Modelo estadístico,0.016042689126260223,2.935139412441824e-06
2026-12,MITSUBISHI,SUV,SMALL,MONTERO SPORT,Estimado,Modelo estadístico,79.68625990254436,0.014579244179654791
2026-12,MUDAN,BUSETAS,SIN DEFINIR,MD6773,Estimado,Modelo estadístico,1.491539292693534,0.00027288914774420604
2026-12,NETA,SUV,SIN DEFINIR,AYA (PREVIOUS V),Estimado,Modelo estadístico,0.8982679219251738,0.00016434536378686333
2026-12,NETA,SUV,SIN DEFINIR,U,Estimado,Modelo estadístico,0.24515374336121284,4.485285531521633e-05
2026-12,NETA,SUV,SIN DEFINIR,X,Estimado,Modelo estadístico,0.18608476328130838,3.404570882495177e-05
2026-12,NIO,AUTOMOVILES,HB,FIREFLY,Estimado,Modelo estadístico,6.376231938561172,0.0011665830783385623
2026-12,NIO,AUTOMOVILES,SD,ET5T,Estimado,Modelo estadístico,0.45187781556754364,8.267469223157602e-05
2026-12,NIO,SUV,LARGE,L90,Estimado,Modelo estadístico,0.17229712913846576,3.152314991612501e-05
2026-12,NIO,SUV,MEDIUM,L60,Estimado,Modelo estadístico,2.2202220111609545,0.00040620753029878693
2026-12,NIO,SUV,SIN DEFINIR,EC6,Estimado,Modelo estadístico,0.026016780422573698,4.75997988879201e-06
2026-12,NIO,SUV,SIN DEFINIR,ES6,Estimado,Modelo estadístico,1.3035998858574833,0.000238504116917144
2026-12,NIO,SUV,SIN DEFINIR,ES8,Estimado,Modelo estadístico,0.23894729799505865,4.371733606018401e-05
2026-12,NIO,SUV,SMALL,EL6,Estimado,Modelo estadístico,0.2454373034964118,4.4904734929791505e-05
2026-12,NISSAN,AUTOMOVILES,HB,LEAF EV,Estimado,Modelo estadístico,0.0734313712472029,1.3434861834011988e-05
2026-12,NISSAN,AUTOMOVILES,HB,MARCH,Estimado,Modelo estadístico,0.42997730584516797,7.866781727858022e-05
2026-12,NISSAN,AUTOMOVILES,SD,GT-R,Estimado,Modelo estadístico,0.014007048814208715,2.562702593250615e-06
2026-12,NISSAN,AUTOMOVILES,SD,N7,Estimado,Modelo estadístico,0.09465321452330165,1.731756928499539e-05
2026-12,NISSAN,AUTOMOVILES,SD,SENTRA,Estimado,Modelo estadístico,1.416460033349592,0.0002591527914872849
2026-12,NISSAN,AUTOMOVILES,SD,VERSA,Estimado,Modelo estadístico,4.35995853909165,0.0007976895920617619
2026-12,NISSAN,MICROBUS,SIN DEFINIR,URVAN,Estimado,Modelo estadístico,6.103342644006865,0.001116655780154576
2026-12,NISSAN,PANEL,SIN DEFINIR,URVAN,Estimado,Modelo estadístico,0.09465321452330165,1.731756928499539e-05
2026-12,NISSAN,PICK-UP,MEDIUM,FRONTIER,Estimado,Modelo estadístico,128.7820636877327,0.02356171760049388
2026-12,NISSAN,PICK-UP,MEDIUM,FRONTIER PHEV,Estimado,Modelo estadístico,0.09465321452330165,1.731756928499539e-05
2026-12,NISSAN,SUV,LARGE,ARMADA,Estimado,Modelo estadístico,0.09465321452330165,1.731756928499539e-05
2026-12,NISSAN,SUV,LARGE,PATROL,Estimado,Modelo estadístico,0.014007048814208715,2.562702593250615e-06
2026-12,NISSAN,SUV,MEDIUM,PATHFINDER,Estimado,Modelo estadístico,4.727830661613679,0.0008649947649698117
2026-12,NISSAN,SUV,SIN DEFINIR,ARIYA,Estimado,Modelo estadístico,0.0734313712472029,1.3434861834011988e-05
2026-12,NISSAN,SUV,SIN DEFINIR,KAIT,Estimado,Modelo estadístico,17.110994179141912,0.0031305944412431427
2026-12,NISSAN,SUV,SIN DEFINIR,KICKS,Estimado,Modelo estadístico,88.8865000108862,0.016262502337523063
2026-12,NISSAN,SUV,SIN DEFINIR,MAGNITE,Estimado,Modelo estadístico,54.659256035572085,0.010000351897497334
2026-12,NISSAN,SUV,SIN DEFINIR,QASHQAI,Estimado,Modelo estadístico,31.38562513730463,0.0057422533466558795
2026-12,NISSAN,SUV,SIN DEFINIR,QASHQAI E-POWER,Estimado,Modelo estadístico,5.094715488487064,0.0009321193041731714
2026-12,NISSAN,SUV,SIN DEFINIR,X-TRAIL,Estimado,Modelo estadístico,35.7204272392152,0.006535340365566364
2026-12,NISSAN,SUV,SIN DEFINIR,X-TRAIL E-POWER,Estimado,Modelo estadístico,55.757801220234605,0.01020133960239359
2026-12,NISSAN,SUV,SMALL,TERRA,Estimado,Modelo estadístico,0.05702265125301597,1.0432754121046072e-05
2026-12,OMODA,AUTOMOVILES,SD,O5,Estimado,Modelo estadístico,0.08061929684314215,1.4749950815933735e-05
2026-12,OMODA,SUV,SIN DEFINIR,C5,Estimado,Modelo estadístico,24.07683790634442,0.004405051753462402
2026-12,OMODA,SUV,SIN DEFINIR,C7,Estimado,Modelo estadístico,2.455731921628624,0.0004492959685770548
2026-12,OMODA,SUV,SIN DEFINIR,E5,Estimado,Modelo estadístico,0.7882406442827964,0.00014421498561209756
2026-12,ONVO,SUV,SIN DEFINIR,L60,Estimado,Modelo estadístico,7.55254181103127,0.00138179846029593
2026-12,OSHKOSH,CAMIONES,[3] MEDIANO [MD],STRIKER 4X4,Estimado,Modelo estadístico,0.09925250275327815,1.8159046174981773e-05
2026-12,OSHKOSH,CAMIONES,[4] PESADO [HD],STRIKER 6X6,Estimado,Modelo estadístico,0.09925250275327815,1.8159046174981773e-05
2026-12,PEUGEOT,PANEL,SIN DEFINIR,EXPERT,Estimado,Modelo estadístico,0.05808937723139931,1.0627920245427514e-05
2026-12,PEUGEOT,PANEL,SIN DEFINIR,PARTNER,Estimado,Modelo estadístico,0.015563155660089105,2.8474048957989906e-06
2026-12,PEUGEOT,PASAJEROS,SIN DEFINIR,RIFTER,Estimado,Modelo estadístico,1.9918036094545293,0.0003644165407646161
2026-12,PEUGEOT,PICK-UP,MEDIUM,LANDTREK,Estimado,Modelo estadístico,5.056383235070127,0.0009251061091354647
2026-12,PEUGEOT,SUV,SIN DEFINIR,2008,Estimado,Modelo estadístico,2.960125817221258,0.0005415789013632817
2026-12,PEUGEOT,SUV,SIN DEFINIR,2008 BEV,Estimado,Modelo estadístico,5.272777369756975,0.0009646971620033372
2026-12,PEUGEOT,SUV,SIN DEFINIR,3008,Estimado,Modelo estadístico,4.373587007292807,0.000800183030277363
2026-12,PEUGEOT,SUV,SMALL,5008,Estimado,Modelo estadístico,0.42909945311385406,7.8507207038631e-05
2026-12,POLESTAR,SUV,SIN DEFINIR,4,Estimado,Modelo estadístico,0.03042960501372148,5.567341751615172e-06
2026-12,PORSCHE,AUTOMOVILES,SD,911,Estimado,Modelo estadístico,0.6457864201866752,0.00011815183595416888
2026-12,PORSCHE,AUTOMOVILES,SD,BOXSTER,Estimado,Modelo estadístico,0.09314337919968271,1.704133273077601e-05
2026-12,PORSCHE,AUTOMOVILES,SD,CAYMAN,Estimado,Modelo estadístico,0.06666256681905598,1.2196454451321768e-05
2026-12,PORSCHE,AUTOMOVILES,SD,CAYMAN GT4,Estimado,Modelo estadístico,0.013700942057802526,2.5066978924132822e-06
2026-12,PORSCHE,AUTOMOVILES,SD,TAYCAN,Estimado,Modelo estadístico,0.31420059559447977,5.748553402013317e-05
2026-12,PORSCHE,SUV,LARGE,CAYENNE,Estimado,Modelo estadístico,1.777553314541287,0.0003252177206804089
2026-12,PORSCHE,SUV,LARGE,CAYENNE EV,Estimado,Modelo estadístico,0.013700942057802526,2.5066978924132822e-06
2026-12,PORSCHE,SUV,LARGE,CAYENNE HV,Estimado,Modelo estadístico,0.040181754438429244,7.351576171867524e-06
2026-12,PORSCHE,SUV,SIN DEFINIR,MACAN,Estimado,Modelo estadístico,1.008458415834389,0.00018450560369452046
2026-12,PORSCHE,SUV,SIN DEFINIR,MACAN EV,Estimado,Modelo estadístico,1.3227741453957413,0.0002420122024028252
2026-12,POWERPLUS,CAMIONES,SIN DEFINIR,PT480TC,Estimado,Modelo estadístico,0.14618837420164216,2.6746342547875503e-05
2026-12,POWERPLUS,CAMIONES,[4] PESADO [HD],PD680TC-III,Estimado,Modelo estadístico,0.3347983164867695,6.125405324540905e-05
2026-12,POWERPLUS,CAMIONES,[4] PESADO [HD],PD880TC-III,Estimado,Modelo estadístico,0.1764156657157689,3.227666941241931e-05
2026-12,RAM,PANEL,SIN DEFINIR,V700,Estimado,Modelo estadístico,0.01424614693240925,2.6064475230842496e-06
2026-12,RAM,PICK-UP,LARGE,RAM 1500,Estimado,Modelo estadístico,7.198904201305975,0.001317097606351975
2026-12,RAM,PICK-UP,LARGE,RAM 1500 HEV,Estimado,Modelo estadístico,0.08133622146434685,1.4881117959726566e-05
2026-12,RAM,PICK-UP,LARGE,RAM 2500,Estimado,Modelo estadístico,2.986342881110911,0.0005463755247283175
2026-12,RAM,PICK-UP,LARGE,RAM 3500,Estimado,Modelo estadístico,1.0407307196847202,0.0001904100820656903
2026-12,RAM,PICK-UP,MEDIUM,RAM 1200 RAMPAGE,Estimado,Modelo estadístico,0.8395248202255632,0.0001535978393755492
2026-12,RAM,PICK-UP,SMALL,RAM 1000,Estimado,Modelo estadístico,0.01424614693240925,2.6064475230842496e-06
2026-12,RAM,PICK-UP,SMALL,RAM 700,Estimado,Modelo estadístico,5.461575243707911,0.0009992392563154143
2026-12,RENAULT,AUTOMOVILES,HB,KWID,Estimado,Modelo estadístico,0.3538362179091567,6.473719091361725e-05
2026-12,RENAULT,AUTOMOVILES,HB,KWID E-TECH,Estimado,Modelo estadístico,0.013705643727939794,2.507558100899253e-06
2026-12,RENAULT,AUTOMOVILES,HB,STEPWAY HB,Estimado,Modelo estadístico,0.061683084845700085,1.128541804847728e-05
2026-12,RENAULT,AUTOMOVILES,HB,TWIZY EV,Estimado,Modelo estadístico,0.013705643727939794,2.507558100899253e-06
2026-12,RENAULT,AUTOMOVILES,SD,LOGAN,Estimado,Modelo estadístico,0.013705643727939794,2.507558100899253e-06
2026-12,RENAULT,MICROBUS,SIN DEFINIR,MASTER,Estimado,Modelo estadístico,0.278392782648144,5.093420573439737e-05
2026-12,RENAULT,PANEL,SIN DEFINIR,DOKKER,Estimado,Modelo estadístico,0.013705643727939794,2.507558100899253e-06
2026-12,RENAULT,PANEL,SIN DEFINIR,EXPRESS,Estimado,Modelo estadístico,0.2099038945558758,3.8403611070883155e-05
2026-12,RENAULT,PANEL,SIN DEFINIR,KANGOO EV,Estimado,Modelo estadístico,0.013705643727939794,2.507558100899253e-06
2026-12,RENAULT,PANEL,SIN DEFINIR,KANGOO EXPRESS,Estimado,Modelo estadístico,0.013705643727939794,2.507558100899253e-06
2026-12,RENAULT,PANEL,SIN DEFINIR,MASTER,Estimado,Modelo estadístico,0.061683084845700085,1.128541804847728e-05
2026-12,RENAULT,PICK-UP,SMALL,OROCH,Estimado,Modelo estadístico,0.037694364286819944,6.896488074688267e-06
2026-12,RENAULT,SUV,SIN DEFINIR,ARKANA,Estimado,Modelo estadístico,0.06382732802414749,1.1677724638313174e-05
2026-12,RENAULT,SUV,SIN DEFINIR,ARKANA HEV,Estimado,Modelo estadístico,0.9088404169296301,0.00016627968704970264
2026-12,RENAULT,SUV,SIN DEFINIR,CAPTUR,Estimado,Modelo estadístico,0.013705643727939794,2.507558100899253e-06
2026-12,RENAULT,SUV,SIN DEFINIR,DUSTER,Estimado,Modelo estadístico,0.16407069661656287,3.001805771314101e-05
2026-12,RENAULT,SUV,SIN DEFINIR,KARDIAN,Estimado,Modelo estadístico,0.1430749821609322,2.617672235433126e-05
2026-12,RENAULT,SUV,SIN DEFINIR,KOLEOS,Estimado,Modelo estadístico,0.6116474707554779,0.00011190583971337379
2026-12,RIVIAN,SUV,SIN DEFINIR,R1S,Estimado,Modelo estadístico,0.35243633111386785,6.448107032975058e-05
2026-12,ROLLS-ROYCE,AUTOMOVILES,SD,GHOST,Estimado,Modelo estadístico,0.04962625137663908,9.079523087490887e-06
2026-12,RVIAN,PICK-UP,MEDIUM,R1T,Estimado,Modelo estadístico,0.03325281952956936,6.083871625754463e-06
2026-12,SAGMOTO,CAMIONES,SIN DEFINIR,X6S,Estimado,Modelo estadístico,0.06785930373427834,1.2415407125561615e-05
2026-12,SAGMOTO,CAMIONES,SIN DEFINIR,X9,Estimado,Modelo estadístico,0.10608989738739288,1.9410002689258296e-05
2026-12,SAGMOTO,CAMIONES,[2] LIVIANO [LD],I9,Estimado,Modelo estadístico,0.10608989738739288,1.9410002689258296e-05
2026-12,SAGMOTO,CAMIONES,[4] PESADO [HD],SX5253GS,Estimado,Modelo estadístico,0.06785930373427834,1.2415407125561615e-05
2026-12,SAGMOTO,CAMIONES,[4] PESADO [HD],X3S,Estimado,Modelo estadístico,0.2972428656529657,5.4382980507741726e-05
2026-12,SANY,CAMIONES,SIN DEFINIR,HQC42503S,Estimado,Modelo estadístico,0.23907917086280256,4.374146326532403e-05
2026-12,SANY,CAMIONES,[3] MEDIANO [MD],SYZ420C,Estimado,Modelo estadístico,2.2676297115168844,0.0004148811515771642
2026-12,SANY,CAMIONES,[4] PESADO [HD],HQC42593S,Estimado,Modelo estadístico,0.18112058398697164,3.3137472170700025e-05
2026-12,SANY,CAMIONES,[4] PESADO [HD],SY39 RZ5-165,Estimado,Modelo estadístico,0.18112058398697164,3.3137472170700025e-05
2026-12,SANY,CAMIONES,[4] PESADO [HD],SY410C,Estimado,Modelo estadístico,0.7607064527452808,0.0001391773831169401
2026-12,SANY,CAMIONES,[4] PESADO [HD],SYG5230THB,Estimado,Modelo estadístico,0.18112058398697164,3.3137472170700025e-05
2026-12,SANY,CAMIONES,[4] PESADO [HD],SYP5312JSQSQ3,Estimado,Modelo estadístico,0.29703775773863345,5.434545435994803e-05
2026-12,SCANIA,CAMIONES,SIN DEFINIR,G460,Estimado,Modelo estadístico,0.08122898018043914,1.4861497301583716e-05
2026-12,SCANIA,CAMIONES,SIN DEFINIR,P380,Estimado,Modelo estadístico,0.016445130956776022,3.008769392345169e-06
2026-12,SCANIA,CAMIONES,SIN DEFINIR,P410,Estimado,Modelo estadístico,0.016445130956776022,3.008769392345169e-06
2026-12,SCANIA,CAMIONES,SIN DEFINIR,P460,Estimado,Modelo estadístico,0.18089644052453627,3.309646331579687e-05
2026-12,SCANIA,CAMIONES,[4] PESADO [HD],G500,Estimado,Modelo estadístico,0.5147824326772615,9.41835994634109e-05
2026-12,SHACMAN,CAMIONES,SIN DEFINIR,F3000,Estimado,Modelo estadístico,1.074565650774395,0.00019660045569800094
2026-12,SHACMAN,CAMIONES,SIN DEFINIR,H3000,Estimado,Modelo estadístico,1.365756240278988,0.00024987612345298276
2026-12,SHACMAN,CAMIONES,SIN DEFINIR,L3000,Estimado,Modelo estadístico,0.10109603201368283,1.849633472726982e-05
2026-12,SHACMAN,CAMIONES,SIN DEFINIR,X3000,Estimado,Modelo estadístico,1.6690255667395262,0.0003053616935885998
2026-12,SHACMAN,CAMIONES,SIN DEFINIR,X5000,Estimado,Modelo estadístico,0.041625810595056566,7.61577789676152e-06
2026-12,SHACMAN,CAMIONES,[4] PESADO [HD],SX32556V384C,Estimado,Modelo estadístico,0.11549605418108604,2.1130934966103588e-05
2026-12,SHACMAN,CAMIONES,[4] PESADO [HD],SX33156V306C,Estimado,Modelo estadístico,0.2150860833076528,3.9351734314333375e-05
2026-12,SHACMAN,CAMIONES,[4] PESADO [HD],SX5255GJB6R384C,Estimado,Modelo estadístico,0.11549605418108604,2.1130934966103588e-05
2026-12,SINOTRUK,CAMIONES,SIN DEFINIR,HOMAN,Estimado,Modelo estadístico,4.654476123554986,0.0008515739603875486
2026-12,SINOTRUK,CAMIONES,SIN DEFINIR,HOWO,Estimado,Modelo estadístico,4.260806125426958,0.0007795488579930831
2026-12,SINOTRUK,CAMIONES,SIN DEFINIR,SITRAK,Estimado,Modelo estadístico,10.401698069284054,0.0019030745855132536
2026-12,SINOTRUK,CAMIONES,SIN DEFINIR,ZZ1067F341BD165,Estimado,Modelo estadístico,0.026208177324962393,4.794997496326446e-06
2026-12,SINOTRUK,CAMIONES,SIN DEFINIR,ZZ1168G4215C1,Estimado,Modelo estadístico,0.026208177324962393,4.794997496326446e-06
2026-12,SINOTRUK,CAMIONES,SIN DEFINIR,ZZ1257V5847N1,Estimado,Modelo estadístico,1.089098522226441,0.00019925936178532438
2026-12,SINOTRUK,CAMIONES,SIN DEFINIR,ZZ3256V364MC1,Estimado,Modelo estadístico,0.026208177324962393,4.794997496326446e-06
2026-12,SINOTRUK,CAMIONES,[4] PESADO [HD],HOVA,Estimado,Modelo estadístico,0.09687562739985094,1.772417765179347e-05
2026-12,SINOTRUK,PANEL,SIN DEFINIR,V VANGUARD,Estimado,Modelo estadístico,0.23821052754962796,4.358253796272751e-05
2026-12,SINOTRUK,PICK-UP,MEDIUM,BOLDEN,Estimado,Modelo estadístico,7.8923589487935,0.0014439707473869038
2026-12,SKYWELL,SUV,SIN DEFINIR,BE11,Estimado,Modelo estadístico,0.005513214410305481,1.0086870584833238e-06
2026-12,SMART,SUV,SIN DEFINIR,#1,Estimado,Modelo estadístico,0.25344835524497816,4.637042148254275e-05
2026-12,SMART,SUV,SIN DEFINIR,#3,Estimado,Modelo estadístico,0.2924404098980517,5.350433247985701e-05
2026-12,SOUEAST,SUV,SIN DEFINIR,DX3,Estimado,Modelo estadístico,0.019085713578550142,3.491885287939721e-06
2026-12,SOUEAST,SUV,SIN DEFINIR,DX7,Estimado,Modelo estadístico,0.019085713578550142,3.491885287939721e-06
2026-12,SOUEAST,SUV,SIN DEFINIR,S06,Estimado,Modelo estadístico,0.37454608254474225,6.852622774153542e-05
2026-12,SOUEAST,SUV,SIN DEFINIR,S07,Estimado,Modelo estadístico,3.322259513161852,0.0006078341828290669
2026-12,SOUEAST,SUV,SMALL,S08,Estimado,Modelo estadístico,0.1375725032339475,2.5169999439138284e-05
2026-12,SOUEAST,SUV,SMALL,S09,Estimado,Modelo estadístico,1.7868413350878762,0.00032691703897769106
2026-12,SSANG YONG,PICK-UP,MEDIUM,REXTON SPORT,Estimado,Modelo estadístico,0.012409783495500254,2.270470016020557e-06
2026-12,SSANG YONG,SUV,SIN DEFINIR,ACTYON,Estimado,Modelo estadístico,0.3903533595979479,7.141829661584308e-05
2026-12,SSANG YONG,SUV,SIN DEFINIR,TIVOLI,Estimado,Modelo estadístico,0.4504248299027531,8.240885678111786e-05
2026-12,SSANG YONG,SUV,SIN DEFINIR,TORRES,Estimado,Modelo estadístico,1.2379791306176273,0.0002264982702998569
2026-12,SSANG YONG,SUV,SIN DEFINIR,TORRES EV,Estimado,Modelo estadístico,0.012409783495500254,2.270470016020557e-06
2026-12,SSANG YONG,SUV,SMALL,REXTON,Estimado,Modelo estadístico,2.7603272952925866,0.0005050241497474489
2026-12,SUBARU,SUV,MEDIUM,EVOLTIS,Estimado,Modelo estadístico,0.23648512827977086,4.3266862245315134e-05
2026-12,SUBARU,SUV,SIN DEFINIR,CROSSTREK,Estimado,Modelo estadístico,6.5637404910711945,0.0012008892808904274
2026-12,SUBARU,SUV,SIN DEFINIR,FORESTER,Estimado,Modelo estadístico,5.44775124111458,0.0009967100435051403
2026-12,SUBARU,SUV,SIN DEFINIR,OUTBACK,Estimado,Modelo estadístico,0.28408978854604944,5.197651892841697e-05
2026-12,SUBARU,SUV,SIN DEFINIR,XV,Estimado,Modelo estadístico,0.02366249621935547,4.329244598806005e-06
2026-12,SUZUKI,AUTOMOVILES,HB,ALTO,Estimado,Modelo estadístico,5.966858609842243,0.001091684924913736
2026-12,SUZUKI,AUTOMOVILES,HB,BALENO,Estimado,Modelo estadístico,10.412717663043098,0.0019050907091005596
2026-12,SUZUKI,AUTOMOVILES,HB,CELERIO HB,Estimado,Modelo estadístico,4.742696346467157,0.0008677145619541564
2026-12,SUZUKI,AUTOMOVILES,HB,S-PRESSO,Estimado,Modelo estadístico,23.326657922549224,0.004267800272770303
2026-12,SUZUKI,AUTOMOVILES,HB,SWIFT HB,Estimado,Modelo estadístico,44.23160587978799,0.008092529168370385
2026-12,SUZUKI,AUTOMOVILES,SD,CIAZ,Estimado,Modelo estadístico,0.01582839705402516,2.8959329488595192e-06
2026-12,SUZUKI,AUTOMOVILES,SD,SWIFT D-ZIRE,Estimado,Modelo estadístico,7.891072753856769,0.0014437354276458571
2026-12,SUZUKI,PANEL,SIN DEFINIR,APV,Estimado,Modelo estadístico,16.505662759436273,0.00301984417402896
2026-12,SUZUKI,PANEL,SIN DEFINIR,EECO,Estimado,Modelo estadístico,3.6730955515833275,0.0006720224666991462
2026-12,SUZUKI,PASAJEROS,SIN DEFINIR,XL7,Estimado,Modelo estadístico,8.38219908727788,0.0015335909528864928
2026-12,SUZUKI,SUV,SIN DEFINIR,ACROSS,Estimado,Modelo estadístico,23.114891197888454,0.004229055841901908
2026-12,SUZUKI,SUV,SIN DEFINIR,E VITARA,Estimado,Modelo estadístico,0.35427620365965773,6.481768985659648e-05
2026-12,SUZUKI,SUV,SIN DEFINIR,FRONX,Estimado,Modelo estadístico,80.53954100582506,0.014735358842004722
2026-12,SUZUKI,SUV,SIN DEFINIR,GRAND VITARA,Estimado,Modelo estadístico,30.762731407670017,0.005628289913142684
2026-12,SUZUKI,SUV,SIN DEFINIR,JIMNY,Estimado,Modelo estadístico,138.7246386369268,0.025380791906856093
2026-12,SUZUKI,SUV,SIN DEFINIR,S CROSS,Estimado,Modelo estadístico,0.16317243483171198,2.9853713472181404e-05
2026-12,SUZUKI,SUV,SIN DEFINIR,VITARA,Estimado,Modelo estadístico,11.066631230380537,0.002024729472198001
2026-12,SWM,SUV,SIN DEFINIR,G01,Estimado,Modelo estadístico,1.4937156746244427,0.0002732873343781089
2026-12,TESLA,AUTOMOVILES,SD,MODEL 3 EV,Estimado,Modelo estadístico,0.10097167155046795,1.8473581977150513e-05
2026-12,TESLA,AUTOMOVILES,SD,MODEL S EV,Estimado,Modelo estadístico,0.14265722402543177,2.610029013285485e-05
2026-12,TESLA,PICK-UP,LARGE,CYBERTRUCK,Estimado,Modelo estadístico,0.25034490125242165,4.5802619535091055e-05
2026-12,TESLA,SUV,SIN DEFINIR,MODEL X,Estimado,Modelo estadístico,0.012968838547766525,2.37275364844135e-06
2026-12,TESLA,SUV,SIN DEFINIR,MODEL Y,Estimado,Modelo estadístico,0.7030963184110565,0.00012863714422621316
2026-12,TOYOTA,AUTOMOVILES,HB,AGYA,Estimado,Modelo estadístico,13.09497967818461,0.0023958321859923917
2026-12,TOYOTA,AUTOMOVILES,HB,YARIS GR,Estimado,Modelo estadístico,0.8210065787860389,0.0001502097776939643
2026-12,TOYOTA,AUTOMOVILES,HB,YARIS HB,Estimado,Modelo estadístico,1.0341210602577675,0.00018920079154499385
2026-12,TOYOTA,AUTOMOVILES,SD,BZ3,Estimado,Modelo estadístico,4.974648695957743,0.0009101521157482943
2026-12,TOYOTA,AUTOMOVILES,SD,COROLLA,Estimado,Modelo estadístico,1.579759834558521,0.00028902980766580484
2026-12,TOYOTA,AUTOMOVILES,SD,COROLLA GR,Estimado,Modelo estadístico,0.015431217504199663,2.823265745665981e-06
2026-12,TOYOTA,AUTOMOVILES,SD,COROLLA HV,Estimado,Modelo estadístico,1.5415629478613797,0.0002820413790616604
2026-12,TOYOTA,AUTOMOVILES,SD,YARIS SD,Estimado,Modelo estadístico,29.30694441689528,0.005361941937493847
2026-12,TOYOTA,BUSETAS,SIN DEFINIR,COASTER,Estimado,Modelo estadístico,3.2667717755072845,0.0005976822535349585
2026-12,TOYOTA,MICROBUS,SIN DEFINIR,HIACE,Estimado,Modelo estadístico,27.25157006040268,0.004985894615652486
2026-12,TOYOTA,PANEL,SIN DEFINIR,HIACE,Estimado,Modelo estadístico,3.7110643013287743,0.000678969155807307
2026-12,TOYOTA,PANEL,SIN DEFINIR,LITE ACE,Estimado,Modelo estadístico,19.866543476641443,0.0036347444177441623
2026-12,TOYOTA,PASAJEROS,SIN DEFINIR,AVANZA,Estimado,Modelo estadístico,3.132723133065219,0.0005731569728591654
2026-12,TOYOTA,PASAJEROS,SIN DEFINIR,SIENNA,Estimado,Modelo estadístico,0.0690464723859664,1.2632609208788502e-05
2026-12,TOYOTA,PICK-UP,LARGE,TUNDRA,Estimado,Modelo estadístico,0.8543238551215909,0.00015630544221242838
2026-12,TOYOTA,PICK-UP,LARGE,TUNDRA HEV,Estimado,Modelo estadístico,0.3286277367634068,6.012509589909923e-05
2026-12,TOYOTA,PICK-UP,MEDIUM,HI-LUX,Estimado,Modelo estadístico,170.21116978553468,0.03114150682241713
2026-12,TOYOTA,PICK-UP,MEDIUM,LAND CRUISER PK,Estimado,Modelo estadístico,5.905141796802208,0.0010803933360199768
2026-12,TOYOTA,PICK-UP,MEDIUM,TACOMA,Estimado,Modelo estadístico,2.6272771118359795,0.0004806815451988847
2026-12,TOYOTA,SUV,LARGE,LAND CRUISER,Estimado,Modelo estadístico,4.534279010992434,0.0008295829288611344
2026-12,TOYOTA,SUV,LARGE,LAND CRUISER 300,Estimado,Modelo estadístico,8.80510238431993,0.0016109645231795098
2026-12,TOYOTA,SUV,LARGE,LAND CRUISER 300 HEV,Estimado,Modelo estadístico,0.3433488952117279,6.281845061154205e-05
2026-12,TOYOTA,SUV,LARGE,SEQUOIA,Estimado,Modelo estadístico,0.22793081660317682,4.1701781905561924e-05
2026-12,TOYOTA,SUV,LARGE,SEQUOIA HEV,Estimado,Modelo estadístico,0.49569964982563475,9.069225037560772e-05
2026-12,TOYOTA,SUV,MEDIUM,4RUNNER,Estimado,Modelo estadístico,16.246143293358216,0.0029723629938361268
2026-12,TOYOTA,SUV,MEDIUM,4RUNNER HEV,Estimado,Modelo estadístico,0.41821889814511926,7.651652171981513e-05
2026-12,TOYOTA,SUV,MEDIUM,HIGHLANDER,Estimado,Modelo estadístico,0.041258134731038176,7.5485086309301785e-06
2026-12,TOYOTA,SUV,MEDIUM,HIGHLANDER HEV,Estimado,Modelo estadístico,0.11612813766442959,2.1246579739203275e-05
2026-12,TOYOTA,SUV,MEDIUM,LAND CRUISER LX,Estimado,Modelo estadístico,5.436334445862935,0.000994621248700033
2026-12,TOYOTA,SUV,MEDIUM,PRADO,Estimado,Modelo estadístico,92.25914249251734,0.016879554490937122
2026-12,TOYOTA,SUV,SIN DEFINIR,BZ4X,Estimado,Modelo estadístico,4.457734018342032,0.0008155784048698603
2026-12,TOYOTA,SUV,SIN DEFINIR,BZ5,Estimado,Modelo estadístico,0.3505318131340659,6.413262339917518e-05
2026-12,TOYOTA,SUV,SIN DEFINIR,C-HR,Estimado,Modelo estadístico,0.015431217504199663,2.823265745665981e-06
2026-12,TOYOTA,SUV,SIN DEFINIR,COROLLA CROSS,Estimado,Modelo estadístico,20.840530570781638,0.0038129432150107024
2026-12,TOYOTA,SUV,SIN DEFINIR,COROLLA CROSS HV,Estimado,Modelo estadístico,5.024675422111681,0.0009193049089274317
2026-12,TOYOTA,SUV,SIN DEFINIR,RAIZE,Estimado,Modelo estadístico,96.64076632420485,0.017681207923080786
2026-12,TOYOTA,SUV,SIN DEFINIR,RAV4,Estimado,Modelo estadístico,223.34673181176595,0.04086308660732661
2026-12,TOYOTA,SUV,SIN DEFINIR,RAV4 HV,Estimado,Modelo estadístico,24.063782068202634,0.004402663082536298
2026-12,TOYOTA,SUV,SIN DEFINIR,RUSH,Estimado,Modelo estadístico,30.181482793765866,0.005521945789556531
2026-12,TOYOTA,SUV,SIN DEFINIR,YARIS CROSS,Estimado,Modelo estadístico,145.95944094907478,0.026704457362222364
2026-12,TOYOTA,SUV,SIN DEFINIR,YARIS CROSS HV,Estimado,Modelo estadístico,10.200397667883934,0.001866245052930546
2026-12,TOYOTA,SUV,SMALL,FJ CRUISER,Estimado,Modelo estadístico,0.015431217504199663,2.823265745665981e-06
2026-12,TOYOTA,SUV,SMALL,FORTUNER,Estimado,Modelo estadístico,63.82004691260019,0.0116763925002096
2026-12,UD,CAMIONES,SIN DEFINIR,CRONER,Estimado,Modelo estadístico,0.5550045779098435,0.00010154256545695261
2026-12,UD,CAMIONES,SIN DEFINIR,QUESTER,Estimado,Modelo estadístico,0.36651245711027397,6.705641115081775e-05
2026-12,VGV,PICK-UP,MEDIUM,VX7,Estimado,Modelo estadístico,2.186091916772267,0.00039996315415946393
2026-12,VGV,SUV,SIN DEFINIR,U70-U75,Estimado,Modelo estadístico,44.6720086824731,0.008173104414411585
2026-12,VOLKSWAGEN,AUTOMOVILES,HB,ID3,Estimado,Modelo estadístico,0.06875504608540423,1.2579290415793755e-05
2026-12,VOLKSWAGEN,AUTOMOVILES,SD,ID.7,Estimado,Modelo estadístico,0.014534847446494548,2.6592676114506635e-06
2026-12,VOLKSWAGEN,AUTOMOVILES,SD,JETTA,Estimado,Modelo estadístico,0.09863457900452352,1.804599203956973e-05
2026-12,VOLKSWAGEN,BUS,SIN DEFINIR,17-260,Estimado,Modelo estadístico,0.3446665075051231,6.305951841147414e-05
2026-12,VOLKSWAGEN,CAMIONES,SIN DEFINIR,CONSTELLATION,Estimado,Modelo estadístico,3.3585538378928135,0.0006144745223711097
2026-12,VOLKSWAGEN,CAMIONES,SIN DEFINIR,DELIVERY,Estimado,Modelo estadístico,1.9307881528552187,0.0003532532706904226
2026-12,VOLKSWAGEN,CAMIONES,SIN DEFINIR,E-DELIVERY,Estimado,Modelo estadístico,0.014534847446494548,2.6592676114506635e-06
2026-12,VOLKSWAGEN,CAMIONES,SIN DEFINIR,METEOR,Estimado,Modelo estadístico,0.41367219365420493,7.568466544915013e-05
2026-12,VOLKSWAGEN,MICROBUS,SIN DEFINIR,VOLARE,Estimado,Modelo estadístico,0.014534847446494548,2.6592676114506635e-06
2026-12,VOLKSWAGEN,PICK-UP,MEDIUM,AMAROK,Estimado,Modelo estadístico,3.5510939667286614,0.0006497012924079149
2026-12,VOLKSWAGEN,PICK-UP,SMALL,SAVEIRO,Estimado,Modelo estadístico,3.171066976940188,0.000580172288464684
2026-12,VOLKSWAGEN,SUV,SIN DEFINIR,ATLAS,Estimado,Modelo estadístico,0.014534847446494548,2.6592676114506635e-06
2026-12,VOLKSWAGEN,SUV,SIN DEFINIR,ID.4,Estimado,Modelo estadístico,1.3750930813024602,0.0002515843738504076
2026-12,VOLKSWAGEN,SUV,SIN DEFINIR,ID.6,Estimado,Modelo estadístico,0.5708268014919663,0.00010443736891931834
2026-12,VOLKSWAGEN,SUV,SIN DEFINIR,ID.UNYX,Estimado,Modelo estadístico,1.2097288100267896,0.00022132964621646956
2026-12,VOLKSWAGEN,SUV,SIN DEFINIR,NIVUS,Estimado,Modelo estadístico,2.6273095552416903,0.0004806874809817218
2026-12,VOLKSWAGEN,SUV,SIN DEFINIR,T-CROSS,Estimado,Modelo estadístico,5.52169898725774,0.0010102393802926212
2026-12,VOLKSWAGEN,SUV,SIN DEFINIR,TAOS,Estimado,Modelo estadístico,1.4221405733763943,0.00026019209211733505
2026-12,VOLKSWAGEN,SUV,SIN DEFINIR,TERA,Estimado,Modelo estadístico,8.734899545275708,0.0015981203473607116
2026-12,VOLKSWAGEN,SUV,SIN DEFINIR,TIGUAN,Estimado,Modelo estadístico,3.617560373120608,0.0006618618577264212
2026-12,VOLVO,AUTOMOVILES,SD,S60,Estimado,Modelo estadístico,0.01105629233410252,2.022837887706902e-06
2026-12,VOLVO,BUS,SIN DEFINIR,B430R,Estimado,Modelo estadístico,0.11890928853433809,2.1755413729936986e-05
2026-12,VOLVO,BUS,SIN DEFINIR,B450R,Estimado,Modelo estadístico,0.2267622847345736,4.148798957216706e-05
2026-12,VOLVO,CAMIONES,SIN DEFINIR,FM,Estimado,Modelo estadístico,0.01105629233410252,2.022837887706902e-06
2026-12,VOLVO,SUV,MEDIUM,EX90,Estimado,Modelo estadístico,0.2464021496098343,4.508126131088382e-05
2026-12,VOLVO,SUV,MEDIUM,XC90,Estimado,Modelo estadístico,0.01105629233410252,2.022837887706902e-06
2026-12,VOLVO,SUV,MEDIUM,XC90 B6-T8,Estimado,Modelo estadístico,0.2675036674944686,4.894195426068071e-05
2026-12,VOLVO,SUV,SIN DEFINIR,C40 P8,Estimado,Modelo estadístico,0.836213326680607,0.00015299197491346614
2026-12,VOLVO,SUV,SIN DEFINIR,EX30,Estimado,Modelo estadístico,10.051643176723013,0.0018390292185808388
2026-12,VOLVO,SUV,SIN DEFINIR,EX40,Estimado,Modelo estadístico,2.222042714438931,0.0004065406426534235
2026-12,VOLVO,SUV,SIN DEFINIR,XC40,Estimado,Modelo estadístico,0.8606026709477137,0.00015745420222701656
2026-12,VOLVO,SUV,SIN DEFINIR,XC60 B5-B6,Estimado,Modelo estadístico,1.187541961578943,0.00021727038328338993
2026-12,VOLVO,SUV,SIN DEFINIR,XC60 T8,Estimado,Modelo estadístico,0.45872783997978256,8.392795946566085e-05
2026-12,VOYAH - DONGFENG,SUV,SIN DEFINIR,COURAGE,Estimado,Modelo estadístico,0.03394979400030217,6.211388728555204e-06
2026-12,WELTMEISTER,SUV,SIN DEFINIR,EX5,Estimado,Modelo estadístico,0.23276973670698556,4.258710138028125e-05
2026-12,WULING,AUTOMOVILES,HB,BINGO,Estimado,Modelo estadístico,4.015641773126886,0.0007346940616869065
2026-12,WULING,AUTOMOVILES,HB,MINI EV,Estimado,Modelo estadístico,0.016754874549394245,3.0654394817104805e-06
2026-12,WULING,MICROBUS,SIN DEFINIR,LZW6500BEVA3,Estimado,Modelo estadístico,0.47823104109183273,8.749622746625772e-05
2026-12,WULING,PANEL,SIN DEFINIR,EV50,Estimado,Modelo estadístico,2.595543143405365,0.0004748755596361891
2026-12,WULING,PANEL,SIN DEFINIR,YANGGUANG,Estimado,Modelo estadístico,1.5656483383701734,0.0002864479955827456
2026-12,WULING,PASAJEROS,SIN DEFINIR,ZENGCHENG,Estimado,Modelo estadístico,0.157543797118184,2.8823908789106826e-05
2026-12,WULING,PICK-UP,SMALL,RONGGUANG,Estimado,Modelo estadístico,0.10905010785788198,1.9951597078619937e-05
2026-12,WULING,SUV,SIN DEFINIR,XINGCHI,Estimado,Modelo estadístico,0.016754874549394245,3.0654394817104805e-06
2026-12,XCMG,CAMIONES,SIN DEFINIR,SLM2600S,Estimado,Modelo estadístico,0.05385794723046101,9.853745986424216e-06
2026-12,XCMG,CAMIONES,[3] MEDIANO [MD],SLM4,Estimado,Modelo estadístico,0.0907891110456343,1.661060037711511e-05
2026-12,XCMG,CAMIONES,[4] PESADO [HD],XGA3251D3WC,Estimado,Modelo estadístico,0.05385794723046101,9.853745986424216e-06
2026-12,XIAOMI,AUTOMOVILES,SD,SU7,Estimado,Modelo estadístico,0.015677237383908457,2.8682770676142116e-06
2026-12,XIAOMI,SUV,SIN DEFINIR,YU7,Estimado,Modelo estadístico,0.48807771270633277,8.929775548376338e-05
2026-12,XPENG,AUTOMOVILES,SD,P7,Estimado,Modelo estadístico,0.06926342213247419,1.2672301915321843e-05
2026-12,XPENG,PASAJEROS,SIN DEFINIR,X9,Estimado,Modelo estadístico,0.35534267358699123,6.501280913437247e-05
2026-12,XPENG,SUV,MEDIUM,G9,Estimado,Modelo estadístico,0.6339297281635434,0.00011598255848551103
2026-12,XPENG,SUV,SIN DEFINIR,G3,Estimado,Modelo estadístico,0.012047571841570782,2.2042004715117203e-06
2026-12,XPENG,SUV,SIN DEFINIR,G6,Estimado,Modelo estadístico,1.2068123205946097,0.00022079605094381987
2026-12,XPENG,SUV,SIN DEFINIR,G7,Estimado,Modelo estadístico,0.12647927242337761,2.314040335913197e-05
2026-12,YAXING,BUS,SIN DEFINIR,YBL6125H,Estimado,Modelo estadístico,0.04962625137663908,9.079523087490887e-06
2026-12,YUTONG,BUS,SIN DEFINIR,ZK6117H,Estimado,Modelo estadístico,0.13047256385506842,2.3871008245524495e-05
2026-12,YUTONG,BUS,SIN DEFINIR,ZK6132H,Estimado,Modelo estadístico,0.13047256385506842,2.3871008245524495e-05
2026-12,YUTONG,BUSETAS,SIN DEFINIR,ZK6729D2,Estimado,Modelo estadístico,0.4143207891052315,7.580333121996048e-05
2026-12,YUTONG,BUSETAS,SIN DEFINIR,ZK6860D D9,Estimado,Modelo estadístico,0.475145408801695,8.69316861430539e-05
2026-12,YUTONG,BUSETAS,SIN DEFINIR,ZK6907H C9,Estimado,Modelo estadístico,0.4176999346439239,7.642157316013234e-05
2026-12,YUTONG,MICROBUS,SIN DEFINIR,ZK6600DQ,Estimado,Modelo estadístico,0.4503650081846174,8.239791191512698e-05
2026-12,ZEEKR,AUTOMOVILES,SD,001,Estimado,Modelo estadístico,0.9972921555469312,0.00018246264628249574
2026-12,ZEEKR,AUTOMOVILES,SD,007,Estimado,Modelo estadístico,0.7522078356255253,0.00013762249254571936
2026-12,ZEEKR,PASAJEROS,SIN DEFINIR,09,Estimado,Modelo estadístico,0.654878017599683,0.00011981521705436689
2026-12,ZEEKR,SUV,LARGE,9X,Estimado,Modelo estadístico,1.3799670885288133,0.0002524761127972889
2026-12,ZEEKR,SUV,SIN DEFINIR,7X,Estimado,Modelo estadístico,9.966141666122368,0.0018233860273669372
2026-12,ZEEKR,SUV,SIN DEFINIR,X,Estimado,Modelo estadístico,5.220399856896326,0.0009551142734294185
2026-12,ZHONGKE,CAMIONES,[4] PESADO [HD],315,Estimado,Modelo estadístico,0.09925250275327815,1.8159046174981773e-05
2026-12,ZOOMLION,CAMIONES,[4] PESADO [HD],ZAT300V8G,Estimado,Modelo estadístico,0.04962625137663908,9.079523087490887e-06
2026-12,ZOOMLION,CAMIONES,[4] PESADO [HD],ZTC250V5-1,Estimado,Modelo estadístico,0.04962625137663908,9.079523087490887e-06
2026-12,ZX,PICK-UP,MEDIUM,GRAND LION,Estimado,Modelo estadístico,0.5244753928721284,9.595700473650901e-05
2026-12,ZX,PICK-UP,MEDIUM,GRAND TIGER,Estimado,Modelo estadístico,0.05683169891803248,1.039781785070531e-05
2026-12,ZX,PICK-UP,MEDIUM,TERRALORD,Estimado,Modelo estadístico,0.21271293023606447,3.891754681263988e-05
